ID,version,HIP,TYC,UCAC,TWOMASS,SDSS,ALLWISE,GAIA,APASS,KIC,objType,typeSrc,ra,dec,POSflag,pmRA,e_pmRA,pmDEC,e_pmDEC,PMflag,plx,e_plx,PARflag,gallong,gallat,eclong,eclat,Bmag,e_Bmag,Vmag,e_Vmag,umag,e_umag,gmag,e_gmag,rmag,e_rmag,imag,e_imag,zmag,e_zmag,Jmag,e_Jmag,Hmag,e_Hmag,Kmag,e_Kmag,TWOMflag,prox,w1mag,e_w1mag,w2mag,e_w2mag,w3mag,e_w3mag,w4mag,e_w4mag,GAIAmag,e_GAIAmag,Tmag,e_Tmag,TESSflag,SPFlag,Teff,e_Teff,logg,e_logg,MH,e_MH,rad,e_rad,mass,e_mass,rho,e_rho,lumclass,lum,e_lum,d,e_d,ebv,e_ebv,numcont,contratio,disposition,duplicate_id,priority,eneg_EBV,epos_EBV,EBVflag,eneg_Mass,epos_Mass,eneg_Rad,epos_Rad,eneg_rho,epos_rho,eneg_logg,epos_logg,eneg_lum,epos_lum,eneg_dist,epos_dist,distflag,eneg_Teff,epos_Teff,TeffFlag,gaiabp,e_gaiabp,gaiarp,e_gaiarp,gaiaqflag,starchareFlag,VmagFlag,BmagFlag,splists,e_RA,e_Dec,RA_orig,Dec_orig,e_RA_orig,e_Dec_orig,raddflag,wdflag,objID,source_id,ruwe
167085988,20190415,,8906-00402-1,115-012519,06232352-6711147,,J062323.53-671114.7,5.283379119246397e+18,32461888,,STAR,tmgaia2,95.8480646948817,-67.1874612137996,tmgaia2,2.39907,0.041842,5.34305,0.0502183,gaia2,1.26768,0.0221712,gaia2,277.209466487585,-27.5444693706122,197.939505605543,-87.6201806549282,12.702,0.478,12.209,0.033,,,,,,,,,,,11.152,0.021,10.88,0.025,10.801,0.023,AAA-222-111-000-0-0,,10.782,0.023,10.818,0.02,10.786,0.052,9.581,,12.1093,0.000242,11.7155,0.006,rered,gaia2,6223.0,133.792,3.79957,0.0841556,,,2.28474,0.108889,1.2,0.168212,0.100617,0.0230948,DWARF,7.05291271,0.371165,771.346,13.2925,0.0488879,0.00985937,505,0.0380837172,,,0.000753450731,0.0107459,0.00897284,schlegel,0.129387,0.207037,0.101909,0.11587,0.018446,0.0277436,0.0754635,0.0928478,0.401589,0.340741,13.067,13.518,bj2018,134.288,133.297,dered,12.4106,0.000827,11.6617,0.000835,1,,tycho2v3,tycho2b3,,0.778879009076619,0.778866656380618,95.848091336274,-67.1874382090031,0.0212315027173512,0.0274255689859268,1,0,562853313,5.283379119246397e+18,0.98078746
340008224,20190415,,,154-010651,07315842-5913519,,J073158.42-591352.3,5.293549326921241e+18,27373108,,STAR,tmgaia2,112.993397130471,-59.231114541526,tmgaia2,4.06943,0.0469127,-33.9385,0.0469882,gaia2,2.41378,0.0241483,gaia2,270.926629597172,-18.161064170408,155.686328377232,-77.3330168940218,13.543,0.026,12.886,0.092,,,,,,,,,,,11.355,0.022,10.993,0.022,10.892,0.021,AAA-222-111-000-0-0,,10.852,0.023,10.893,0.02,10.817,0.06,9.637,,12.6262,0.000216,12.1093,0.006,rered,spect,5774.03,115.773,4.24736,0.0729804,-0.137567,0.1,1.26407,0.0600804,1.03,0.125461,0.509944,0.107206,DWARF,1.60012555,0.06732205,409.428,4.079,0.145477,0.01037026,171,0.0338522121,,,0.00126191,0.0113751,0.00936542,schlegel,0.121158,0.129764,0.0630487,0.0571121,0.0889568,0.125455,0.0674138,0.0785471,0.0598111,0.074833,4.039,4.119,bj2018,109.664,121.883,spect,13.0453,0.001296,12.0535,0.000884,1,,ucac4,apassdr9,,0.836695374210533,0.728716686174706,112.993431379821,-59.2312606656254,0.0216141639907536,0.0241290397039583,1,0,598945488,5.293549326921241e+18,1.084057
183802460,20190415,,9142-00925-1,076-001323,01225954-7448308,,J012259.71-744830.9,4.638000668871864e+18,33510593,,STAR,tmgaia2,20.7482273784894,-74.8085596874338,tmgaia2,58.2766,0.0458743,-13.1765,0.0455325,gaia2,3.47175,0.0240151,gaia2,300.151399364171,-42.1488997772472,309.364650290251,-67.2717969664057,12.863,0.341,12.13,0.024,,,,,,,,,,,11.097,0.024,10.715,0.021,10.668,0.024,AAA-222-111-000-0-0,,10.625,0.023,10.665,0.02,10.635,0.066,9.115,,12.2269,0.000228,11.7551,0.006,rered,spect,5549.65,124.656,4.40643,0.0785424,-0.412361,0.0682608,1.02668,0.0540302,0.98,0.121336,0.905577,0.195892,DWARF,0.9007912,0.0338813,285.673,1.9745,0.0496744,0.01036965,224,0.0314781629,,,0.00107561087,0.0107349,0.0100044,schlegel,0.121378,0.121294,0.0607884,0.0472719,0.195889,0.195895,0.0843797,0.072705,0.0344489,0.0333137,1.961,1.988,bj2018,101.786,147.525,spect,12.6024,0.001632,11.6998,0.000477,1,,tycho2v3,tycho2b3,,0.895444268998997,0.706113932307369,20.7491848977473,-74.8086164216104,0.0242755283262811,0.022550604415697,1,0,515214166,4.638000668871864e+18,1.0428271
280910840,20190415,,9388-00375-1,056-004792,06474171-7855147,,J064741.66-785514.1,5.211513596141304e+18,34639673,,STAR,tmgaia2,101.92384248479,-78.9207345886806,tmgaia2,-17.5479,0.0365594,49.1602,0.0552026,gaia2,2.52104,0.0221928,gaia2,290.505214000284,-26.7615234997756,259.671374465257,-77.2060030514597,11.653,0.127,10.993,0.009,,,,,,,,,,,9.974,0.026,9.653,0.022,9.628,0.021,AAA-222-111-000-0-0,,9.526,0.023,9.534,0.02,9.494,0.03,9.429,0.416,11.004,0.000365,10.5947,0.0061,rered,gaia2,7093.0,134.193,4.04899,0.0816422,,,1.96106,0.0785678,1.57,0.254728,0.208176,0.0443533,DWARF,8.76989,0.445492,392.191,3.4395,0.268749,0.00981802,105,0.0120064011,,,0.00175552885,0.00928564,0.0103504,schlegel,0.17539,0.334066,0.0718744,0.0852613,0.0319109,0.0567956,0.0598443,0.10344,0.464851,0.426133,3.41,3.469,bj2018,128.703,139.684,dered,11.3277,0.001253,10.5316,0.000715,1,,tycho2v3,tycho2b3,,0.734256598672326,0.855975231623997,101.92344931885,-78.920522926972,0.0206156326945436,0.023943144523339,1,0,571930831,5.211513596141304e+18,1.0528271
238173138,20190415,,,096-088149,23491790-7051292,,J234917.94-705129.3,6.386341976577764e+18,34541451,,STAR,tmgaia2,357.324649470288,-70.858138259448,tmgaia2,13.8732,0.0267464,-9.70272,0.0257677,gaia2,2.46682,0.0158857,gaia2,310.11616437611,-45.3934143303371,310.038577865079,-59.3914382277556,14.231,0.027,13.386,0.057,,,,,,,,,,,11.891,0.023,11.45,0.022,11.373,0.021,AAA-222-111-000-0-0,,11.325,0.023,11.38,0.021,11.264,0.131,9.292,,13.1887,0.000345,12.6516,0.006,rered,gaia2,5238.0,127.843,4.36711,0.0830263,,,1.02371,0.0575277,0.89,0.109678,0.829585,0.195401,DWARF,0.7107379,0.0234006,400.692,2.5695,0.0235001,0.01040915,79,0.00182878878,,,0.0005738693,0.0100599,0.0107584,schlegel,0.111668,0.107687,0.0597045,0.0553508,0.147321,0.243481,0.0752272,0.0908255,0.0233898,0.0234114,2.553,2.586,bj2018,96.2899,159.397,dered,13.6334,0.00152,12.5941,0.000916,1,,ucac4,apassdr9,,0.508966900209439,0.399594760470419,357.324831630512,-70.858180035138,0.0138742325722988,0.0124952717052906,1,0,1725728945,6.386341976577764e+18,1.0304284
340007870,20190415,,,152-010770,07320229-5941237,,J073202.36-594125.0,5.293500467372993e+18,27373205,,STAR,tmgaia2,113.009537337485,-59.6899689265056,tmgaia2,52.8576,0.036667,-110.139,0.037595,gaia2,9.08804,0.0191949,gaia2,271.375648018384,-18.3306566676125,157.233134066682,-77.6466643771502,13.511,0.016,12.42,0.08,,,,,,,,,,,10.45,0.023,9.899,0.022,9.793,0.023,AAA-222-111-000-0-0,,9.713,0.023,9.794,0.02,9.7,0.029,9.481,0.368,12.0947,0.000181,11.4181,0.006,rered,spect,4568.0,180.128,4.61669,0.129926,,,0.690803,0.076799,0.72,0.0843541,2.18409,0.856142,DWARF,0.187200814,0.01321645,109.686,0.233,0.0561446,0.0101384548,176,0.0419310145,,,0.00514540728,0.0105484,0.00972851,schlegel,0.0593123,0.109396,0.0768271,0.0767709,0.609433,1.10285,0.151933,0.107919,0.0104727,0.0159602,0.233,0.233,bj2018,161.59,198.666,spect,12.7125,0.001223,11.3689,0.000562,1,,ucac4,apassdr9,,0.655470989797891,0.583081792008297,113.009988280434,-59.690443136866,0.0173536987262654,0.0204661712432205,1,0,600387343,5.293500467372993e+18,1.0595546
261258452,20190415,,,056-004070,05592890-7851453,,J055928.96-785145.3,4.62365152673299e+18,34626417,,STAR,tmgaia2,89.8704686335408,-78.8626051315344,tmgaia2,15.4748,0.0380897,3.30501,0.0377809,gaia2,2.02332,0.016534,gaia2,290.494706026311,-29.080362873712,270.117407637174,-77.6980607399985,13.934,0.028,13.177,0.08,,,,,,,,,,,11.673,0.026,11.29,0.022,11.272,0.024,AAA-222-111-000-0-0,,11.19,0.023,11.242,0.021,11.142,0.093,9.658,,12.9367,0.000344,12.4135,0.006,rered,gaia2,5592.0,136.211,4.19574,0.0802418,,,1.31516,0.0707035,0.99,0.123929,0.435207,0.097884,DWARF,1.52378321,0.0551369,487.292,3.956,0.0959785,0.00998584,134,0.08735568,,,0.00107468572,0.00800978,0.0119619,schlegel,0.127688,0.120169,0.0717779,0.0696291,0.0964561,0.0993119,0.0864187,0.0740649,0.0466785,0.0635953,3.924,3.988,bj2018,126.059,146.363,dered,13.3642,0.001172,12.3587,0.001148,1,,ucac4,apassdr9,,0.764546431811975,0.585855639349279,89.8708135641187,-78.862590901827,0.016357534844499,0.0171710192402873,1,0,555378992,4.62365152673299e+18,1.1417133
176933558,20190415,,,115-013182,06411746-6703389,,J064117.46-670338.7,5.280437307164274e+18,32459234,,STAR,tmgaia2,100.322803535144,-67.0608240001835,tmgaia2,0.159653,0.0460208,16.7268,0.0463208,gaia2,1.629,0.0265266,gaia2,277.306067260275,-25.8028929981943,191.741642243576,-85.9093770719972,13.356,0.026,12.751,0.08,,,,,,,,,,,11.564,0.023,11.289,0.021,11.242,0.023,AAA-222-111-000-0-0,,11.198,0.023,11.239,0.021,11.193,0.07,9.545,,12.6044,0.000318,12.1839,0.006,rered,spect,5855.88,123.259,4.04524,0.077627,0.0960698,0.1,1.61833,0.0850879,1.06,0.133673,0.250095,0.0550839,DWARF,2.77458,0.144138,603.287,9.729,0.049549,0.0107605,206,0.0306008924,,,0.0009750541,0.0103778,0.0111432,schlegel,0.147496,0.119849,0.0785688,0.091607,0.0518664,0.0583014,0.0871396,0.0681143,0.163191,0.125085,9.575,9.883,bj2018,129.345,117.173,spect,12.9274,0.000576,12.1266,0.000362,1,,ucac4,apassdr9,,0.85602579092989,0.718430799906245,100.322805298809,-67.0607519820172,0.0228721284671443,0.025660223930583,1,0,569247385,5.280437307164274e+18,1.2231767
201294090,20190415,,,171-000220,00122830-5558135,,J001228.28-555813.6,4.922628770052049e+18,27129966,,STAR,tmgaia2,3.11791861295456,-55.9704139095875,tmgaia2,-12.0546,0.0360666,-5.80696,0.0386316,gaia2,2.56297,0.0272763,gaia2,313.955357793702,-60.316073121676,331.632338981772,-50.5762029869427,11.911,0.025,11.549,0.057,,,,,,,,,,,10.63,0.026,10.447,0.024,10.401,0.025,AAA-222-111-000-0-0,,10.329,0.023,10.351,0.02,10.386,0.07,9.037,,11.4091,0.000419,11.0904,0.006,rered,gaia2,6551.0,128.788,4.30723,0.0877151,,,1.35577,0.0561935,1.36,0.221682,0.54573,0.126255,DWARF,3.04999542,0.1471545,385.861,4.092,0.0112844,0.0101257749,45,0.0295543317,,,0.0008213135,0.00814155,0.01211,schlegel,0.155585,0.287778,0.0660166,0.0463704,0.112243,0.140267,0.0877188,0.0877115,0.138257,0.156052,4.05,4.134,bj2018,133.152,124.423,dered,11.6407,0.001264,11.0367,0.000888,1,,ucac4,apassdr9,,0.633378983065829,0.599096572148002,3.11782586847677,-55.9704389118113,0.0202109305894296,0.0191697202756198,1,0,508156256,4.922628770052049e+18,1.0151677
394482589,20190415,,,180-225761,21041742-5402528,,J210417.44-540252.8,6.464188671134817e+18,26912254,,STAR,tmgaia2,316.072611163176,-54.0480003426056,tmgaia2,8.5434,0.0618521,-6.15742,0.0700313,gaia2,2.69248,0.046819,gaia2,343.496177900893,-40.9450696524912,301.291296469549,-35.4993886598454,13.573,0.03,12.883,0.08,,,,,,,,,,,11.592,0.023,11.24,0.025,11.162,0.023,AAA-222-111-000-0-0,,11.124,0.023,11.156,0.021,10.956,0.123,9.069,,12.7243,0.000235,12.2582,0.006,rered,gaia2,5676.0,133.566,4.46479,0.0770625,,,0.974539,0.0525879,1.01,0.120521,1.09125,0.240611,DWARF,0.8881011,0.043523,367.625,6.378,0.0299378,0.0100550549,94,0.0333277844,,,0.000521920156,0.0111229,0.00898721,schlegel,0.108821,0.132221,0.0420693,0.0631065,0.199765,0.281457,0.0600515,0.0940735,0.0392888,0.0477572,6.269,6.487,bj2018,125.37,141.761,dered,13.0869,0.0015,12.1954,0.001705,1,,ucac4,apassdr9,,1.07667164380337,1.08605250758835,316.072673816263,-54.048026853736,0.0314364446664895,0.0351004041060767,1,0,1711463258,6.464188671134817e+18,0.97847515
150274606,20190415,,,142-007308,06191859-6143487,,J061918.58-614348.6,5.481449640699025e+18,29867622,,STAR,tmgaia2,94.8274497975377,-61.7302053160317,tmgaia2,1.79863,0.0436548,12.423,0.0451369,gaia2,1.23208,0.0235976,gaia2,271.0393036354,-27.4190443305606,115.741110960649,-84.7343157858925,13.207,0.017,12.829,0.126,,,,,,,,,,,11.859,0.023,11.738,0.025,11.669,0.021,AAA-222-111-000-0-0,,11.678,0.023,11.696,0.021,11.703,0.118,9.609,,12.6933,0.000195,12.38,0.006,rered,spect,6423.47,118.768,4.10138,0.0886825,-0.221986,0.1,1.68002,0.0835477,1.3,0.19397,0.274158,0.0655241,DWARF,4.32914639,0.257074,793.128,14.9585,0.0476431,0.00985123,118,0.0440018177,,,0.000837113534,0.00857096,0.0111315,schlegel,0.202875,0.185064,0.0983347,0.0687608,0.0444667,0.0865815,0.0818595,0.0955054,0.261591,0.252557,14.682,15.235,bj2018,138.757,98.7794,spect,12.9214,0.001545,12.3243,0.000834,1,,ucac4,apassdr9,,0.788540907241719,0.70005259428465,94.8274661482757,-61.7301518281156,0.0199457028627594,0.0245512085826078,1,0,561573448,5.481449640699025e+18,0.9981507
53814555,20190415,,,303-276118,21485811-2933441,,J214858.15-293343.8,6.617407815487635e+18,14724467,,STAR,tmgaia2,327.242205294041,-29.5622181347282,tmgaia2,36.953,0.0648456,10.3597,0.0536271,gaia2,3.38319,0.041693,gaia2,18.3537325757733,-50.0345133859176,319.350281094725,-15.3932744872596,11.725,0.016,11.421,0.034,,,,,,,,,,,10.353,0.025,10.125,0.022,10.105,0.02,AAA-222-111-000-0-0,,10.054,0.023,10.083,0.021,10.137,0.068,9.021,,11.1739,0.000593,10.8402,0.0061,rered,gaia2,6526.0,128.99,4.42138,0.0861788,,,1.18181,0.0539598,1.344,0.211368,0.814258,0.184209,DWARF,2.28231,0.1099661,293.138,3.6105,0.0284838,0.006615995,69,0.0020625114,,,0.0008327792,0.00659947,0.00663252,panstarrs,0.179094,0.243641,0.0622387,0.0456809,0.152884,0.215534,0.0888001,0.0835575,0.0810622,0.13887,3.567,3.654,bj2018,122.026,135.954,dered,11.4214,0.001534,10.7878,0.000609,1,,ucac4,apassdr9,,1.04009723635259,0.831741868722611,327.242388209026,-29.5621735305892,0.0350495563707136,0.0294578455454394,1,0,1716974432,6.617407815487635e+18,1.0439581
238178319,20190415,,,,23540057-6639442,,J235400.66-663944.2,6.389132571448586e+18,,,STAR,tmgaia2,358.502327990366,-66.6623254599192,tmgaia2,60.1935,0.10349,15.7946,0.107073,gaia2,11.2187,0.0608484,gaia2,311.628806346503,-49.4849264187294,316.581594937815,-56.9611244785844,18.746,0.166,,,,,,,,,,,,,12.907,0.026,12.332,0.026,12.078,0.026,AAA-222-111-000-0-0,,11.912,0.023,11.744,0.02,11.974,0.231,8.494,,15.8631,0.000768,14.5541,0.00739598,cdwrf,cdwrf,3269.0,157.0,4.95614,0.00888478,,,0.273647,0.00846429,0.246864,0.0202811,12.0472,0.126051,DWARF,0.007704346,0.00196810858,88.9118,0.4847,0.0,0.0,68,0.00605777139,,,0.0008640249,0.0,0.0,,,,,,,,,,,,0.4821,0.4873,bj2018,,,cdwrf,17.4568,0.006822,14.6353,0.001639,1,,,bpbj,cooldwarfs_v8,1.92071791407737,1.66050716595476,358.502982204412,-66.6622574567494,0.055979122202722,0.053919684669637,1,0,1725950377,6.389132571448586e+18,1.0949155
280914105,20190415,,,050-004547,06511474-8005580,,J065115.33-800559.1,5.207827380329745e+18,35222820,,STAR,tmgaia2,102.811327243189,-80.0994443173555,tmgaia2,152.191,0.0787358,-115.921,0.0923784,gaia2,17.4839,0.0485925,gaia2,291.835503982947,-26.7001761997487,260.900043151094,-76.0506712816969,,,16.24,1.133,,,,,,,,,,,11.809,0.027,11.302,0.024,11.065,0.024,AAA-222-111-000-0-0,,10.915,0.024,10.708,0.021,10.544,0.054,9.514,,14.7762,0.000639,13.4647,0.00753378,cdwrf,cdwrf,3271.0,157.0,4.94957,0.0083491,,,0.279125,0.00849305,0.25299,0.0202208,11.6334,0.130203,DWARF,0.008035527,0.00204349053,57.1017,0.15965,0.0,0.0,137,0.07342993,,,0.004267983,0.0,0.0,,,,,,,,,,,,0.1592,0.1601,bj2018,,,cdwrf,16.3632,0.003295,13.5462,0.002304,1,,ucac4,,cooldwarfs_v8,1.59479171675363,1.43272575870001,102.815138293205,-80.0999434431332,0.0398728727428585,0.0496502635590052,1,0,573718877,5.207827380329745e+18,1.1167423
176934407,20190415,,8907-01345-1,120-011011,06420923-6605393,,J064209.21-660538.6,5.283545248579599e+18,31813379,,STAR,tmgaia2,100.538487182399,-66.0942283561087,tmgaia2,-11.0223,0.0464307,57.1888,0.0539826,gaia2,5.98238,0.027082,gaia2,276.263290143222,-25.5610177997147,178.554402492585,-85.7482296804822,9.395,0.036,9.004,0.003,,,,,,,,,,,8.286,0.023,8.213,0.059,8.107,0.053,AAA-111-111-000-0-0,,8.08,0.023,8.101,0.02,8.085,0.019,7.962,0.096,8.93942,0.000141,8.6719,0.006,rered,gaia2,6949.0,128.393,4.18704,0.0872386,,,1.64601,0.0656407,1.52,0.262299,0.340834,0.0764143,DWARF,5.69181538,0.270362,166.357,0.755,0.0229197,0.0100160353,162,0.00108309183,,,0.00754835038,0.0125112,0.00752087,schlegel,0.189918,0.33468,0.0691794,0.062102,0.0713435,0.0814852,0.0758483,0.0986288,0.283199,0.257525,0.752,0.758,bj2018,130.762,126.023,dered,9.14532,0.000495,8.6344,0.000447,1,,tycho2v3,tycho2b3,,0.858871960271376,0.837290075128702,100.538370071885,-66.0939821265983,0.0226714932009074,0.0306116803024184,1,0,570034067,5.283545248579599e+18,0.8361205
234331631,20190415,,,112-002077,02225813-6736182,,J022258.19-673618.2,4.69614806213172e+18,32408573,,STAR,tmgaia2,35.742415854217,-67.6050689949184,tmgaia2,12.1448,0.0603082,-5.78447,0.0443469,gaia2,3.01318,0.0256983,gaia2,290.332651707123,-47.2214251595646,332.120154334676,-69.5227713231693,12.097,0.022,11.654,0.034,,,,,,,,,,,10.571,0.023,10.329,0.025,10.283,0.023,AAA-222-111-000-0-0,,10.226,0.023,10.256,0.02,10.172,0.046,9.269,0.463,11.4579,0.000334,11.0837,0.006,rered,gaia2,6224.0,133.992,4.3122,0.0852672,,,1.26626,0.0567085,1.2,0.181643,0.591032,0.134149,DWARF,2.16780376,0.101286247,328.743,2.7985,0.019363,0.009995445,48,0.00278562121,,,0.0013238237,0.0107505,0.00924039,schlegel,0.19981,0.163476,0.0595307,0.0538864,0.172763,0.0955341,0.107292,0.0632424,0.102925,0.0996475,2.775,2.822,bj2018,158.588,109.396,dered,11.7433,0.002101,11.0334,0.00093,1,,ucac4,apassdr9,,1.12533723832181,0.687793337241299,35.7425531027179,-67.6050939003334,0.0300209234481243,0.0239291320824805,1,0,518384066,4.69614806213172e+18,0.73520666
234337204,20190415,,,106-002064,02274368-6854052,,J022743.69-685405.1,4.693591220857085e+18,32006099,,STAR,tmgaia2,36.9319862157041,-68.9014365768484,tmgaia2,3.04083,0.0457896,8.20976,0.039789,gaia2,1.18196,0.0217335,gaia2,290.755255436313,-45.8834386454477,329.0338015875,-70.3925926720276,13.39,0.008,13.008,0.092,,,,,,,,,,,12.059,0.025,11.904,0.022,11.854,0.026,AAA-222-111-000-0-0,,11.8,0.023,11.837,0.021,11.875,0.162,9.117,,12.8569,0.000278,12.5412,0.006,rered,gaia2,6652.0,133.968,4.24382,0.0916431,,,1.47974,0.0686835,1.4,0.242041,0.432087,0.105218,DWARF,3.862556,0.2306685,825.895,14.937,0.0303172,0.0103012,53,0.0113756871,,,0.000439186377,0.0099423,0.0106601,schlegel,0.198437,0.285645,0.0767146,0.0606523,0.091665,0.118772,0.0932117,0.0900746,0.227107,0.23423,14.672,15.202,bj2018,125.484,142.452,dered,13.0849,0.001723,12.4847,0.001034,1,,ucac4,apassdr9,,0.860954342472405,0.617023740695014,36.9320225863415,-68.9014012292742,0.0212129287273598,0.0190530945260356,1,0,518587318,4.693591220857085e+18,1.294405
238174001,20190415,,,102-108340,23510741-6945585,,J235107.47-694558.8,6.386787003908911e+18,32261509,,STAR,tmgaia2,357.780919896026,-69.7662855701347,tmgaia2,23.8472,0.0357373,-23.8506,0.0378525,gaia2,1.41918,0.0244823,gaia2,310.438446686428,-46.4730058378017,311.874197386079,-58.8191337991004,13.721,0.03,13.116,0.08,,,,,,,,,,,11.749,0.027,11.393,0.023,11.29,0.023,AAA-222-111-000-0-0,,11.241,0.023,11.283,0.021,11.211,0.115,8.791,,12.8934,0.000225,12.4249,0.006,rered,spect,5709.73,144.696,4.00378,0.0857996,-0.66358,0.0914936,1.66512,0.101156,1.02,0.124517,0.220934,0.0547747,DWARF,2.6549015,0.1243005,690.694,11.7695,0.0268723,0.00979622,72,0.0680760145,,,0.0002958973,0.00692874,0.0126637,schlegel,0.132262,0.116771,0.0928704,0.109441,0.0426596,0.0668898,0.0647383,0.106861,0.124251,0.12435,11.573,11.966,bj2018,100.57,188.822,spect,13.263,0.001055,12.3665,0.0008,1,,ucac4,apassdr9,,0.675586725740624,0.587035769318428,357.781216774251,-69.7663882604685,0.0210433154048496,0.0194414510830791,1,0,1725729808,6.386787003908911e+18,1.0592034
340007362,20190415,,8563-00817-1,153-011081,07311892-5929574,,J073118.91-592956.9,5.293518025199246e+18,27372220,,STAR,tmgaia2,112.828859829754,-59.4992664415519,tmgaia2,-5.51514,0.0596223,34.0385,0.0487024,gaia2,3.34577,0.0264107,gaia2,271.153150531382,-18.3417743047951,156.296181194063,-77.580797563496,10.408,0.064,10.06,0.005,,,,,,,,,,,9.128,0.024,8.979,0.025,8.858,0.019,AAA-222-111-000-0-0,,8.794,0.023,8.802,0.019,8.809,0.022,8.529,0.161,9.91618,0.000593,9.5917,0.006,rered,spect,7170.96,115.421,4.04134,0.0867883,-0.484484,0.0457662,1.99721,0.0786256,1.6,0.281298,0.200839,0.045906,DWARF,9.502818,0.456749,296.345,2.337,0.123832,0.0103451749,175,0.0210689772,,,0.00329915038,0.00748695,0.0132034,schlegel,0.201537,0.36106,0.0662372,0.0910141,0.0388052,0.0530067,0.0650705,0.108506,0.40752,0.505978,2.319,2.355,bj2018,106.174,124.668,spect,10.1721,0.001367,9.54633,0.00196,1,,tycho2v3,tycho2b3,,1.06473876264616,0.755349851561579,112.828813044668,-59.4991198869063,0.0254115078393173,0.0264331899372757,1,0,598944833,5.293518025199246e+18,0.9866599
167793058,20190415,,,126-010347,06565972-6458408,,J065659.76-645840.7,5.285197436597565e+18,,,STAR,tmgaia2,104.248926893185,-64.9780168224966,tmgaia2,18.6437,0.0906663,7.03723,0.0789945,gaia2,11.1587,0.0387873,gaia2,275.399075663576,-23.8322286822782,171.434127791117,-83.9566279284233,17.989,0.173,16.919,1.133,,,,,,,,,,,12.787,0.026,12.188,0.029,11.94,0.026,AAA-222-111-000-0-0,,11.762,0.023,11.607,0.02,11.287,0.1,9.598,,15.5935,0.000419,14.3291,0.00726712,cdwrf,cdwrf,3347.0,157.0,4.93714,0.00663683,,,0.289815,0.00889545,0.26504,0.0202857,10.888,0.167659,DWARF,0.009496406,0.002378076,89.3856,0.31225,0.0,0.0,155,0.01874728,,,0.00280031748,0.0,0.0,,,,,,,,,,,,0.3112,0.3133,bj2018,,,cdwrf,17.0607,0.003447,14.398,0.000828,1,,ucac4,bpbj,cooldwarfs_v8,1.66654622297374,1.22496761548353,104.249116675565,-64.9779865234321,0.0395065411542845,0.0367991707223299,1,0,576723333,5.285197436597565e+18,1.041847
201293455,20190415,,,156-000185,00122224-5857319,,J001222.26-585731.7,4.918153448489581e+18,27129918,,STAR,tmgaia2,3.09265075884304,-58.9588576589425,tmgaia2,21.9907,0.0350619,11.8081,0.0353528,gaia2,2.63713,0.0214502,gaia2,312.28975153766,-57.453973727387,328.51963008639,-52.8599723114211,13.555,0.0,13.06,0.114,,,,,,,,,,,11.831,0.026,11.512,0.022,11.459,0.023,AAA-222-111-000-0-0,,11.432,0.023,11.474,0.021,11.282,0.135,8.466,,12.8498,0.000207,12.4333,0.006,rered,spect,5658.15,138.764,4.50946,0.0835042,-0.589482,0.0878161,0.92109,0.0533668,1.0,0.132044,1.27966,0.300898,DWARF,0.783423662,0.0310684,375.107,3.041,0.00919701,0.0100768553,45,0.0210695025,,,0.000666934066,0.011305,0.00884871,schlegel,0.140299,0.123789,0.0391286,0.067605,0.250708,0.351088,0.106033,0.0609754,0.0334096,0.0287272,3.017,3.065,bj2018,171.411,106.117,spect,13.1668,0.001775,12.3746,0.000895,1,,ucac4,apassdr9,,0.624521328241177,0.548225196950566,3.09283437476138,-58.9588068186415,0.0172218404029309,0.0167779370879382,1,0,508155621,4.918153448489581e+18,0.846896
176931464,20190415,,,099-014915,06404451-7019011,,J064044.48-701900.9,5.266907129387963e+18,33624175,,STAR,tmgaia2,100.185352132599,-70.316982855214,tmgaia2,-1.36382,0.0226578,3.21217,0.0236706,gaia2,0.85069,0.014919,gaia2,280.885938243435,-26.3163114555831,229.760692509411,-84.7097392913323,13.877,0.064,13.204,0.069,,,,,,,,,,,11.946,0.024,11.641,0.026,11.633,0.026,AAA-222-111-000-0-0,,11.475,0.023,11.502,0.021,11.47,0.069,9.768,0.385,13.0683,0.000586,12.6152,0.006,rered,spect,5910.82,126.254,3.6829,0.0768974,-0.109916,0.1,2.4791,0.131156,1.08,0.134337,0.0708829,0.015336,DWARF,6.758866,0.3373055,1136.79,19.425,0.0708027,0.009903055,176,0.0115394788,,,0.0004238686,0.0123622,0.00744391,schlegel,0.112362,0.156311,0.091804,0.170508,0.0169506,0.0137213,0.0861744,0.0676203,0.342512,0.332099,19.1,19.75,bj2018,97.4718,155.036,spect,13.4206,0.001687,12.5555,0.00114,1,,ucac4,apassdr9,,0.429756107061778,0.367159413590285,100.185334698749,-70.3169690250383,0.0128259850612165,0.0139501833490433,1,0,569245291,5.266907129387963e+18,1.0135491
260370233,20190415,30183,8538-01234-1,176-007764,06210194-5456045,,J062101.96-545605.5,5.499525238198195e+18,25183023,,STAR,tmgaia2,95.2580381067926,-54.9346228767417,tmgaia2,28.2378,0.0657401,-92.0148,0.0681256,gaia2,10.6539,0.0279223,gaia2,263.553184705216,-26.1586280012537,104.797340232689,-78.1035991729421,8.963,0.0,8.43,0.03,,,,,,,,,,,7.379,0.024,7.115,0.042,7.038,0.023,AAA-111-111-000-0-0,,6.963,0.055,7.025,0.02,7.03,0.016,6.974,0.069,8.29192,0.000309,7.893,0.006,gbprp,gaia2,5980.0,123.014,4.0475,0.0771464,,,1.6443,0.078196,1.1,0.133473,0.247429,0.0532276,DWARF,3.115019,0.09513425,93.6083,0.2465,0.0,0.0,128,0.00333970436,,,0.0100484779,0.0,0.0,,0.119713,0.147232,0.0645201,0.0918719,0.0411689,0.0652862,0.060761,0.0935318,0.125727,0.0645415,0.2459,0.2471,bj2018,140.466,105.562,dered0,8.6112,0.001922,7.85358,0.001841,1,,hipvmag,apassdr9,,1.14878310222314,1.05646656367135,95.2582497293181,-54.9350190517582,0.0284259297642399,0.0331354149712284,1,0,562289859,5.499525238198195e+18,0.95235914
261256091,20190415,,,053-003981,05571752-7924382,,J055717.53-792438.5,4.623518825126581e+18,34625793,,STAR,tmgaia2,89.3230309632878,-79.4106490057872,tmgaia2,-2.03836,0.0325152,-21.3625,0.0433531,gaia2,4.4848,0.0185893,gaia2,291.131956247633,-29.1107809359056,270.559298521287,-77.1487552815539,13.294,0.046,12.492,0.046,,,,,,,,,,,10.9,0.024,10.55,0.023,10.411,0.019,AAA-222-111-000-0-0,,10.369,0.023,10.422,0.021,10.392,0.053,9.471,,12.2209,0.000173,11.6743,0.006,rered,gaia2,5342.0,130.197,4.50267,0.0804262,,,0.890415,0.0484825,0.92,0.111552,1.3032,0.302545,DWARF,0.581695437,0.01770755,221.549,0.9195,0.0666508,0.010163255,108,0.00477539655,,,0.00274809077,0.0116754,0.00865111,schlegel,0.0850157,0.138088,0.0332744,0.0636905,0.297634,0.307455,0.0827833,0.0780691,0.0131811,0.022234,0.916,0.923,bj2018,149.263,111.132,dered,12.6814,0.001042,11.6256,0.000796,1,,ucac4,apassdr9,,0.655301580075472,0.672340394634909,89.3229832061113,-79.4107409832219,0.0167073162886009,0.0222222035703725,1,0,555587134,4.623518825126581e+18,0.9731281
280911117,20190415,,,053-004760,06493359-7929178,,J064933.58-792917.8,5.210874367568591e+18,34640137,,STAR,tmgaia2,102.389939414556,-79.4883321147217,tmgaia2,-3.9224,0.0433638,20.8105,0.0431041,gaia2,3.78901,0.0231729,gaia2,291.146735131165,-26.7219978278185,260.242115870775,-76.6464292555719,13.878,0.016,13.021,0.057,,,,,,,,,,,11.309,0.023,10.913,0.027,10.77,0.027,AAA-222-111-000-0-0,,10.705,0.023,10.737,0.02,10.692,0.052,9.252,,12.7573,0.000644,12.169,0.0061,rered,gaia2,5601.0,125.595,4.55632,0.0785529,,,0.868347,0.0425528,0.99,0.123028,1.51201,0.324143,DWARF,0.6685655,0.0234282,261.932,1.602,0.196771,0.01031775,85,0.05486721,,,0.00193810521,0.0106313,0.0100042,schlegel,0.0891294,0.156926,0.0351965,0.049909,0.308211,0.340076,0.0773829,0.079723,0.0241467,0.0227097,1.592,1.612,bj2018,117.901,133.289,dered,13.2521,0.002282,12.1175,0.001436,1,,ucac4,apassdr9,,0.874428651985669,0.668616301453924,102.389846844373,-79.4882425139705,0.0221508930920218,0.0259237897754612,1,0,572823241,5.210874367568591e+18,1.0738326
176932616,20190415,,,108-014272,06412421-6829146,,J064124.19-682914.8,5.279305871040819e+18,32018974,,STAR,tmgaia2,100.350929333857,-68.4874027322168,tmgaia2,-10.5801,0.0531303,-14.9715,0.0459496,gaia2,4.139,0.0271437,gaia2,278.875521924357,-26.0084076582833,210.683463656075,-85.6059967522737,13.302,0.023,12.473,0.046,,,,,,,,,,,11.052,0.023,10.699,0.022,10.599,0.025,AAA-222-111-000-0-0,,10.559,0.023,10.623,0.02,10.447,0.044,9.358,0.34,12.3159,0.000307,11.7963,0.006,rered,gaia2,5348.0,131.137,4.51665,0.0867921,,,0.876195,0.0495126,0.92,0.121797,1.36768,0.331353,DWARF,0.565799,0.0186624,239.94,1.5745,0.0272214,0.010024325,208,0.0339959525,,,0.00309895282,0.00796995,0.0120787,schlegel,0.105957,0.137637,0.0419236,0.0571015,0.326275,0.336431,0.0820124,0.0915717,0.0195557,0.0177691,1.565,1.584,bj2018,149.047,113.228,dered,12.7495,0.001879,11.7475,0.001115,1,,ucac4,apassdr9,,0.996540930466293,0.712739997405859,100.350805111085,-68.4874671928883,0.0256146180942778,0.0272522444702,1,0,569246443,5.279305871040819e+18,1.132591
238809353,20190415,,9119-00953-1,126-184203,21472217-6448050,,J214722.19-644805.2,6.402115226793609e+18,31752578,,STAR,tmgaia2,326.842403624181,-64.8013995187924,tmgaia2,14.7194,0.0375112,-26.4058,0.0445813,gaia2,3.37108,0.0357513,gaia2,327.48840554073,-42.5107964225254,301.857711650869,-47.5226021094095,12.881,0.3,12.336,0.021,,,,,,,,,,,10.875,0.027,10.572,0.024,10.512,0.021,AAA-222-111-000-0-0,,10.487,0.023,10.523,0.021,10.424,0.085,8.126,,11.8069,0.000268,11.4013,0.006,rered,spect,5929.0,125.529,4.40286,0.0777517,-0.09,0.1,1.08222,0.0540578,1.08,0.137278,0.852063,0.185085,DWARF,1.30393231,0.05857295,294.164,3.1175,0.0298125,0.01017918,83,0.0157392826,,,0.0008927434,0.0139314,0.00642696,schlegel,0.092898,0.181658,0.0665075,0.041608,0.167127,0.203042,0.0672842,0.0882192,0.0685202,0.0486257,3.085,3.15,bj2018,123.305,127.753,spect,12.1175,0.001006,11.3464,0.000589,1,,tycho2v3,tycho2b3,,0.688918524089975,0.691478155574893,326.842552477086,-64.8015132105056,0.019979166088477,0.0254364351714833,1,0,1716891362,6.402115226793609e+18,0.96503425
238173877,20190415,,,100-105280,23504100-7011173,,J235040.89-701117.6,6.38675192261599e+18,34541796,,STAR,tmgaia2,357.670734588191,-70.1881488773083,tmgaia2,-44.0751,0.0421256,-31.2246,0.0404013,gaia2,2.7274,0.022682,gaia2,310.284729309832,-46.0630055199544,311.197682532028,-59.0590516663491,13.274,0.036,12.705,0.069,,,,,,,,,,,11.432,0.024,11.086,0.022,11.054,0.027,AAA-222-111-000-0-0,,11.007,0.023,11.038,0.02,10.97,0.091,8.852,,12.4848,0.000211,12.0482,0.006,rered,spect,5607.55,129.921,4.35273,0.0795066,-0.454014,0.0777496,1.09771,0.058691,0.99,0.123936,0.74847,0.166769,DWARF,1.07339907,0.03941435,362.827,3.0085,0.0258107,0.00998139,70,0.00469983229,,,0.000683832564,0.0133133,0.00664948,schlegel,0.138164,0.109709,0.0413106,0.0760714,0.172742,0.160796,0.0782331,0.0807801,0.0328882,0.0459405,2.984,3.033,bj2018,162.852,96.9904,spect,12.8252,0.000823,11.9928,0.000989,1,,ucac4,apassdr9,,0.798293675281834,0.626514179370671,357.670174689749,-70.1882833174317,0.020898293103894,0.0191922037943317,1,0,1725729684,6.38675192261599e+18,0.9362581
350433689,20190415,,,165-006373,05404898-5704042,,J054049.02-570404.4,4.766516844966212e+18,27262446,,STAR,tmgaia2,85.204079797695,-57.0678755214954,tmgaia2,32.9143,0.0349216,-12.5694,0.0418802,gaia2,3.1435,0.0182899,gaia2,265.295256541469,-31.9688366241092,74.4351087812557,-80.2476408032661,13.506,0.033,12.702,0.092,,,,,,,,,,,11.374,0.023,11.022,0.022,10.976,0.023,AAA-222-111-000-0-0,,10.919,0.023,10.97,0.02,10.944,0.058,9.706,,12.5847,0.000171,12.0888,0.006,rered,gaia2,5530.0,127.911,4.4641,0.0791363,,,0.955801,0.0499296,0.97,0.119224,1.11089,0.246866,DWARF,0.769715667,0.0261483,315.223,1.831,0.039131,0.01018922,77,0.005092237,,,0.0023222696,0.0110638,0.00931464,schlegel,0.0889712,0.149477,0.0542533,0.045606,0.267436,0.226297,0.0891645,0.069108,0.0304194,0.0218772,1.82,1.842,bj2018,102.026,153.796,dered,12.9901,0.001565,12.038,0.000845,1,,ucac4,apassdr9,,0.616353059874918,0.649485757044902,85.2043404720592,-57.0679296400156,0.0168493324379616,0.0210946516107595,1,0,549745918,4.766516844966212e+18,1.1776352
234332459,20190415,,,113-002141,02250198-6727208,,J022501.99-672720.7,4.696155930511803e+18,32408749,,STAR,tmgaia2,36.2583521047201,-67.4557910174978,tmgaia2,2.18635,0.0447771,7.36189,0.0392078,gaia2,1.98305,0.0228965,gaia2,289.970489096867,-47.2477985515879,332.73309474351,-69.6470863790474,13.02,0.026,12.547,0.057,,,,,,,,,,,11.464,0.023,11.234,0.028,11.121,0.023,AAA-222-111-000-0-0,,11.103,0.023,11.143,0.021,10.994,0.081,9.463,,12.3632,0.000178,11.9813,0.006,rered,gaia2,6178.0,123.573,4.29371,0.0831256,,,1.28269,0.0565628,1.18,0.165494,0.559141,0.125445,DWARF,2.15937,0.100182,497.069,5.7005,0.0201964,0.01050736,70,0.0124614369,,,0.0007151579,0.0124526,0.00856212,schlegel,0.154483,0.176504,0.0626131,0.0505126,0.118054,0.132835,0.0798346,0.0864166,0.120886,0.079478,5.637,5.764,bj2018,102.966,144.179,dered,12.6525,0.00143,11.9277,0.000729,1,,ucac4,apassdr9,,0.83478752441923,0.60803259665065,36.2583766575248,-67.455759320473,0.0216900163869556,0.0194665429114159,1,0,518583078,4.696155930511803e+18,1.162727
150443378,20190415,,8902-01525-1,131-008387,06313104-6352138,,J063131.04-635213.7,5.4771002819364e+18,29875485,,STAR,tmgaia2,97.879304583628,-63.870508633146,tmgaia2,-2.47448,0.0518158,1.3591,0.0513272,gaia2,0.819225,0.0293598,gaia2,273.624915192525,-26.3215582812579,144.464037608191,-85.7452378355885,13.087,0.52,12.955,0.045,,,,,,,,,,,11.741,0.023,11.471,0.024,11.437,0.024,AAA-222-111-000-0-0,,11.391,0.022,11.429,0.02,11.339,0.073,9.181,,12.6454,0.000208,12.2695,0.006,rered,spect,6267.15,125.888,3.65559,0.0864478,-0.24915,0.1,2.71905,0.153957,1.22,0.166094,0.060689,0.0144367,DWARF,10.2756281,0.836015,1178.84,41.105,0.0579583,0.0104191154,142,0.0946171358,,,0.0004225998,0.0111638,0.00967443,schlegel,0.144817,0.187371,0.178249,0.129665,0.0115479,0.0173254,0.0735373,0.0993584,0.928919,0.743111,39.7,42.51,bj2018,117.039,134.738,spect,12.9291,0.001288,12.2141,0.000967,1,,tycho2v3,tycho2b3,,0.946697051269124,0.79606806694889,97.8792803920326,-63.8705027814674,0.0243644856001901,0.0281104338134758,1,0,565498680,5.4771002819364e+18,1.2805501
280910805,20190415,,,056-004797,06480812-7851198,,J064808.12-785119.7,5.21151407288332e+18,34639789,,STAR,tmgaia2,102.033819446499,-78.8554898999404,tmgaia2,-0.000283346,0.0355848,7.66792,0.0527991,gaia2,1.23329,0.0197278,gaia2,290.434384522259,-26.7349618663501,259.472120882147,-77.2586058830053,13.416,0.015,12.687,0.08,,,,,,,,,,,10.881,0.023,10.499,0.023,10.419,0.021,AAA-222-111-000-0-0,,10.309,0.023,10.314,0.021,10.273,0.05,9.207,,12.3605,0.00018,11.7726,0.006,rered,gaia2,6194.0,128.712,3.55218,0.0859451,,,3.02494,0.139138,1.19,0.16977,0.0429929,0.01032,DWARF,12.1342525,0.6387785,792.353,12.481,0.336007,0.01025843,107,0.0294173062,,,0.000415194168,0.0106214,0.00989546,schlegel,0.138938,0.200603,0.11488,0.163396,0.00792612,0.0127138,0.0737137,0.0981765,0.689444,0.588113,12.288,12.674,bj2018,116.729,140.696,dered,12.8497,0.001189,11.7159,0.000639,1,,ucac4,apassdr9,,0.714301320476579,0.818740516156679,102.033819440187,-78.8554568852846,0.0182792128638247,0.0240895405083229,1,0,572822985,5.21151407288332e+18,1.0378553
183802386,20190415,,,074-001113,01215642-7518363,,J012156.59-751835.7,4.637921916351609e+18,,,STAR,tmgaia2,20.4852134176011,-75.3100793863788,tmgaia2,55.7164,0.0711805,48.4865,0.0497622,gaia2,10.352,0.0313145,gaia2,300.350098854325,-41.6649045536923,308.064194599974,-67.337930939427,17.477,0.174,16.266,0.252,,,,,,,,,,,12.385,0.021,11.834,0.026,11.584,0.025,AAA-222-111-000-0-0,,11.436,0.023,11.286,0.02,11.054,0.104,9.329,,15.0841,0.000463,13.8809,0.00737307,cdwrf,cdwrf,3432.0,157.0,4.87229,0.000396795,,,0.351694,0.0106896,0.336165,0.0203625,7.72783,0.236129,DWARF,0.0154601512,0.00378910941,96.3317,0.2928,0.0,0.0,201,0.006921214,,,0.00129682233,0.0,0.0,,,,,,,,,,,,0.2919,0.2937,bj2018,,,cdwrf,16.4383,0.003388,13.9374,0.001582,1,,ucac4,bpbj,cooldwarfs_v8,1.39397709470329,0.771724494065781,20.4861594018956,-75.3098706269733,0.033556300342827,0.0251645362022648,1,0,515214096,4.637921916351609e+18,1.0686944
204446862,20190415,,,284-210799,21434939-3320075,,J214349.41-332007.5,6.591540533134814e+18,17372248,,STAR,tmgaia2,325.955809582632,-33.3354171680418,tmgaia2,27.0688,0.0428715,-1.70597,0.034364,gaia2,1.94953,0.03118,gaia2,12.3736092137225,-49.3408333586804,316.904315970891,-18.5506986377394,13.914,0.005,13.292,0.126,,,,,,,,,,,12.21,0.02,11.933,0.026,11.863,0.023,AAA-222-111-000-0-0,,11.848,0.023,11.855,0.022,11.936,0.265,9.019,,13.214,0.000314,12.8064,0.006,rered,gaia2,6049.0,138.059,4.55223,0.0872151,,,0.932091,0.0459899,1.13,0.154801,1.39541,0.328838,DWARF,1.0479629,0.05215945,505.598,8.033,0.0293522,0.009631595,77,0.0109762074,,,0.000362807,0.010735,0.00852819,schlegel,0.172684,0.136917,0.0388291,0.0531508,0.26101,0.396665,0.0660251,0.108405,0.0487742,0.0555447,7.907,8.159,bj2018,132.26,143.857,dered,13.5235,0.00123,12.7483,0.001186,1,,ucac4,apassdr9,,0.694087178168792,0.532971860213012,325.955949080791,-33.3354245132684,0.0245586804898947,0.0187484296654038,1,0,1716460864,6.591540533134814e+18,1.020685
204447035,20190415,,,281-221430,21432605-3350585,,J214326.07-335058.8,6.591417078595087e+18,17372032,,STAR,tmgaia2,325.858565112814,-33.8496018770353,tmgaia2,21.6981,0.0681778,-27.818,0.057485,gaia2,1.90265,0.0478562,gaia2,11.5782581064686,-49.2944879331951,316.63514514536,-19.0045734726689,13.46,0.021,12.8,0.069,,,,,,,,,,,11.603,0.023,11.294,0.022,11.223,0.021,AAA-222-111-000-0-0,,11.204,0.023,11.253,0.021,11.341,0.192,8.711,0.472,12.666,0.000279,12.2244,0.006,rered,gaia2,5834.0,133.126,4.21182,0.0793802,,,1.32959,0.0726382,1.05,0.131305,0.44672,0.0989842,DWARF,1.84500051,0.1172272,518.122,12.954,0.0304526,0.009907195,64,0.00505989231,,,0.000282912515,0.00828159,0.0115328,schlegel,0.16786,0.0947492,0.089202,0.0560744,0.0990111,0.0989574,0.0957719,0.0629885,0.0915784,0.142876,12.636,13.272,bj2018,143.205,123.047,dered,13.0133,0.001179,12.1712,0.001033,1,,ucac4,apassdr9,,1.10528981354762,0.891666224390421,325.858677601781,-33.8497216490318,0.0390715840517766,0.0340069171260505,1,0,1716461037,6.591417078595087e+18,1.0714425
234339052,20190415,,,097-002302,02284908-7044327,,J022849.06-704432.7,4.645248099765188e+18,33531196,,STAR,tmgaia2,37.2045104850462,-70.7424480310343,tmgaia2,-5.2417,0.0658786,7.53335,0.0443853,gaia2,14.8051,0.0265506,gaia2,291.988693294176,-44.2587649526865,323.759124455806,-70.9918514105412,16.115,0.037,14.641,0.16,,,,,,,,,,,11.002,0.023,10.404,0.025,10.201,0.021,AAA-222-111-000-0-0,,10.062,0.022,9.949,0.019,9.824,0.044,9.007,,13.6213,0.000835,12.4672,0.00744417,cdwrf,cdwrf,3508.0,157.0,4.79425,0.00543504,,,0.435739,0.0129861,0.431161,0.0202961,5.21147,0.220696,DWARF,0.0259051379,0.006213575,67.4128,0.12155,0.0,0.0,58,0.021173317,,,0.00287686684,0.0,0.0,,,,,,,,,,,,0.1213,0.1218,bj2018,,,cdwrf,14.88,0.003402,12.5141,0.001933,1,,ucac4,apassdr9,cooldwarfs_v8,1.25268249025814,0.688326686845916,37.2044420575178,-70.7424155957898,0.0324371083937563,0.0220895597206813,1,0,518779846,4.645248099765188e+18,1.1061293
261257027,20190415,28125,9390-01768-1,044-003407,05564252-8123110,,,4.621435804645024e+18,35223646,,STAR,tmgaia2,89.1767727669707,-81.3864089214302,tmgaia2,-9.04711,0.0309352,343.622,0.0388635,gaia2,16.0407,0.0183771,gaia2,293.36936828274,-28.8403437975427,270.481772191109,-75.1729329326692,10.8,0.08,9.95,0.03,,,,,,,,,,,8.48,0.024,8.059,0.04,7.965,0.027,AAA-111-111-000-0-0,,,,,,,,,,9.72688,0.000327,9.2067,0.006,gbprp,gaia2,5246.0,121.896,4.63348,0.0837369,,,0.757553,0.0422638,0.9,0.111197,2.07016,0.492485,DWARF,0.391591847,0.008780675,62.229,0.0717,0.0,0.0,106,0.000572805235,,,0.01261198,0.0,0.0,,0.0875438,0.134851,0.0563894,0.0281382,0.409129,0.575842,0.0774796,0.0899943,0.0100682,0.00749315,0.0716,0.0718,bj2018,80.9921,162.8,dered0,10.1677,0.001695,9.16217,0.001498,1,,hipvmag,apassdr9,,0.632633194902566,0.602726637009306,89.1765126824016,-81.3849294378947,0.0173092903734565,0.0203129099954982,1,0,555656726,4.621435804645024e+18,0.9341026
350430059,20190415,,8519-01040-1,180-006344,05390328-5402529,,J053903.28-540252.8,4.768451637536715e+18,26156335,,STAR,tmgaia2,84.7636837937864,-54.0480521641752,tmgaia2,-5.1394,0.0365201,0.59608,0.0416991,gaia2,2.69659,0.0197107,gaia2,261.724166430196,-32.1015041301246,75.9688894277734,-77.2321534715949,12.902,0.446,12.213,0.031,,,,,,,,,,,11.22,0.026,10.949,0.026,10.9,0.024,AAA-222-111-000-0-0,,10.836,0.022,10.87,0.02,10.86,0.065,9.695,0.502,12.1448,0.000364,11.7558,0.006,rered,gaia2,6257.0,130.307,4.47565,0.0835739,,,1.05776,0.04551,1.22,0.179051,1.03086,0.229013,DWARF,1.54501665,0.0684666,366.917,2.674,0.0493727,0.009811995,67,0.0964414552,,,0.0019982066,0.0109,0.00872399,schlegel,0.172121,0.185981,0.0447372,0.0462829,0.210683,0.247342,0.0820628,0.085085,0.074234,0.0626992,2.655,2.693,bj2018,139.672,120.942,dered,12.4425,0.002012,11.7029,0.001671,1,,tycho2v3,tycho2b3,,0.635715264640199,0.646699045451961,84.7636461039114,-54.0480495977255,0.0186527020198017,0.0216648530776196,1,0,549335143,4.768451637536715e+18,0.9193575
261257136,20190415,,,042-003232,05581320-8138078,,J055813.24-813807.6,4.621408243838848e+18,35133712,,STAR,tmgaia2,89.5550967364811,-81.6355174193985,tmgaia2,6.98598,0.0350763,21.8246,0.0456326,gaia2,4.067,0.0200131,gaia2,293.640028009621,-28.7459443865917,270.248818841674,-74.9248169620878,13.696,0.036,12.771,0.092,,,,,,,,,,,11.3,0.023,10.868,0.024,10.798,0.023,AAA-222-111-000-0-0,,10.743,0.023,10.766,0.021,10.648,0.057,8.934,,12.6255,0.000522,12.0714,0.006,rered,gaia2,5469.0,123.11,4.59747,0.0750955,,,0.815522,0.0416809,0.96,0.11916,1.76996,0.374945,DWARF,0.5360413,0.01716165,244.15,1.202,0.111475,0.0103497,95,0.0137818176,,,0.0018561997,0.0106739,0.0100255,schlegel,0.0903089,0.148011,0.0409397,0.0424221,0.349114,0.400776,0.0776248,0.0725662,0.019449,0.0148743,1.196,1.208,bj2018,124.848,121.372,dered,13.0888,0.00248,12.0204,0.001588,1,,ucac4,apassdr9,,0.718658383832756,0.707648136063234,89.555303504721,-81.635423452424,0.0191424411874332,0.0220249191980147,1,0,556142717,4.621408243838848e+18,1.1864938
161403204,20190415,,,199-184367,23021093-5017118,,J230210.86-501711.6,6.514565510780113e+18,26096400,,STAR,tmgaia2,345.545559363433,-50.2866076998197,tmgaia2,-59.0648,0.0371068,5.08936,0.0447986,gaia2,5.92396,0.0483071,gaia2,337.484530075478,-58.8725591406137,323.831326333684,-39.9659936139038,16.121,0.048,14.58,0.126,,,,,,,,,,,11.922,0.023,11.281,0.026,11.12,0.019,AAA-222-111-000-0-0,,11.026,0.023,11.029,0.02,10.915,0.095,9.113,,14.0555,0.000347,13.1222,0.0073936,cdwrf,cdwrf,3930.0,157.0,4.6405,0.011228,,,0.612712,0.018344,0.598338,0.0203611,2.60122,0.145338,DWARF,0.08068219,0.0178022422,168.003,1.374,0.00472378,,41,0.00150937017,,,0.000662429666,,,schlegel,,,,,,,,,,,,,bj2018,,,cdwrf,14.9614,0.002145,13.1272,0.001703,1,,ucac4,apassdr9,cooldwarfs_v8,0.635635664569006,0.695243615659745,345.545161354638,-50.2865857879768,0.018829109401584,0.0346765281529896,1,0,1722824282,6.514565510780113e+18,0.98560154
271999374,20190415,,9188-00480-1,085-013884,07385930-7301442,,J073859.29-730143.8,5.263116666130277e+18,33652138,,STAR,tmgaia2,114.747117259644,-73.0290033150086,tmgaia2,-9.03918,0.0330137,50.9468,0.0501683,gaia2,3.24776,0.0207412,gaia2,284.923817653256,-22.4957414977918,228.321946263016,-79.4113141613211,11.292,0.121,10.946,0.009,,,,,,,,,,,9.833,0.022,9.601,0.022,9.523,0.019,AAA-222-111-000-0-0,,9.487,0.023,9.492,0.019,9.471,0.026,9.205,0.306,10.684,0.000296,10.3323,0.006,rered,gaia2,6736.0,135.462,4.19366,0.0889329,,,1.58995,0.0708392,1.44,0.241083,0.358269,0.0854743,DWARF,4.68891239,0.2339655,305.199,1.9465,0.10359,0.0103316149,144,0.05536063,,,0.00340839755,0.00918663,0.0114766,schlegel,0.182166,0.299999,0.0842422,0.0574362,0.0752949,0.0956537,0.0793795,0.0984863,0.226437,0.241494,1.935,1.958,bj2018,122.247,148.676,dered,10.9529,0.001172,10.2797,0.000944,1,,tycho2v3,tycho2b3,,0.636930400018926,0.778037050503315,114.74698392512,-73.0287839607723,0.0175025897914358,0.0258154876203161,1,0,604803665,5.263116666130277e+18,0.9751416
141944132,20190415,,,076-006138,06211732-7448546,,J062117.33-744854.6,5.261778800997572e+18,33615801,,STAR,tmgaia2,95.322064772263,-74.8151872921595,tmgaia2,16.285,0.0187307,-0.376406,0.0241562,gaia2,1.7045,0.0119384,gaia2,285.816211742082,-28.0760066932536,260.46271001155,-81.5681708361498,14.091,0.038,13.304,0.092,,,,,,,,,,,11.945,0.024,11.652,0.028,11.519,0.023,AAA-222-111-000-0-0,,11.505,0.023,11.549,0.021,11.5,0.121,9.409,,13.1492,0.000253,12.6489,0.006,rered,gaia2,5774.0,134.824,4.20248,0.0769024,,,1.33111,0.0666331,1.03,0.127223,0.43671,0.0930529,DWARF,1.77431774,0.06530835,576.896,4.0035,0.105254,0.009879385,156,0.0468530878,,,0.0010707617,0.00618287,0.0135759,schlegel,0.0863752,0.16807,0.0553407,0.0779256,0.0930983,0.0930075,0.0781416,0.0756632,0.0574233,0.0731934,3.976,4.031,bj2018,154.927,114.722,dered,13.5524,0.001385,12.5936,0.000814,1,,ucac4,apassdr9,,0.365634559288967,0.374641487419128,95.3223324585516,-74.8151889129545,0.0100689190810915,0.0128485007065783,1,0,562193351,5.261778800997572e+18,1.0005169
53813421,20190415,,,321-230674,21490107-2556322,,J214901.09-255632.0,6.811328058507734e+18,13850855,,STAR,tmgaia2,327.254454251424,-25.9422958542634,tmgaia2,35.5733,0.0500813,19.8956,0.044905,gaia2,7.23649,0.0356973,gaia2,23.8701771147757,-49.409013002971,320.644131304923,-11.9985284030829,15.285,0.0,14.076,0.126,,,,,,,,,,,11.462,0.021,10.823,0.023,10.679,0.021,AAA-222-111-000-0-0,,10.578,0.025,10.607,0.023,10.699,0.113,8.497,,13.4461,0.000283,12.6313,0.006,rered,gaia2,4063.0,125.432,4.64385,0.114504,,,0.629274,0.0625629,0.636,0.0768242,2.55234,0.902944,DWARF,0.0972212851,0.007416385,137.643,0.6815,0.0105635,0.00361112,67,0.0372868255,,,0.000696373347,0.00250909,0.00471315,panstarrs,0.0503294,0.103319,0.0604704,0.0646553,0.993288,0.8126,0.117995,0.111012,0.00743359,0.00739918,0.678,0.685,bj2018,141.899,108.965,dered,14.2634,0.001655,12.5639,0.000717,1,,ucac4,apassdr9,,0.797130681688949,0.696606394903459,327.254624577096,-25.9422101927512,0.0294538283945393,0.028393461644246,1,0,1717071582,6.811328058507734e+18,0.9348066
336734827,20190415,,,308-272107,20492646-2830488,,J204926.46-283048.9,6.795605939882017e+18,14708926,,STAR,tmgaia2,312.360287964587,-28.513565725231,tmgaia2,-2.33693,0.0665104,-15.8412,0.0487167,gaia2,1.30747,0.0473686,gaia2,16.3626452532864,-37.0688448841773,307.00322265815,-10.3523598199957,13.728,0.056,13.159,0.092,,,,,,,,,,,11.773,0.024,11.467,0.026,11.407,0.026,AAA-222-111-000-0-0,,11.352,0.023,11.349,0.021,10.966,0.141,8.428,,12.8887,0.000565,12.425,0.007,rered,gaia2,5796.0,126.507,3.93695,0.0805954,,,1.81582,0.108443,1.04,0.127977,0.173705,0.0404502,DWARF,3.35239649,0.262252,749.491,26.852,0.0552413,0.005078435,130,0.0195133742,,,0.000148132967,0.00355503,0.00660184,panstarrs,0.147545,0.108408,0.106769,0.110116,0.0368585,0.0440419,0.0764844,0.0847063,0.314675,0.209829,25.908,27.796,bj2018,139.958,113.057,dered,13.2526,0.001924,12.3663,0.001465,1,,ucac4,apassdr9,,1.06420237580381,0.75550571702561,312.360276513882,-28.5136339303987,0.0336404415305277,0.0244849568114417,1,0,1708794917,6.795605939882017e+18,0.97140265
260370211,20190415,,8538-01366-1,176-007756,06205521-5459016,,J062055.21-545901.6,5.499518469329745e+18,25182997,,STAR,tmgaia2,95.2300239015374,-54.9838164008983,tmgaia2,3.82818,0.0772121,10.6535,0.0662413,gaia2,1.77162,0.0279974,gaia2,263.60376079294,-26.1834949796341,104.762644867285,-78.1548610589068,11.369,0.135,11.134,0.011,,,,,,,,,,,10.678,0.024,10.65,0.022,10.617,0.021,AAA-222-111-000-0-0,,10.6,0.022,10.619,0.02,10.57,0.054,9.437,,11.0719,0.000447,10.9403,0.006,rered,gaia2,8153.0,145.32,4.32274,0.0770792,,,1.61097,0.0568267,1.99,0.3088,0.475978,0.0930831,DWARF,10.33099,0.6405475,555.495,8.7065,0.0536228,0.0102958651,110,0.0261453837,,,0.00226119859,0.0116727,0.00891903,schlegel,0.219107,0.398493,0.0577347,0.0559186,0.0750792,0.111087,0.0679668,0.0861916,0.834673,0.446422,8.573,8.84,bj2018,131.398,159.241,dered,11.1768,0.002064,10.8975,0.001185,1,,tycho2v3,tycho2b3,,1.34946498378449,1.02721260321482,95.2300526262116,-54.9837705316652,0.0297376902126287,0.0311511890840626,1,0,562289837,5.499518469329745e+18,0.8993062
183802301,20190415,,9348-00762-1,069-001066,01233033-7618507,,J012330.41-761850.7,4.637610067365694e+18,34562543,,STAR,tmgaia2,20.8764988135962,-76.3140911455434,tmgaia2,26.6784,0.0423564,1.69687,0.0349245,gaia2,1.85791,0.0227723,gaia2,300.438886521483,-40.6585456069479,305.569752581773,-67.6638718617138,12.477,0.286,11.947,0.02,,,,,,,,,,,10.666,0.024,10.369,0.022,10.283,0.019,AAA-222-111-000-0-0,,10.25,0.023,10.29,0.021,10.21,0.048,8.568,,11.7662,0.000199,11.3159,0.006,rered,gaia2,5817.0,129.587,3.81653,0.0780932,,,2.09587,0.104314,1.05,0.128504,0.114049,0.0249649,DWARF,4.531287,0.2036895,530.051,6.447,0.0397668,0.01002582,122,0.018362049,,,0.000504386,0.00949504,0.0105566,schlegel,0.140193,0.116814,0.102695,0.105933,0.0233451,0.0265848,0.076707,0.0794794,0.218031,0.189348,6.37,6.524,bj2018,102.549,156.625,dered,12.1227,0.00088,11.2632,0.000709,1,,tycho2v3,tycho2b3,,0.835265283625674,0.541645664896893,20.8769842984782,-76.3140838400481,0.0235838315618387,0.0184967042073662,1,0,515214018,4.637610067365694e+18,0.825209
53811024,20190415,,,303-276110,21483859-2932267,,J214838.58-293226.9,6.61731720885776e+18,14724386,,STAR,tmgaia2,327.160790166997,-29.5407551543362,tmgaia2,-14.1159,0.0398946,-18.425,0.0372568,gaia2,1.90409,0.0256953,gaia2,18.3713903351318,-49.9613842556331,319.289106021651,-15.3485837710738,14.007,0.012,13.483,0.092,,,,,,,,,,,12.137,0.022,11.816,0.025,11.723,0.027,AAA-222-111-000-0-0,,11.695,0.023,11.731,0.022,11.467,0.161,9.118,,13.2144,0.000304,12.7697,0.0066,rered,spect,5666.67,120.824,4.35476,0.0784988,-0.155442,0.0685782,1.10615,0.0560628,1.01,0.124053,0.746239,0.163549,DWARF,1.13667285,0.04441165,517.428,6.9325,0.035382,0.003654485,62,0.007095921,,,0.0002730334,0.00493108,0.00237789,panstarrs,0.109371,0.138734,0.0401678,0.0719578,0.14777,0.179328,0.0808302,0.0761674,0.0358874,0.0529359,6.841,7.024,bj2018,143.919,97.7281,spect,13.5604,0.001203,12.712,0.001073,1,,ucac4,apassdr9,,0.639845405121944,0.577865538208351,327.160720309034,-29.5408344842162,0.0210688961765958,0.0210942614155386,1,0,1716972029,6.61731720885776e+18,0.96398044
201294300,20190415,,,175-000220,00125751-5506041,,J001257.52-550604.0,4.922913234326315e+18,27130160,,STAR,tmgaia2,3.23965572666259,-55.101102899253,tmgaia2,9.4472,0.0317908,-4.64379,0.0300611,gaia2,1.33903,0.0219388,gaia2,314.36583522811,-61.1647209266797,332.561485541785,-49.9377822994071,13.602,0.054,13.193,0.114,,,,,,,,,,,12.041,0.024,11.766,0.025,11.749,0.025,AAA-222-111-000-0-0,,11.697,0.022,11.716,0.022,11.637,0.23,9.026,,12.9924,0.000364,12.615,0.006,rered,gaia2,6180.0,137.461,4.21772,0.0863663,,,1.39996,0.0694899,1.18,0.167599,0.430066,0.103483,DWARF,2.5756104,0.1351615,731.092,11.816,0.0138751,0.00986226,51,0.003013217,,,0.000312802527,0.0117836,0.00794092,schlegel,0.143655,0.191543,0.0617442,0.0772357,0.0880517,0.118914,0.0986992,0.0740335,0.126409,0.143914,11.629,12.003,bj2018,158.599,116.323,dered,13.2693,0.001072,12.5533,0.001154,1,,ucac4,apassdr9,,0.556009372533262,0.466175961723088,3.23972682141144,-55.1011228933697,0.0159226535958107,0.0146073229834717,1,0,508156466,4.922913234326315e+18,1.0278536
238173456,20190415,,9342-00916-1,092-075969,23504598-7141332,,J235046.02-714133.3,6.386188010590147e+18,34541809,,STAR,tmgaia2,357.69168234935,-71.692583337755,tmgaia2,9.99662,0.0437577,-7.00923,0.0380202,gaia2,2.13766,0.0235344,gaia2,309.565473058579,-44.6459803163831,308.879882242423,-59.9983652481662,11.264,0.1,10.709,0.007,,,,,,,,,,,9.839,0.026,9.622,0.022,9.583,0.024,AAA-222-111-000-0-0,,9.529,0.023,9.537,0.021,9.495,0.033,8.846,,10.6405,0.000369,10.2927,0.006,rered,spect,6270.2,111.518,3.67686,0.082228,-0.02,0.08,2.65327,0.123543,1.22,0.178269,0.0653155,0.0145827,DWARF,9.803538,0.4819025,461.609,5.0535,0.050583,0.0103847748,73,0.0175363235,,,0.00059525593,0.00768315,0.0130864,schlegel,0.165494,0.191043,0.153521,0.0935643,0.0118302,0.0173352,0.0809351,0.0835208,0.344264,0.619541,4.999,5.108,bj2018,138.921,84.1142,spect,10.9078,0.001188,10.2463,0.000835,1,,tycho2v3,tycho2b3,,0.837041096525164,0.589661137442852,357.691819372271,-71.6926135164333,0.0228759071762677,0.0202565342244772,1,0,1725729263,6.386188010590147e+18,1.140319
238174284,20190415,,9339-01561-1,108-127260,23510937-6832460,,J235109.43-683245.7,6.388443589974861e+18,31997058,,STAR,tmgaia2,357.789066676874,-68.5461338942613,tmgaia2,30.6232,0.0461172,22.6171,0.0385293,gaia2,7.83621,0.0267719,gaia2,311.042813662182,-47.6215768205066,313.646980929225,-58.0271717192379,11.407,0.095,10.635,0.007,,,,,,,,,,,9.444,0.026,9.114,0.023,9.009,0.019,AAA-222-111-000-0-0,,8.983,0.022,9.03,0.019,8.983,0.029,8.986,0.509,10.4949,0.000307,10.039,0.006,rered,gaia2,5666.0,132.115,4.5112,0.077987,,,0.923837,0.0456734,1.01,0.12697,1.28096,0.272923,DWARF,0.7924866,0.02679085,127.145,0.436,0.0120895,0.0102932146,55,0.00648374064,,,0.00327860774,0.0111272,0.00945923,schlegel,0.14622,0.107719,0.0404407,0.050906,0.30322,0.242627,0.0903068,0.0656672,0.0255216,0.0280601,0.435,0.437,bj2018,117.809,146.421,dered,10.864,0.001007,9.99263,0.000625,1,,tycho2v3,tycho2b3,,0.865341699007502,0.597532578893508,357.789427166794,-68.546036515466,0.0237881447458528,0.019808737009299,1,0,1725730091,6.388443589974861e+18,0.94364893
293528009,20190415,,,061-030933,23565956-7752226,,J235659.53-775222.6,6.377112607254884e+18,35116584,,STAR,tmgaia2,359.248152802762,-77.8729692742993,tmgaia2,-4.46361,0.0296863,8.6352,0.0263777,gaia2,1.59574,0.016761,gaia2,306.572519254206,-38.8678027836232,298.220350593012,-63.6257257747581,14.069,0.029,13.481,0.057,,,,,,,,,,,12.211,0.023,11.935,0.025,11.901,0.025,AAA-222-111-000-0-0,,11.826,0.023,11.86,0.021,12.017,0.198,9.327,,13.3,0.000252,12.8607,0.006,rered,spect,5766.72,109.823,4.26762,0.0730169,-0.0808779,0.0806256,1.23493,0.0557185,1.03,0.134318,0.546897,0.108554,DWARF,1.5194906,0.06327815,615.55,6.399,0.0470325,0.010364865,88,0.00309782382,,,0.000403673243,0.0123921,0.00833763,schlegel,0.122073,0.146563,0.0707693,0.0406678,0.0797781,0.137329,0.062607,0.0834268,0.0632547,0.0633016,6.334,6.464,bj2018,120.045,99.6012,spect,13.6415,0.001473,12.8039,0.000992,1,,ucac4,apassdr9,,0.591795507007225,0.40906065504509,359.248061321726,-77.8729320949808,0.0168453338205225,0.0129899958427722,1,0,1726177760,6.377112607254884e+18,0.94834715
204441021,20190415,,7487-01576-1,294-226865,21420054-3115402,,J214200.58-311540.1,6.593095551813556e+18,,,STAR,tmgaia2,325.502297107832,-31.2611710956511,tmgaia2,35.9841,0.0988988,-3.51657,0.0733028,gaia2,8.61527,0.0682096,gaia2,15.4695345623727,-48.7634362001631,317.276815521377,-16.4714588136492,8.776,0.027,8.267,0.002,,,,,,,,,,,7.374,0.021,7.172,0.033,7.09,0.026,AAA-111-111-000-0-0,,7.009,0.056,7.082,0.019,7.094,0.017,6.987,0.094,8.16482,0.000467,7.8212,0.006,rered,gaia2,6411.0,131.656,3.98907,0.0859013,,,1.90455,0.0844347,1.29,0.193696,0.186728,0.0424178,DWARF,5.520576,0.262661,115.697,0.92,0.0166068,0.01015106,71,0.0216800664,,,0.00209771376,0.00952752,0.0107746,schlegel,0.18561,0.201782,0.0831206,0.0857487,0.0469068,0.0379288,0.0990336,0.0727689,0.270669,0.254653,0.913,0.927,bj2018,149.145,114.168,dered,8.43438,0.001671,7.783,0.00153,1,,tycho2v3,tycho2b3,,1.59262006511595,1.13701359755486,325.502478354442,-31.2611862365659,0.0511656675932928,0.0431796111734512,1,0,1716346639,6.593095551813556e+18,0.95679593
350434925,20190415,,,,05403636-5408496,,J054036.33-540848.8,4.768436008152023e+18,,,STAR,tmgaia2,85.1514725096199,-54.14710661223,tmgaia2,-11.9762,0.0973989,68.5808,0.119593,gaia2,10.929,0.0527227,gaia2,261.855263406323,-31.8797825476448,76.9184095769488,-77.3661069960185,19.046,0.166,,,,,,,,,,,,,13.21,0.027,12.671,0.029,12.383,0.029,AAA-222-111-000-0-0,,12.191,0.022,11.997,0.021,12.143,0.194,9.632,,16.2714,0.000769,14.9108,0.00770971,cdwrf,cdwrf,3189.0,157.0,4.98839,0.0130441,,,0.248455,0.00778208,0.21919,0.0202608,14.2915,0.0402068,DWARF,0.0057518594,0.00150211563,91.2611,0.4424,0.0,0.0,72,0.00568927731,,,0.00181791862,0.0,0.0,,,,,,,,,,,,0.4403,0.4445,bj2018,,,cdwrf,17.9923,0.024273,15.0047,0.002225,1,,,bpbj,cooldwarfs_v8,1.69607838942666,1.85465880984279,85.1513844719702,-54.1468113338167,0.0456033270501787,0.0598926018406047,1,0,550153110,4.768436008152023e+18,0.98034525
150440379,20190415,,,144-007518,06301180-6113094,,J063011.81-611309.5,5.478572910260337e+18,29874616,,STAR,tmgaia2,97.5492121305654,-61.2192958032752,tmgaia2,6.81896,0.0429165,-8.08505,0.0450826,gaia2,3.74315,0.0214879,gaia2,270.679824555522,-26.0600020747367,125.322320923698,-83.7192087671056,12.628,0.032,11.941,0.057,,,,,,,,,,,10.685,0.023,10.312,0.021,10.256,0.02,AAA-222-111-000-0-0,,10.205,0.023,10.273,0.02,10.149,0.039,9.258,0.322,11.7673,0.000232,11.2964,0.006,rered,gaia2,5656.0,122.179,4.35184,0.0761017,,,1.10437,0.0532412,1.0,0.126745,0.742433,0.161949,DWARF,1.12450325,0.0393767,265.114,1.5215,0.0325509,0.01009814,102,0.0924540162,,,0.00307612633,0.0129807,0.00721558,schlegel,0.11269,0.1408,0.0540141,0.0524683,0.133978,0.189919,0.0603072,0.0918961,0.0484985,0.0302549,1.513,1.53,bj2018,115.915,128.443,dered,12.1493,0.001098,11.2481,0.000841,1,,ucac4,apassdr9,,0.773159858891167,0.699122993644616,97.5492731107114,-61.2193306139211,0.0198351598709181,0.0218872696908417,1,0,565495774,5.478572910260337e+18,0.99842215
389449215,20190415,,7963-01122-1,256-190984,20493630-3849399,,J204936.29-384939.9,6.77490935147553e+18,19573728,,STAR,tmgaia2,312.401217129049,-38.8277553731022,tmgaia2,0.355969,0.0673135,2.52429,0.0460575,gaia2,1.85612,0.0433361,gaia2,3.47024447620266,-38.8839824271685,304.055154891773,-20.2681738308258,12.861,0.374,12.188,0.026,,,,,,,,,,,10.805,0.024,10.508,0.025,10.43,0.021,AAA-222-111-000-0-0,,10.396,0.022,10.441,0.02,10.341,0.08,8.716,,11.8188,0.000283,11.3852,0.006,rered,gaia2,5917.0,131.329,3.88231,0.0831503,,,1.97057,0.105633,1.08,0.139141,0.141139,0.0317736,DWARF,4.288295,0.2558585,530.902,12.3155,0.0376617,0.00953755,112,0.05964621,,,0.00027191,0.0100622,0.0090129,schlegel,0.128126,0.150157,0.0992296,0.112037,0.0211805,0.0423667,0.105285,0.0610156,0.235517,0.2762,12.035,12.596,bj2018,110.21,152.449,dered,12.1592,0.00091,11.3329,0.000745,1,,tycho2v3,tycho2b3,,1.10678840644673,0.7143086754466,312.401219096413,-38.8277445046313,0.0342388110014203,0.0244165311154899,1,0,1708807796,6.77490935147553e+18,0.9831837
167089732,20190415,,,094-010394,06224423-7119004,,J062244.28-711900.5,5.266381081799682e+18,33616441,,STAR,tmgaia2,95.6843124611263,-71.3168186663984,tmgaia2,18.0672,0.0459757,-0.282987,0.0478836,gaia2,4.16261,0.0286856,gaia2,281.859435635813,-27.8763274981433,249.388243433023,-84.828977689816,13.041,0.03,12.38,0.034,,,,,,,,,,,11.049,0.022,10.731,0.023,10.651,0.023,AAA-222-111-000-0-0,,10.591,0.023,10.628,0.02,10.138,0.035,9.336,0.272,12.177,0.000288,11.7152,0.006,rered,spect,5621.78,124.295,4.57802,0.0771866,-0.109282,0.1,0.85118,0.0440954,1.0,0.121012,1.62157,0.350282,DWARF,0.6519782,0.0240787,238.59,1.645,0.0486476,0.01017218,646,0.07438075,,,0.0034266992,0.00682786,0.0135165,schlegel,0.108006,0.134018,0.032604,0.0555869,0.331352,0.369211,0.0717639,0.0826093,0.0302468,0.0179106,1.634,1.656,bj2018,132.55,116.04,spect,12.5448,0.001629,11.6624,0.001345,1,,ucac4,apassdr9,,0.877432799383387,0.742695738417881,95.6845552986263,-71.3168198849708,0.0253167744044361,0.0272461800339427,1,0,562857056,5.266381081799682e+18,1.1418828
260372199,20190415,,,167-007574,06220958-5639479,,J062209.55-563947.4,5.496129911932159e+18,,,STAR,tmgaia2,95.5399518629154,-56.6633111624929,tmgaia2,-32.7926,0.0730929,38.194,0.0806008,gaia2,13.0397,0.0378303,gaia2,265.480883374619,-26.3125067267894,107.377538274362,-79.7678345130812,18.268,0.162,16.552,1.133,,,,,,,,,,,11.988,0.022,11.428,0.024,11.165,0.024,AAA-222-111-000-0-0,,10.977,0.023,10.782,0.02,10.614,0.05,9.263,,15.0358,0.000601,13.6858,0.00738691,cdwrf,cdwrf,3205.0,157.0,4.88241,0.000920083,,,0.341435,0.0103462,0.324307,0.0203208,8.14765,0.2296,DWARF,0.0110821221,0.00285997987,76.5198,0.2232,0.0,0.0,113,0.0145594021,,,0.00376578863,0.0,0.0,,,,,,,,,,,,0.2226,0.2238,bj2018,,,cdwrf,16.7307,0.005154,13.7777,0.001628,1,,ucac4,bpbj,cooldwarfs_v8,1.28756244335632,1.24997915686603,95.5396949466552,-56.6631467163671,0.0339046324558529,0.0408218055179653,1,0,562922448,5.496129911932159e+18,1.0750135
53814208,20190415,,,309-263166,21490977-2819545,,J214909.76-281954.8,6.809653506594175e+18,14724514,,STAR,tmgaia2,327.290706005579,-28.3318574785297,tmgaia2,-0.869562,0.0526632,-23.0533,0.0431891,gaia2,1.39821,0.0338241,gaia2,20.2542524605896,-49.8898002553844,319.832009851925,-14.2536586408141,14.018,0.013,13.474,0.092,,,,,,,,,,,12.236,0.026,11.931,0.026,11.886,0.026,AAA-222-111-000-0-0,,11.843,0.023,11.848,0.022,11.808,0.3,8.869,,13.2808,0.000302,12.8575,0.0067,rered,spect,5804.83,116.642,4.16196,0.0767602,-0.408039,0.0740917,1.40142,0.0729548,1.04,0.127484,0.377855,0.0812457,DWARF,2.0090518,0.113891,701.091,16.76,0.048311,0.004494155,64,0.003461881,,,0.000186666468,0.00560796,0.00338035,panstarrs,0.146343,0.108625,0.0646065,0.081303,0.0772535,0.0852379,0.0887799,0.0647404,0.108065,0.119717,16.367,17.153,bj2018,135.809,97.4743,spect,13.6026,0.00187,12.7966,0.001257,1,,ucac4,apassdr9,,0.842368541894276,0.66983621517119,327.290701752126,-28.3319567357912,0.0286707925707767,0.0232943008214937,1,0,1717072087,6.809653506594175e+18,0.98662597
260371854,20190415,,8538-00147-1,171-007791,06212157-5557010,,J062121.69-555701.1,5.49640468675979e+18,27293445,,STAR,tmgaia2,95.3399053524725,-55.9502946426088,tmgaia2,91.6051,0.0554762,-5.35233,0.0446962,gaia2,13.3085,0.0220087,gaia2,264.676125217918,-26.2966186515321,105.985035073739,-79.0929030405678,11.606,0.109,10.733,0.008,,,,,,,,,,,9.078,0.032,8.626,0.051,8.456,0.021,AAA-111-111-000-0-0,,8.409,0.023,8.481,0.02,8.421,0.018,8.562,0.189,10.4708,0.000411,9.8727,0.006,gbprp,gaia2,4853.0,128.718,4.54289,0.0909238,,,0.787771,0.0545025,0.79,0.0924544,1.61595,0.429336,DWARF,0.310124516,0.0105702654,74.977,0.12465,0.0,0.0,120,0.00665612146,,,0.0129932137,0.0,0.0,,0.086646,0.0982629,0.0394417,0.0695633,0.406753,0.451919,0.0925804,0.0892672,0.00826283,0.0128777,0.1245,0.1248,bj2018,170.369,87.0679,dered0,11.0026,0.001377,9.82701,0.000883,1,,tycho2v3,tycho2b3,,0.973926880902183,0.693175364828795,95.3406097683766,-55.9503176893719,0.0231696544756143,0.023077655130507,1,0,562291256,5.49640468675979e+18,1.0714325
53814363,20190415,,,306-283402,21485963-2856059,,J214859.63-285606.4,6.80959619455047e+18,14724473,,STAR,tmgaia2,327.248463718465,-28.9350088495443,tmgaia2,5.03881,0.0562904,-40.7312,0.0521679,gaia2,3.351,0.0383181,gaia2,19.3201572506005,-49.9485236150794,319.58068395578,-14.8068114489885,13.737,0.013,12.925,0.126,,,,,,,,,,,11.494,0.022,11.094,0.023,11.03,0.021,AAA-222-111-000-0-0,,10.972,0.023,11.03,0.021,11.072,0.158,,,12.7321,0.000188,12.2094,0.006,rered,spect,5292.21,146.005,4.47792,0.0928335,0.145628,0.0551907,0.910657,0.0615704,0.909,0.117646,1.20365,0.320301,DWARF,0.586074233,0.0229962,295.919,3.3815,0.0239402,0.00823641,68,0.00557408156,,,0.000481846218,0.00698324,0.00948958,panstarrs,0.0852088,0.150083,0.0814151,0.0417256,0.27309,0.367512,0.0981026,0.0875643,0.0269374,0.019055,3.343,3.42,bj2018,92.6496,199.361,spect,13.1675,0.000908,12.1588,0.001005,1,,ucac4,apassdr9,,0.901620365409273,0.809161681335542,327.24848850782,-28.9351842199924,0.0313519185052052,0.0300783044029769,1,0,1716974371,6.80959619455047e+18,1.0046299
176937374,20190415,,,096-012587,06415945-7049067,,J064159.43-704906.6,5.266820263672026e+18,33624648,,STAR,tmgaia2,100.497683853929,-70.8185632850631,tmgaia2,-4.90304,0.0410263,10.9232,0.0386666,gaia2,2.54617,0.0205625,gaia2,281.455655164888,-26.2775029517698,232.948085314968,-84.2982320392269,13.098,0.026,12.509,0.08,,,,,,,,,,,11.374,0.027,11.128,0.022,11.026,0.019,AAA-222-111-000-0-0,,11.003,0.023,11.025,0.02,10.858,0.051,9.684,,12.3658,0.000168,11.9554,0.006,rered,spect,5977.85,127.549,4.3832,0.0816367,0.0476774,0.1,1.1172,0.0565477,1.1,0.138077,0.788862,0.173484,DWARF,1.435939,0.06053105,388.358,3.1245,0.0527495,0.0105377948,175,0.0241552554,,,0.0019708958,0.0123905,0.00868509,schlegel,0.123969,0.152185,0.0530995,0.059996,0.160595,0.186373,0.0872293,0.0760442,0.0446675,0.0763946,3.1,3.149,bj2018,133.534,121.563,spect,12.6825,0.001252,11.9013,0.000807,1,,ucac4,apassdr9,,0.78050204665975,0.599666260340583,100.49761960305,-70.8185162546295,0.0209032057960907,0.0200104464610214,1,0,569248835,5.266820263672026e+18,1.1283959
53812675,20190415,,,329-200620,21483101-2422375,,J214831.02-242237.5,6.813217814053832e+18,12426731,,STAR,tmgaia2,327.129272270785,-24.377103194973,tmgaia2,-2.21638,0.0414982,-0.228278,0.0397319,gaia2,1.34764,0.0281001,gaia2,26.1628011361023,-48.9436084716934,321.079531290838,-10.488458694035,13.883,0.023,13.465,0.149,,,,,,,,,,,12.391,0.022,12.142,0.023,12.112,0.025,AAA-222-111-000-0-0,,12.081,0.023,12.081,0.023,11.785,0.27,8.556,0.392,13.2692,0.000221,12.9178,0.009,rered,gaia2,6458.0,131.279,4.42975,0.0866532,,,1.15557,0.0564422,1.31,0.207241,0.848947,0.196598,DWARF,2.09257317,0.134029,726.715,14.9575,0.039368,0.009874365,69,0.00274692033,,,0.0002307568,0.00712183,0.0126269,panstarrs,0.167433,0.247049,0.0369985,0.0758859,0.182898,0.210297,0.105297,0.0680093,0.140216,0.127842,14.655,15.26,bj2018,107.985,154.572,dered,13.5226,0.001126,12.8551,0.001037,1,,ucac4,apassdr9,,0.658478747997427,0.616419819561089,327.12926179402,-24.377104177837,0.0235934160761717,0.0266271919646557,1,0,1716973680,6.813217814053832e+18,1.0402591
150274290,20190415,,,145-007249,06200191-6107507,,J062001.92-610750.5,5.481538494981476e+18,29868102,,STAR,tmgaia2,95.0080273361942,-61.1307284078249,tmgaia2,2.412,0.0540873,5.11229,0.0539085,gaia2,1.40807,0.0234121,gaia2,270.381693934333,-27.2590743056236,114.394218803702,-84.1428432722645,13.042,0.03,12.613,0.08,,,,,,,,,,,11.585,0.024,11.306,0.025,11.32,0.028,AAA-222-111-000-0-0,,11.265,0.023,11.296,0.02,11.277,0.085,9.672,,12.4408,0.000201,12.0769,0.006,rered,spect,6154.18,100.471,3.99788,0.0742396,0.164427,0.1,1.7955,0.0755529,1.17,0.149464,0.20213,0.0415477,DWARF,4.16624546,0.2275145,695.998,11.4285,0.0419567,0.0101646,112,0.03208988,,,0.0008961627,0.0086474,0.0116818,schlegel,0.121997,0.176931,0.104846,0.0462598,0.0430794,0.040016,0.080484,0.0679953,0.22087,0.234159,11.244,11.613,bj2018,94.8674,106.074,spect,12.7163,0.001354,12.025,0.001017,1,,ucac4,apassdr9,,0.973902628179095,0.835938401919617,95.0080488455665,-61.1307063965778,0.0225776446413155,0.0244162009915794,1,0,562194821,5.481538494981476e+18,1.074675
201292038,20190415,,8464-01332-1,180-000214,00120385-5400059,,J001203.80-540006.9,4.923826000776486e+18,25162132,,STAR,tmgaia2,3.0160864559045,-54.0016584712935,tmgaia2,-42.018,0.0371608,-84.2864,0.0401093,gaia2,5.70426,0.0293072,gaia2,315.359560783481,-62.1663253425053,333.437497363704,-48.9883270700211,11.717,0.111,11.038,0.008,,,,,,,,,,,10.007,0.022,9.7,0.022,9.661,0.021,AAA-222-111-000-0-0,,9.61,0.023,9.645,0.02,9.575,0.039,9.097,,10.9748,0.000297,10.5715,0.006,rered,gaia2,5986.0,136.885,4.57357,0.081544,,,0.897317,0.0423317,1.1,0.146155,1.52249,0.340576,DWARF,0.9313936,0.03547655,174.428,0.898,0.00792357,0.00944581,34,0.02114368,,,0.002138058,0.00922113,0.00967049,schlegel,0.143189,0.149121,0.0576302,0.0270332,0.318603,0.36255,0.0943156,0.0687723,0.0428449,0.0281082,0.893,0.903,bj2018,113.535,160.236,dered,11.2874,0.000835,10.5212,0.000565,1,,tycho2v3,tycho2b3,,0.646743592607944,0.622023863155876,3.01577865975599,-54.0020213714555,0.0192446907076444,0.0202501899037262,1,0,508155037,4.923826000776486e+18,0.8852271
293525494,20190415,,,078-052050,23271701-7432448,,J232717.06-743245.0,6.378177205092654e+18,34535953,,STAR,tmgaia2,351.820932983468,-74.5457910535909,tmgaia2,4.04709,0.038807,-5.69553,0.0367911,gaia2,1.49901,0.0235371,gaia2,310.254690543124,-41.3641015270509,302.240985061245,-60.3692614119754,13.086,0.011,12.64,0.092,,,,,,,,,,,11.644,0.024,11.461,0.027,11.411,0.026,AAA-222-111-000-0-0,,11.347,0.022,11.381,0.021,11.455,0.135,9.009,,12.4949,0.000192,12.1393,0.006,rered,gaia2,6386.0,130.69,4.19229,0.0883913,,,1.50139,0.0668568,1.28,0.203245,0.378209,0.0885974,DWARF,3.377501,0.1808595,654.605,10.1635,0.0288574,0.009871295,83,0.0605608933,,,0.0004123423,0.00930889,0.0104337,schlegel,0.164332,0.242157,0.0770548,0.0566588,0.0903805,0.0868144,0.0883584,0.0884241,0.205848,0.155871,10.008,10.319,bj2018,162.287,99.0932,dered,12.7616,0.001095,12.0868,0.00078,1,,ucac4,apassdr9,,0.756167631530596,0.570599112689078,351.820998375789,-74.5458155760215,0.0204172547297375,0.0196097356269832,1,0,1724348424,6.378177205092654e+18,1.0540707
201293562,20190415,,,158-000188,00122709-5825282,,J001227.14-582528.1,4.918369433804784e+18,27129956,,STAR,tmgaia2,3.11289581152805,-58.4245291648566,tmgaia2,42.649,0.0272094,8.9609,0.0264196,gaia2,2.56505,0.0162248,gaia2,312.553295545958,-57.9695315386234,329.109680248947,-52.4630538457099,14.316,0.03,13.519,0.114,,,,,,,,,,,11.822,0.021,11.376,0.024,11.271,0.02,AAA-222-111-000-0-0,,11.248,0.023,11.294,0.02,11.302,0.145,9.188,,13.2206,0.000288,12.656,0.006,rered,spect,5149.96,120.841,4.38404,0.0858131,0.0588154,0.0728493,0.992603,0.0592462,0.87,0.108457,0.889595,0.2166,DWARF,0.624398053,0.02316465,385.516,2.4295,0.00847126,0.0101286247,48,0.002223985,,,0.000547337229,0.0106023,0.00965495,schlegel,0.0733293,0.143584,0.047406,0.0710864,0.171826,0.261375,0.0804205,0.0912058,0.0242879,0.0220414,2.414,2.445,bj2018,129.349,112.333,spect,13.6986,0.001652,12.5982,0.000903,1,,ucac4,apassdr9,,0.483418512379821,0.409712068049563,3.11324649944247,-58.4244905836836,0.0145277601156656,0.0130620247668563,1,0,508155728,4.918369433804784e+18,1.093192
238177233,20190415,,,103-117536,23531084-6928440,,J235310.87-692844.1,6.386889425992844e+18,32261529,,STAR,tmgaia2,358.2952528625,-69.4789036738806,tmgaia2,9.63399,0.0406856,-11.183,0.0421376,gaia2,1.34762,0.0252023,gaia2,310.33114412059,-46.8035096245126,312.521492476877,-58.7722660320968,13.114,0.04,12.615,0.08,,,,,,,,,,,11.513,0.023,11.288,0.023,11.254,0.021,AAA-222-111-000-0-0,,11.233,0.023,11.263,0.02,11.088,0.1,8.811,,12.4716,0.000191,12.0987,0.006,rered,spect,6132.45,126.773,3.97875,0.0857216,-0.178104,0.0841371,1.82763,0.0939849,1.16,0.166452,0.190018,0.0444283,DWARF,4.25604,0.2355545,726.614,13.4095,0.0274248,0.0103351,84,0.007168617,,,0.000307369541,0.0101636,0.0105066,schlegel,0.148651,0.184254,0.0955724,0.0923975,0.0375449,0.0513117,0.0739378,0.0975054,0.269195,0.201914,13.167,13.652,bj2018,154.596,98.9502,spect,12.7512,0.001559,12.0434,0.000786,1,,ucac4,apassdr9,,0.767720291275695,0.653488156762715,358.295371189169,-69.4789518229482,0.0215491804830862,0.0215480067126933,1,0,1725949291,6.386889425992844e+18,1.1467487
150442075,20190415,,,143-007803,06312220-6132485,,J063122.19-613248.8,5.478502369717546e+18,29875387,,STAR,tmgaia2,97.8424768525144,-61.5468304325699,tmgaia2,0.984374,0.0386973,-22.8693,0.0489101,gaia2,2.53045,0.0197722,gaia2,271.065067149594,-25.9754336035013,127.966873406141,-83.9340799468901,13.32,0.021,12.737,0.08,,,,,,,,,,,11.573,0.024,11.257,0.022,11.198,0.025,AAA-222-111-000-0-0,,11.183,0.023,11.218,0.02,11.346,0.082,9.327,,12.5939,0.000207,12.1743,0.006,rered,gaia2,6038.0,125.822,4.50444,0.0802578,,,0.980442,0.0432663,1.12,0.152528,1.18837,0.25896,DWARF,1.15109384,0.04757935,390.74,3.042,0.0445726,0.0100721046,124,0.0268860441,,,0.00210654782,0.00865001,0.0114942,schlegel,0.152527,0.152529,0.0461452,0.0403874,0.243728,0.274192,0.0829017,0.0776138,0.0380459,0.0571128,3.019,3.065,bj2018,148.128,103.515,dered,12.9194,0.00101,12.1207,0.001285,1,,ucac4,apassdr9,,0.698343264372617,0.758426244306827,97.8424857482289,-61.5469288976117,0.0183081431723656,0.0220187851721299,1,0,565497377,5.478502369717546e+18,1.0886205
167089502,20190415,,9168-00268-1,095-011393,06231441-7101294,,J062314.39-710129.3,5.278401767548589e+18,33616660,,STAR,tmgaia2,95.8100078954246,-71.0248401953446,tmgaia2,-3.99282,0.0396468,10.3586,0.0443556,gaia2,1.12821,0.0229223,gaia2,281.531824265845,-27.8216504863425,247.474819688383,-85.0709427490737,12.85,0.375,11.809,0.033,,,,,,,,,,,11.012,0.023,10.779,0.025,10.741,0.023,AAA-222-111-000-0-0,,10.689,0.023,10.709,0.02,10.721,0.046,9.361,,11.9011,0.000228,11.5343,0.006,rered,gaia2,6476.0,134.074,3.71003,0.0890679,,,2.65649,0.129116,1.32,0.2129,0.0704128,0.0165401,DWARF,11.1824474,0.6876065,864.318,17.2555,0.0669391,0.0103786,647,0.0257527456,,,0.000703444,0.010186,0.0105712,schlegel,0.186317,0.239482,0.111321,0.14691,0.0146095,0.0184706,0.0920522,0.0860836,0.725125,0.650088,16.918,17.593,bj2018,148.166,119.981,dered,12.1795,0.000821,11.4811,0.000854,1,,tycho2v3,tycho2b3,,0.755244203734391,0.687912289233328,95.8099550248273,-71.0247955958245,0.0209111256647002,0.0234700349168303,1,0,562856827,5.278401767548589e+18,0.97596633
389447321,20190415,,7469-01173-1,267-186923,20490131-3641193,,J204901.33-364119.2,6.778366834508246e+18,19572928,,STAR,tmgaia2,312.255484422392,-36.6886924127998,tmgaia2,7.28949,0.0614315,4.20738,0.0469868,gaia2,1.67363,0.0438003,gaia2,6.17448761638893,-38.5163534551849,304.580895317639,-18.1843149772974,12.198,0.203,11.618,0.014,,,,,,,,,,,11.024,0.024,10.84,0.025,10.818,0.024,AAA-222-111-000-0-0,,10.767,0.023,10.774,0.02,10.892,0.115,9.098,,11.795,0.000313,11.4783,0.006,rered,gaia2,6651.0,136.091,4.11296,0.0902592,,,1.72035,0.0834598,1.4,0.23436,0.274966,0.0660527,DWARF,5.21764851,0.374221,587.905,15.267,0.0313056,0.01015435,129,0.0176768787,,,0.000306148926,0.0101388,0.0101699,schlegel,0.187506,0.281213,0.0848764,0.0820432,0.0709596,0.0611457,0.0965008,0.0840176,0.460548,0.287894,14.878,15.656,bj2018,108.204,163.978,dered,12.0251,0.001029,11.4231,0.000628,1,,tycho2v3,tycho2b3,,1.00365627323626,0.728697417173933,312.255523561382,-36.6886742976977,0.0313356548884276,0.0242019861747091,1,0,1708806133,6.778366834508246e+18,1.0302832
201291943,20190415,,8464-01386-1,179-000175,00105201-5417264,,J001052.02-541726.3,4.923784391133337e+18,25162091,,STAR,tmgaia2,2.71676246801047,-54.2906504239564,tmgaia2,6.10307,0.0428436,9.69311,0.0416208,gaia2,1.57704,0.0314299,gaia2,315.509726525086,-61.8357449449803,332.957460681312,-49.1119014006002,10.761,0.07,10.563,0.006,,,,,,,,,,,10.157,0.021,10.083,0.022,10.029,0.021,AAA-222-111-000-0-0,,10.026,0.023,10.044,0.02,10.043,0.051,8.522,,10.5513,0.000439,10.4103,0.006,rered,gaia2,7858.0,143.572,3.97946,0.0813365,,,2.31858,0.0769698,1.87,0.303043,0.150029,0.0307989,DWARF,18.4666367,0.993628,622.844,12.288,0.0144754,0.01018753,36,0.00591170136,,,0.000575210957,0.00924116,0.0111339,schlegel,0.211249,0.394836,0.0581291,0.0958106,0.0282036,0.0333943,0.0696674,0.0930056,1.1201,0.867156,12.05,12.526,bj2018,139.178,147.966,dered,10.6601,0.001207,10.3727,0.000992,1,,tycho2v3,tycho2b3,,0.746594139338893,0.645443557078079,2.71680748820969,-54.2906086897408,0.0217785170604274,0.0203586441553418,1,0,507941944,4.923784391133337e+18,1.1058972
176935705,20190415,,,110-012828,06423039-6800040,,J064230.37-680004.0,5.280105662670804e+18,32019039,,STAR,tmgaia2,100.626632125862,-68.0011362530986,tmgaia2,-6.3472,0.036042,4.92586,0.0392097,gaia2,1.68318,0.0185724,gaia2,278.358002399195,-25.8344836488985,204.191033026394,-85.6569880761547,12.976,0.079,12.454,0.046,,,,,,,,,,,11.493,0.026,11.288,0.022,11.233,0.021,AAA-222-111-000-0-0,,11.207,0.023,11.228,0.02,11.138,0.067,9.504,,12.3379,0.000202,11.991,0.006,rered,spect,6108.88,123.614,4.08206,0.0821562,-0.0735673,0.1,1.61567,0.0739698,1.15,0.155329,0.27267,0.061357,DWARF,3.27527452,0.154847,584.118,6.385,0.0476163,0.01005822,174,0.06349561,,,0.00109314721,0.00912944,0.010987,schlegel,0.139302,0.171357,0.0670794,0.0808603,0.0581008,0.0646131,0.0736941,0.0906183,0.143939,0.165755,6.316,6.454,bj2018,125.788,121.44,spect,12.5977,0.00165,11.9381,0.000997,1,,ucac4,apassdr9,,0.674089115448786,0.608089889398184,100.626559170489,-68.0011150445507,0.0176004002419331,0.020318111702954,1,0,570035067,5.280105662670804e+18,1.197554
53815230,20190415,,,311-262459,21493292-2753489,,J214932.91-275348.9,6.81009121100563e+18,14724596,,STAR,tmgaia2,327.387172276278,-27.8969275104168,tmgaia2,2.01321,0.0534351,0.847681,0.0445157,gaia2,0.924422,0.036378,gaia2,20.9420108147383,-49.9005292038184,320.0691211496,-13.8748422142979,13.535,0.032,13.062,0.08,,,,,,,,,,,11.986,0.026,11.704,0.023,11.683,0.023,AAA-222-111-000-0-0,,11.604,0.023,11.666,0.022,11.087,0.126,8.738,,12.9102,0.000369,12.5396,0.0075,rered,spect,6164.54,130.577,3.84777,0.0968162,-0.477236,0.0850613,2.13423,0.13191,1.17,0.173813,0.120355,0.0329471,DWARF,5.92623425,0.51432,1049.77,40.42,0.0274545,0.00690379,84,0.008163131,,,0.0001155783,0.00570167,0.00810591,panstarrs,0.144042,0.203584,0.127524,0.136295,0.0379776,0.0279167,0.104514,0.0891185,0.381568,0.647072,38.89,41.95,bj2018,108.388,152.766,spect,13.1804,0.001465,12.4769,0.001068,1,,ucac4,apassdr9,,0.853886420332514,0.690539452400362,327.387182084016,-27.8969238606795,0.028563083634883,0.0274574630505048,1,0,1717072961,6.81009121100563e+18,1.0879624
139197460,20190415,,8011-00943-1,227-197235,23015819-4447266,,J230158.20-444726.6,6.540182345001923e+18,22081612,,STAR,tmgaia2,345.492486052979,-44.7907379186518,tmgaia2,14.8197,0.0558375,-2.37216,0.0855252,gaia2,2.30949,0.0763857,gaia2,346.779619351646,-61.9053305440665,327.166133313359,-35.1463522671287,11.422,0.123,10.744,0.008,,,,,,,,,,,9.86,0.025,9.601,0.022,9.584,0.023,AAA-222-111-000-0-0,,9.514,0.023,9.568,0.02,9.532,0.035,8.865,,10.7567,0.000424,10.3778,0.006,rered,spect,5855.2,102.668,3.64749,0.0757821,-0.08,0.09,2.55824,0.137709,1.06,0.127243,0.0633113,0.0136576,DWARF,6.93018675,0.5378925,428.214,14.1305,0.00928603,0.01035379,43,0.001971735,,,0.000432642846,0.00978988,0.0109177,schlegel,0.141842,0.112643,0.159967,0.11545,0.0111063,0.0162088,0.0631304,0.0884337,0.446891,0.628894,13.673,14.588,bj2018,108.269,97.0666,spect,11.0499,0.000633,10.3313,0.000842,1,,tycho2v3,tycho2b3,,0.936370793692505,1.3262687077366,345.492575961988,-44.7907481321538,0.0231846137658364,0.0408128013365685,1,0,1722801486,6.540182345001923e+18,1.2105504
150272447,20190415,,8898-01453-1,139-007073,06182326-6220297,,J061823.16-622029.1,5.478042292821081e+18,29866985,,STAR,tmgaia2,94.5968859002787,-62.3415910661792,tmgaia2,-56.4346,0.0414813,58.1268,0.043353,gaia2,13.2149,0.0208477,gaia2,271.709933488129,-27.5970322335896,117.260790628409,-85.3411651476445,9.958,0.041,9.357,0.003,,,,,,,,,,,8.227,0.018,7.979,0.036,7.925,0.027,AAA-111-111-000-0-0,,7.829,0.029,7.885,0.02,7.863,0.018,7.836,0.109,9.20898,0.000238,8.8015,0.006,gbprp,gaia2,5925.0,121.319,4.57616,0.0750459,,,0.886478,0.0412061,1.08,0.128232,1.55032,0.324497,DWARF,0.8725365,0.02605245,75.5071,0.11975,0.0,0.0,117,0.00632833876,,,0.0181726869,0.0,0.0,,0.0828344,0.173629,0.0346538,0.0477583,0.252426,0.396569,0.0556309,0.0944609,0.028878,0.0232269,0.1196,0.1199,bj2018,108.235,134.403,dered0,9.53294,0.001384,8.75846,0.001768,1,,tycho2v3,tycho2b3,,0.751713598301699,0.672349424795853,94.5963624562495,-62.3413407989936,0.0200150986334258,0.0225400135550963,1,0,561571458,5.478042292821081e+18,0.79846156
141943927,20190415,,,075-005930,06221015-7509070,,J062210.15-750906.7,5.261755402015779e+18,34632920,,STAR,tmgaia2,95.5422997648583,-75.151977851784,tmgaia2,-0.388488,0.0315606,28.6004,0.0450643,gaia2,1.44951,0.0207053,gaia2,286.198325792587,-28.0216276857924,260.660395922577,-81.2278626955394,13.559,0.071,12.924,0.057,,,,,,,,,,,11.736,0.023,11.441,0.024,11.403,0.021,AAA-222-111-000-0-0,,11.352,0.023,11.386,0.02,11.452,0.117,9.287,,12.8085,0.00027,12.3746,0.006,rered,gaia2,6168.0,132.876,4.1181,0.0839898,,,1.57008,0.0759799,1.18,0.163183,0.304869,0.0689614,DWARF,3.21453333,0.165832,676.473,9.548,0.0967068,0.01052088,184,0.0229748953,,,0.0009421859,0.00937876,0.011663,schlegel,0.151925,0.174441,0.0699643,0.0819955,0.0489375,0.0889854,0.0641826,0.103797,0.187237,0.144427,9.416,9.68,bj2018,147.981,117.772,dered,13.1454,0.001769,12.3174,0.000977,1,,ucac4,apassdr9,,0.617501945185848,0.698836409518365,95.5422932375706,-75.151854711172,0.0180587827855085,0.0217889239591397,1,0,562838805,5.261755402015779e+18,1.0557071
234336622,20190415,,,094-002765,02274450-7123216,,J022744.51-712321.8,4.645004557939702e+18,33530877,,STAR,tmgaia2,36.9354605563992,-71.3893824072239,tmgaia2,3.05223,0.0205446,-4.90164,0.0186157,gaia2,1.83756,0.0109167,gaia2,292.549642106509,-43.745600636975,321.759276747347,-71.0476915320356,14.271,0.021,13.605,0.137,,,,,,,,,,,12.261,0.023,11.919,0.022,11.894,0.025,AAA-222-111-000-0-0,,11.841,0.022,11.892,0.021,11.994,0.211,8.797,,13.4281,0.000181,12.9566,0.006,rered,spect,5595.54,122.674,4.38731,0.0768119,-0.0421768,0.0870701,1.05487,0.0539598,0.99,0.122494,0.84341,0.180762,DWARF,0.982789457,0.03419375,535.762,3.1575,0.0258793,0.01016325,64,0.00176233263,,,0.000572486257,0.0102804,0.0100461,schlegel,0.0996311,0.145356,0.0512302,0.0566894,0.151573,0.209951,0.0682327,0.085391,0.0359415,0.032446,3.139,3.176,bj2018,99.2089,146.14,spect,13.8024,0.000956,12.8998,0.000892,1,,ucac4,apassdr9,,0.392257074508131,0.288693267853536,36.9355017350495,-71.3894035115119,0.0110037947909508,0.00930258430390194,1,0,518587152,4.645004557939702e+18,1.0109352
161401923,20190415,,,197-190339,23011767-5038032,,J230117.67-503803.4,6.514531425919604e+18,26096290,,STAR,tmgaia2,345.323649357117,-50.634256069642,tmgaia2,-4.76526,0.0381499,-9.34115,0.0544459,gaia2,1.33775,0.0444404,gaia2,337.123250824831,-58.5475828721404,323.443148533222,-40.1953448954621,13.62,0.038,13.061,0.103,,,,,,,,,,,11.832,0.027,11.581,0.022,11.512,0.023,AAA-222-111-000-0-0,,11.485,0.023,11.52,0.021,11.298,0.178,8.91,,12.8882,0.000366,12.4703,0.006,rered,gaia2,5886.0,130.16,4.05077,0.0803847,,,1.61563,0.090314,1.07,0.133627,0.253721,0.0568289,DWARF,2.82267618,0.2149675,732.303,24.031,0.00676419,0.009979485,38,0.000105418156,,,0.0002329927,0.00852357,0.0114354,schlegel,0.100213,0.16704,0.113934,0.066694,0.0437405,0.0699174,0.0709122,0.0898572,0.16761,0.262325,23.257,24.805,bj2018,142.941,117.378,dered,13.2072,0.001246,12.4122,0.001445,1,,ucac4,apassdr9,,0.654453165843167,0.844615379860835,345.323617009468,-50.6342962884868,0.019861154418102,0.0344761432929966,1,0,1722823001,6.514531425919604e+18,1.2915417
389449461,20190415,,7963-01307-1,254-182426,20494126-3916486,,J204941.24-391648.9,6.678764618769031e+18,19573824,,STAR,tmgaia2,312.421951980348,-39.2801827277285,tmgaia2,-20.685,0.0753245,-22.3019,0.058484,gaia2,1.65015,0.0509857,gaia2,2.89373570818649,-38.9450849845055,303.933300576176,-20.7062609341655,11.992,0.243,11.643,0.017,,,,,,,,,,,10.858,0.022,10.684,0.022,10.671,0.021,AAA-222-111-000-0-0,,10.636,0.022,10.646,0.02,10.534,0.078,9.046,,11.6186,0.00057,11.3262,0.006,rered,gaia2,6870.0,131.594,4.09929,0.089811,,,1.80295,0.0925326,1.49,0.248476,0.254236,0.0622916,DWARF,6.523608,0.530341,596.356,18.293,0.0434896,0.01048844,100,0.00229516439,,,0.000327532238,0.013469,0.00750788,schlegel,0.218342,0.27861,0.0806101,0.104455,0.0556194,0.0689637,0.08566,0.0939621,0.651553,0.409129,17.742,18.844,bj2018,104.781,158.407,dered,11.827,0.001088,11.2686,0.000691,1,,tycho2v3,tycho2b3,,1.24019980253965,0.907028646691594,312.421836924015,-39.2802787498553,0.036929648307239,0.0309045290400013,1,0,1708808042,6.678764618769031e+18,0.9148795
280911815,20190415,,,045-003968,06490177-8101132,,J064901.74-810112.7,5.207537074900521e+18,35134375,,STAR,tmgaia2,102.257372147358,-81.0203655869533,tmgaia2,-5.64065,0.0336292,49.5043,0.0444407,gaia2,2.25047,0.0225156,gaia2,292.855956626998,-26.8627604543179,262.536968296671,-75.2190808173083,13.569,0.04,12.867,0.057,,,,,,,,,,,11.498,0.024,11.145,0.022,11.063,0.025,AAA-222-111-000-0-0,,11.025,0.023,11.061,0.02,10.943,0.072,9.089,,12.6986,0.000215,12.2076,0.006,rered,gaia2,6001.0,124.641,4.32179,0.0764785,,,1.20448,0.0535478,1.11,0.144012,0.635215,0.132582,DWARF,1.69508231,0.0740418,438.754,4.3675,0.144291,0.01018415,141,0.0370102525,,,0.0009860267,0.0097099,0.0106584,schlegel,0.158892,0.129133,0.0585779,0.0485176,0.128155,0.137008,0.0792085,0.0737485,0.0694618,0.0786218,4.325,4.41,bj2018,119.135,130.147,dered,13.0901,0.001171,12.1497,0.000439,1,,ucac4,apassdr9,,0.68582748897183,0.689203566973376,102.257216550193,-81.0201524434702,0.0178352257345213,0.0226631157854018,1,0,572823791,5.207537074900521e+18,1.1089481
141945447,20190415,,,,06213310-7253404,,J062133.18-725339.9,5.265233844491723e+18,,,STAR,tmgaia2,95.3879911094654,-72.8945270753357,tmgaia2,29.9553,0.0914897,36.7601,0.165119,gaia2,12.9746,0.064597,gaia2,283.640559599026,-28.0247217189525,256.089231462887,-83.4031530866928,19.055,0.165,,,,,,,,,,,,,13.082,0.024,12.57,0.028,12.245,0.026,AAA-222-111-000-0-0,,12.097,0.023,11.898,0.021,11.947,0.135,9.501,,16.0947,0.001167,14.76,0.00755151,cdwrf,cdwrf,3240.0,157.0,5.01972,0.0179408,,,0.226647,0.00701797,0.196043,0.0201715,16.8384,0.173371,DWARF,0.00510005327,0.00131209067,76.905,0.38495,0.0,0.0,521,0.08584176,,,0.00279097352,0.0,0.0,,,,,,,,,,,,0.383,0.3869,bj2018,,,cdwrf,17.7267,0.01218,14.8457,0.002189,1,,,bpbj,cooldwarfs_v8,1.76364924390631,2.56044638656776,95.3884296009421,-72.8943688031536,0.0511515678792895,0.0751094455288977,1,0,562194145,5.265233844491723e+18,1.0247427
350823270,20190415,,8532-00037-1,154-006522,05582943-5916227,,J055829.44-591622.8,4.764963402538572e+18,27274690,,STAR,tmgaia2,89.6226809807247,-59.2729816909795,tmgaia2,-0.182903,0.0501499,-15.8861,0.0605919,gaia2,2.24247,0.0301436,gaia2,267.983898728118,-29.7418500387766,88.4804901643289,-82.7102728663258,12.626,0.392,12.101,0.027,,,,,,,,,,,11.324,0.022,11.11,0.025,11.054,0.021,AAA-222-111-000-0-0,,11.009,0.023,11.04,0.02,10.995,0.076,9.389,,12.2155,0.000208,11.8485,0.006,rered,gaia2,6330.0,132.822,4.39415,0.0884518,,,1.17602,0.0549447,1.25,0.193575,0.76854,0.184126,DWARF,2.0005002,0.103629448,440.336,5.8895,0.0332447,0.01037942,89,0.00673891464,,,0.001964817,0.0126703,0.00808854,schlegel,0.163811,0.223339,0.0603221,0.0495673,0.162997,0.205255,0.0783026,0.0986011,0.111621,0.0956379,5.812,5.967,bj2018,117.319,148.325,dered,12.4925,0.00147,11.7957,0.001145,1,,tycho2v3,tycho2b3,,0.894703475281388,0.939705425551895,89.6226794394749,-59.2730500894662,0.0262497539376123,0.0315854282678744,1,0,556214760,4.764963402538572e+18,1.070661
389440520,20190415,,9167-00443-1,100-014555,05433643-7004142,,J054336.40-700414.2,4.657196286524681e+18,33600823,,STAR,tmgaia2,85.9017849730444,-70.0706339771574,tmgaia2,-10.3939,0.0663836,1.89726,0.0756933,gaia2,2.81306,0.0354057,gaia2,280.540152739623,-31.1417388502962,291.443466657121,-86.1793580173211,10.052,0.053,9.678,0.004,,,,,,,,,,,9.023,0.02,8.941,0.022,8.887,0.023,AAA-122-111-000-0-0,,8.829,0.022,8.836,0.02,8.83,0.025,8.8,0.23,9.66479,0.000465,9.4529,0.0062,rered,gaia2,9424.0,187.669,4.10429,0.0655556,,,2.27506,0.0646332,2.4,0.326873,0.203814,0.0336678,DWARF,36.78072,2.71788,351.932,4.419,0.337701,0.0105624553,6562,0.08870032,,,0.00316916057,0.0122491,0.00887581,schlegel,0.274124,0.379622,0.0569965,0.0722698,0.0399,0.0274356,0.0755831,0.055528,2.84334,2.59242,4.364,4.474,bj2018,223.694,151.645,dered,9.85616,0.002012,9.37967,0.002222,1,,tycho2v3,tycho2b3,,1.25714454600466,1.17386695591611,85.9016536835828,-70.0706258084472,0.0351311707017837,0.038172001544816,1,0,550053811,4.657196286524681e+18,0.76181865
293526764,20190415,,,084-063312,23281964-7318533,,J232819.69-731853.4,6.380512881323599e+18,34536222,,STAR,tmgaia2,352.08186422675,-73.3148335584236,tmgaia2,23.1858,0.0466151,2.81105,0.0421987,gaia2,1.64674,0.0287356,gaia2,310.873443663963,-42.5080545814773,304.271910853519,-59.6687649365004,13.452,0.011,12.862,0.092,,,,,,,,,,,11.569,0.026,11.273,0.022,11.188,0.023,AAA-222-111-000-0-0,,11.153,0.023,11.202,0.02,11.189,0.129,8.952,,12.6445,0.0002,12.1947,0.006,rered,spect,5767.51,120.738,4.05953,0.0732623,0.0851483,0.0741871,1.56924,0.0786256,1.03,0.123266,0.266543,0.0545489,DWARF,2.45486736,0.1288775,596.945,10.32,0.0220215,0.0104210749,75,0.0104808249,,,0.0003721453,0.0126736,0.00816855,schlegel,0.123279,0.123253,0.0717317,0.0855196,0.0479115,0.0611864,0.084515,0.0620097,0.130917,0.126838,10.145,10.495,bj2018,134.642,106.833,spect,13.0017,0.001414,12.1429,0.001234,1,,ucac4,apassdr9,,0.901084929898899,0.654477544935426,352.0822119223,-73.3148214555817,0.0273872838127401,0.0228124231216369,1,0,1724586084,6.380512881323599e+18,1.0430017
167797571,20190415,,,147-008843,06585830-6043413,,J065858.29-604341.6,5.4794865357037e+18,29895201,,STAR,tmgaia2,104.742968277911,-60.7281729991183,tmgaia2,-5.27416,0.0471305,-19.2384,0.0399713,gaia2,2.52336,0.0220416,gaia2,270.984744687883,-22.5479556546108,145.08512887533,-81.2719911128671,13.464,0.057,12.787,0.137,,,,,,,,,,,11.446,0.026,11.118,0.027,11.028,0.023,AAA-222-111-000-0-0,,10.962,0.023,11.002,0.02,10.752,0.067,8.934,,12.5899,0.000191,12.1128,0.006,rered,spect,5826.84,134.617,4.34625,0.0831385,-0.101359,0.1,1.13895,0.0609271,1.05,0.135442,0.710688,0.164173,DWARF,1.34720576,0.055187,391.836,3.41,0.0996188,0.01028945,144,0.055086676,,,0.00174550083,0.0100192,0.0105597,schlegel,0.173079,0.097805,0.0619111,0.0599432,0.170081,0.158265,0.0871137,0.0791634,0.0534568,0.0569172,3.381,3.439,bj2018,114.27,154.964,spect,12.9692,0.001078,12.0566,0.001364,1,,ucac4,apassdr9,,0.846933490424198,0.619898109150434,104.742921835489,-60.7282558311264,0.0215742121340538,0.0206175128655498,1,0,577772181,5.4794865357037e+18,1.0615827
167797589,20190415,,8908-01736-1,147-008818,06582358-6045456,,J065823.56-604545.7,5.479488975245116e+18,29894723,,STAR,tmgaia2,104.598286462121,-60.7626897810564,tmgaia2,-10.1308,0.0461874,-6.22679,0.040304,gaia2,5.83502,0.0231132,gaia2,271.000244775504,-22.6253232467891,144.888654484795,-81.3448543836007,10.341,0.06,9.804,0.004,,,,,,,,,,,9.001,0.027,8.799,0.026,8.736,0.023,AAA-122-111-000-0-0,,8.671,0.022,8.708,0.02,8.667,0.022,8.404,0.216,9.77283,0.000424,9.4304,0.006,rered,gaia2,6608.0,130.359,4.32985,0.087262,,,1.3306,0.056284,1.38,0.225361,0.585784,0.13536,DWARF,3.04136968,0.1461015,170.536,0.677,0.0604495,0.00968993,141,0.0041504954,,,0.007527893,0.00970742,0.00967244,schlegel,0.177312,0.27341,0.0513322,0.0612357,0.141989,0.128732,0.102014,0.0725101,0.16892,0.123283,0.674,0.68,bj2018,90.844,169.874,dered,10.0406,0.001,9.38844,0.001595,1,,tycho2v3,tycho2b3,,0.830124059114906,0.625129713093804,104.598197157815,-60.7627165908765,0.0208198936808123,0.0228489660322248,1,0,577772199,5.479488975245116e+18,1.0451031
234334167,20190415,,,106-002040,02253662-6854377,,J022536.62-685437.7,4.693773018232854e+18,32005967,,STAR,tmgaia2,36.4025469877067,-68.9104723609856,tmgaia2,2.13643,0.0263878,3.43584,0.0216848,gaia2,1.42529,0.0126254,gaia2,290.996540871879,-45.9741201931129,328.826283634671,-70.2151178120417,13.863,0.0,13.425,0.126,,,,,,,,,,,12.297,0.021,12.071,0.026,12.045,0.024,AAA-222-111-000-0-0,,11.954,0.022,11.981,0.02,12.068,0.214,9.298,,13.2295,0.000271,12.8605,0.006,rered,gaia2,6308.0,129.906,4.40541,0.0881618,,,1.15621,0.0505778,1.24,0.189344,0.80225,0.186623,DWARF,1.90693629,0.090434,687.656,6.0155,0.0310604,0.00989958,65,0.00756747,,,0.000521665439,0.00887576,0.0109234,schlegel,0.17905,0.199639,0.0514874,0.0496683,0.17942,0.193826,0.0881736,0.0881499,0.113067,0.067801,5.964,6.067,bj2018,119.354,140.459,dered,13.5017,0.002104,12.8012,0.000955,1,,ucac4,apassdr9,,0.49620086990816,0.336280520315904,36.4025725514819,-68.9104575677874,0.013012726995325,0.010568749054413,1,0,518584778,4.693773018232854e+18,0.9886775
234339861,20190415,,,101-002189,02302146-6949173,,J023021.49-694917.5,4.645427766837198e+18,32262665,,STAR,tmgaia2,37.589417470569,-69.8214855908572,tmgaia2,15.9896,0.0297108,-10.918,0.0269214,gaia2,1.18309,0.0155715,gaia2,291.160860548653,-44.978371024438,326.588782223138,-70.8858913948507,14.144,0.029,13.534,0.149,,,,,,,,,,,12.294,0.025,12.02,0.027,11.892,0.023,AAA-222-111-000-0-0,,11.861,0.022,11.897,0.021,11.931,0.192,9.362,,13.3723,0.000272,12.9262,0.006,rered,spect,5708.31,119.3,4.01414,0.0745113,-0.302255,0.0690605,1.64537,0.0839246,1.02,0.124595,0.228988,0.0484951,DWARF,2.58970284,0.111921251,825.08,10.6805,0.0507149,0.009466155,66,0.04079124,,,0.0002968017,0.00916784,0.00976447,schlegel,0.0996748,0.149515,0.0589352,0.108914,0.0496092,0.047381,0.0772344,0.0717881,0.127872,0.0959705,10.545,10.816,bj2018,92.4846,146.116,spect,13.7171,0.001801,12.866,0.000938,1,,ucac4,apassdr9,,0.561847752358257,0.417538920768274,37.5896170498154,-69.8215325990257,0.0174655907911893,0.0146537777192363,1,0,518780655,4.645427766837198e+18,0.9960601
204440222,20190415,,,282-216800,21420101-3341410,,J214201.03-334141.2,6.591436526206988e+18,17371223,,STAR,tmgaia2,325.50425444118,-33.6947274979168,tmgaia2,16.5254,0.0452105,-22.9607,0.0349776,gaia2,4.40633,0.0336937,gaia2,11.7850767556915,-48.990474219661,316.400071949236,-18.7570727098605,14.47,0.01,13.331,0.092,,,,,,,,,,,11.286,0.021,10.682,0.022,10.592,0.02,AAA-222-111-000-0-0,,10.506,0.023,10.573,0.021,10.485,0.082,8.334,,12.9675,0.000423,12.2673,0.006,rered,gaia2,4500.0,122.41,4.33192,0.0988855,,,0.952142,0.0750377,0.71,0.0824488,0.822533,0.239799,DWARF,0.3349253,0.01799145,225.485,1.726,0.0232653,0.0100320755,68,0.00985115,,,0.000456989481,0.00953335,0.0105308,schlegel,0.0579386,0.106959,0.0790965,0.0709789,0.239768,0.239831,0.086293,0.111478,0.022903,0.0130799,1.713,1.739,bj2018,108.95,135.871,dered,13.6198,0.001438,12.2131,0.001007,1,,ucac4,apassdr9,,0.73268516502934,0.542522777789848,325.504339958711,-33.6948263565165,0.0269791250878144,0.0200326202223413,1,0,1716346401,6.591436526206988e+18,1.3060997
176931068,20190415,,,095-011912,06404224-7102199,,J064042.24-710219.8,5.266535563177985e+18,33624153,,STAR,tmgaia2,100.176059988936,-71.0388941374718,tmgaia2,-4.81158,0.0321907,14.2536,0.0350644,gaia2,0.872467,0.0189624,gaia2,281.684939928367,-26.4092965388673,235.255996969455,-84.2189084067168,13.578,0.041,13.015,0.126,,,,,,,,,,,11.916,0.024,11.631,0.021,11.608,0.023,AAA-222-111-000-0-0,,11.558,0.023,11.567,0.02,11.404,0.089,9.454,,12.9208,0.000333,12.5251,0.006,rered,spect,6142.74,128.25,3.72646,0.0861207,-0.313228,0.1,2.44362,0.124452,1.16,0.156338,0.0794986,0.0190048,DWARF,7.65965271,0.4724805,1109.37,23.515,0.0893164,0.0101354849,151,0.008776352,,,0.000449880317,0.00966707,0.0106039,schlegel,0.119414,0.193262,0.115827,0.133077,0.0175885,0.0204212,0.0860799,0.0861615,0.472481,0.47248,23.03,24.0,bj2018,120.969,135.531,spect,13.2184,0.001094,12.4639,0.000661,1,,ucac4,apassdr9,,0.613287603731176,0.543832020909967,100.175996231312,-71.0388327678177,0.0178036820429545,0.0190518650997462,1,0,569244895,5.266535563177985e+18,1.2098825
150271780,20190415,,8898-00669-1,132-007848,06183865-6340548,,J061838.67-634055.0,5.476933160467515e+18,29867167,,STAR,tmgaia2,94.6610628796679,-63.6819104204948,tmgaia2,12.6091,0.0522041,-22.5179,0.0527879,gaia2,3.78743,0.0230091,gaia2,273.218138656745,-27.7093942603614,126.393477291035,-86.5187848802597,11.745,0.182,11.485,0.014,,,,,,,,,,,10.291,0.021,10.042,0.022,10.033,0.023,AAA-222-111-000-0-0,,10.003,0.023,10.043,0.02,9.994,0.031,9.332,,11.1684,0.000377,10.8154,0.006,rered,spect,6121.01,106.566,4.33847,0.0779468,-0.182434,0.0560512,1.20788,0.0527111,1.16,0.160642,0.658236,0.137017,DWARF,1.8451767,0.0811556,262.04,1.592,0.028918,0.0100729447,186,0.0679845437,,,0.00366071239,0.0122407,0.00790519,schlegel,0.138353,0.182931,0.0518246,0.0535975,0.109654,0.16438,0.0623905,0.0935032,0.0784905,0.0838207,1.583,1.601,bj2018,93.0588,120.073,spect,11.4366,0.001111,10.7666,0.000922,1,,tycho2v3,tycho2b3,,0.952783057445813,0.818568798862906,94.6611853307002,-63.6820073726165,0.0232131341371911,0.0241508827345511,1,0,561570791,5.476933160467515e+18,0.8525752
150441703,20190415,,,146-007766,06311121-6054275,,J063111.21-605427.6,5.478592873268479e+18,29875254,,STAR,tmgaia2,97.7967553201802,-60.9076691268278,tmgaia2,0.575802,0.0403398,-2.9217,0.0383638,gaia2,2.89929,0.0186137,gaia2,270.360317138504,-25.8898447308107,124.948792859557,-83.3880012993456,13.771,0.029,13.056,0.08,,,,,,,,,,,11.712,0.024,11.382,0.026,11.287,0.021,AAA-222-111-000-0-0,,11.234,0.024,11.3,0.02,11.268,0.083,9.846,,12.8629,0.000255,12.3705,0.006,rered,gaia2,5577.0,128.586,4.5201,0.0816777,,,0.900734,0.0466734,0.98,0.127093,1.34103,0.302044,DWARF,0.707114935,0.0245619,341.515,2.187,0.0454324,0.0100894552,135,0.06124226,,,0.0021490166,0.0102036,0.00997531,schlegel,0.106218,0.147968,0.0467181,0.0466286,0.292651,0.311437,0.0899828,0.0733727,0.0276948,0.021429,2.173,2.201,bj2018,110.529,146.643,dered,13.2641,0.001615,12.3196,0.000876,1,,ucac4,apassdr9,,0.725588275415657,0.594965338580004,97.7967604190152,-60.9076817063697,0.0191370205253589,0.0197061594027938,1,0,565497005,5.478592873268479e+18,1.0930557
260373272,20190415,,8546-01158-1,155-007461,06215338-5900065,,J062153.38-590006.2,5.482905398390243e+18,27293893,,STAR,tmgaia2,95.4724607973331,-59.0017919208752,tmgaia2,-2.94004,0.0499574,16.2304,0.0480781,gaia2,1.38767,0.02326,gaia2,268.052690199561,-26.7303861338392,110.786020416153,-82.04471085368,10.788,0.088,10.548,0.007,,,,,,,,,,,10.068,0.023,9.992,0.025,9.945,0.021,AAA-222-111-000-0-0,,9.924,0.023,9.94,0.02,9.936,0.037,9.337,0.417,10.5344,0.000426,10.3804,0.006,rered,spect,7331.83,108.284,3.67807,0.0832352,-0.352262,0.0458195,3.09068,0.124935,1.66,0.273291,0.0562271,0.0122739,DWARF,24.86866,1.371995,706.018,11.6835,0.0398721,0.00995863,109,0.00175969338,,,0.00123266026,0.0106711,0.00924616,schlegel,0.218669,0.327913,0.124962,0.124907,0.0114831,0.0130647,0.0739569,0.0925134,1.37204,1.37195,11.493,11.874,bj2018,121.264,95.3047,spect,10.6551,0.000743,10.3408,0.001156,1,,tycho2v3,tycho2b3,,0.889951494141201,0.745599462802291,95.4724362182482,-59.0017220399881,0.0215938202084552,0.0240789347721524,1,0,562292393,5.482905398390243e+18,1.1066511
139199960,20190415,,,228-201234,23031728-4425077,,J230317.27-442507.9,6.540285630374767e+18,22082167,,STAR,tmgaia2,345.821981382918,-44.4188188773167,tmgaia2,2.13103,0.0269267,-36.2625,0.0443312,gaia2,2.50375,0.031374,gaia2,347.222964964292,-62.2930388670822,327.632723558256,-34.9286213621773,13.844,0.008,13.187,0.114,,,,,,,,,,,11.889,0.023,11.547,0.026,11.495,0.025,AAA-222-111-000-0-0,,11.473,0.022,11.525,0.02,11.809,0.23,8.687,,13.0085,0.000233,12.5471,0.006,rered,gaia2,5615.0,127.65,4.51058,0.0748969,,,0.915296,0.0463794,0.99,0.120059,1.29107,0.275809,DWARF,0.7502689,0.0309675,394.908,4.9305,0.00811128,0.0101403547,55,0.0522662736,,,0.000499939,0.00915921,0.0111215,schlegel,0.114937,0.125182,0.0426859,0.0500729,0.230499,0.321118,0.0840965,0.0656973,0.0261874,0.0357476,4.87,4.991,bj2018,100.95,154.351,dered,13.3737,0.000924,12.491,0.000867,1,,ucac4,apassdr9,,0.45096491759998,0.687662611833906,345.821994229065,-44.418975007527,0.0118051659222494,0.0269681935855868,1,0,1722803986,6.540285630374767e+18,0.9758914
238809934,20190415,,,,21472010-6248399,,J214720.29-624841.0,6.402932404450972e+18,,,STAR,tmgaia2,326.833824460021,-62.811100245257,tmgaia2,113.712,0.0904154,-102.374,0.141767,gaia2,13.7198,0.100953,gaia2,329.873708832101,-43.4686406668952,303.259979907623,-45.780444974694,19.255,0.165,18.25,0.2,,,,,,,,,,,13.273,0.027,12.674,0.023,12.392,0.025,AAA-222-111-000-0-0,,12.264,0.023,12.045,0.023,11.896,0.254,8.515,,16.4219,0.000742,15.0275,0.00750991,cdwrf,cdwrf,3136.0,157.0,5.05693,0.0237351,,,0.203902,0.00635884,0.172866,0.020141,20.3913,0.475781,DWARF,0.00362277939,0.00095736346,72.7412,0.53825,0.0,0.0,90,0.00589349773,,,0.000750920444,0.0,0.0,,,,,,,,,,,,0.5344,0.5421,bj2018,,,cdwrf,18.2304,0.014948,15.1301,0.001899,1,,cdwrf,bpbj,cooldwarfs_v8,1.64275489572382,2.19859442226456,326.834895954659,-62.8115410262772,0.0499942929181025,0.0728094340081002,1,0,1716891869,6.402932404450972e+18,1.028603
340007884,20190415,,,152-010767,07315973-5939512,,J073159.72-593951.0,5.29350073795374e+18,27373134,,STAR,tmgaia2,112.99885746882,-59.6642742072969,tmgaia2,-1.77271,0.0366329,28.7375,0.033317,gaia2,3.15543,0.0187063,gaia2,271.34848014407,-18.3257388610212,157.128644846198,-77.6329157339701,12.96,0.011,12.221,0.069,,,,,,,,,,,10.699,0.023,10.367,0.022,10.253,0.019,AAA-222-111-000-0-0,,10.211,0.023,10.256,0.02,10.22,0.046,9.709,,11.9918,0.000154,11.4664,0.006,rered,spect,5817.06,121.828,4.26772,0.0785137,0.335766,0.0598465,1.24672,0.0614975,1.05,0.134195,0.541849,0.117247,DWARF,1.60342813,0.06326805,314.045,1.859,0.125906,0.01016887,172,0.02820167,,,0.00205585128,0.0114902,0.00884754,schlegel,0.115005,0.153385,0.0678905,0.0551045,0.11724,0.117254,0.0811438,0.0758837,0.064374,0.0621621,1.848,1.87,bj2018,131.828,111.828,spect,12.4233,0.001096,11.4142,0.000775,1,,ucac4,apassdr9,,0.654768350031785,0.516752534726715,112.998842356927,-59.6641504763952,0.0170736854703065,0.0187157464247274,1,0,598945298,5.29350073795374e+18,1.3450189
139190395,20190415,,,214-190992,23003938-4713161,,J230039.47-471315.9,6.515502466487351e+18,24600158,,STAR,tmgaia2,345.164121912538,-47.221153698334,tmgaia2,83.2898,0.0332425,13.5338,0.0456109,gaia2,5.49693,0.0414076,gaia2,342.720068482637,-60.4453213569171,325.482635260322,-37.1741627578329,14.418,0.006,13.302,0.103,,,,,,,,,,,11.358,0.023,10.792,0.023,10.696,0.021,AAA-222-111-000-0-0,,10.635,0.023,10.701,0.02,10.597,0.079,8.994,0.531,13.013,0.000445,12.3384,0.006,rered,gaia2,4552.0,129.1,4.5939,0.0970542,,,0.709172,0.0564271,0.72,0.0833685,2.01873,0.592273,DWARF,0.194539234,0.01053972,180.982,1.3665,0.00674306,0.00985517,40,0.00144271168,,,0.000825182535,0.00826034,0.01145,schlegel,0.0666781,0.100059,0.0653251,0.0475291,0.457209,0.727336,0.0669404,0.127168,0.0126037,0.00847574,1.356,1.377,bj2018,124.529,133.672,dered,13.6329,0.001153,12.2826,0.000777,1,,ucac4,apassdr9,,0.562607741727874,0.707473192872105,345.164649922715,-47.2210954290186,0.0176079486897479,0.0267062234048205,1,0,1722799395,6.515502466487351e+18,1.001023
280913300,20190415,,,058-005003,06504247-7830535,,J065042.43-783053.5,5.211535345855604e+18,34640439,,STAR,tmgaia2,102.676805256691,-78.5149055482736,tmgaia2,0.0382207,0.0364016,10.9394,0.043845,gaia2,1.19543,0.0193757,gaia2,290.067816081915,-26.5781726970474,258.331415702681,-77.5230080419455,13.567,0.025,12.912,0.057,,,,,,,,,,,11.243,0.023,10.96,0.023,10.895,0.024,AAA-222-111-000-0-0,,10.776,0.023,10.785,0.021,10.747,0.061,9.416,,12.6468,0.000188,12.119,0.006,rered,gaia2,6326.0,131.988,3.76502,0.0861288,,,2.42649,0.108987,1.25,0.193879,0.0874928,0.02014,DWARF,8.495125,0.431888,816.849,13.0275,0.275741,0.01017842,125,0.0590729564,,,0.000485493278,0.00896834,0.0113885,schlegel,0.178953,0.208804,0.0917457,0.126229,0.0217383,0.0185417,0.101765,0.0704926,0.338706,0.52507,12.823,13.232,bj2018,157.604,106.371,dered,13.0733,0.00133,12.0575,0.000756,1,,ucac4,apassdr9,,0.72894716646389,0.679999276877528,102.676806083163,-78.5148584480788,0.0197253299784922,0.0233720890746103,1,0,573718203,5.211535345855604e+18,1.0437438
238809119,20190415,,,122-169606,21470768-6538112,,J214707.74-653811.3,6.401917142900994e+18,33059966,,STAR,tmgaia2,326.782081509439,-65.6364478687114,tmgaia2,23.6491,0.0216379,-18.2424,0.0267629,gaia2,1.24924,0.0200764,gaia2,326.527714501131,-42.0715627873381,301.206988476511,-48.2349761924767,14.156,0.016,13.509,0.092,,,,,,,,,,,12.211,0.028,11.949,0.025,11.851,0.025,AAA-222-111-000-0-0,,11.812,0.024,11.896,0.024,11.531,,8.623,,13.32,0.000193,12.8559,0.006,rered,spect,5612.55,160.921,4.01778,0.0930295,0.229939,0.0775986,1.61421,0.110088,0.99,0.12709,0.235374,0.0621033,DWARF,2.329451,0.1119854,782.524,12.389,0.0285462,0.01019135,92,0.0419567861,,,0.000209756909,0.0068371,0.0135456,schlegel,0.148999,0.105182,0.114852,0.105324,0.0608777,0.0633289,0.106338,0.079721,0.135807,0.0881638,12.196,12.582,bj2018,177.906,143.937,spect,13.6889,0.001024,12.8014,0.000749,1,,ucac4,apassdr9,,0.3992416404149,0.41514637726193,326.782328336923,-65.6365264125785,0.0112309614719376,0.016333260886987,1,0,1716891150,6.401917142900994e+18,1.0084394
389446437,20190415,,7963-00863-1,258-197355,20490257-3826295,,J204902.59-382629.6,6.777921601018839e+18,19572952,,STAR,tmgaia2,312.260737534073,-38.4415298925278,tmgaia2,23.3582,0.058426,-14.0514,0.0451342,gaia2,3.62375,0.0428262,gaia2,3.94811825907022,-38.7338278943492,304.060443375033,-19.866692811527,11.939,0.172,11.409,0.012,,,,,,,,,,,10.314,0.024,10.012,0.025,9.924,0.019,AAA-222-111-000-0-0,,9.908,0.023,9.939,0.02,9.824,0.06,8.724,,11.3345,0.000573,10.9016,0.006,rered,spect,5979.9,130.915,4.29681,0.0810094,-0.39,0.1,1.23403,0.0632462,1.1,0.149202,0.585357,0.130074,DWARF,1.75435829,0.0798909,273.833,3.2365,0.0324878,0.009642685,131,0.00444132229,,,0.0007787169,0.0103033,0.00898207,schlegel,0.131121,0.167283,0.0468869,0.0796055,0.104058,0.15609,0.0797926,0.0822262,0.0549638,0.104818,3.199,3.274,bj2018,124.977,136.853,spect,11.6774,0.000922,10.8525,0.00081,1,,tycho2v3,tycho2b3,,0.959476356392489,0.699929327427268,312.260865936146,-38.4415903916813,0.0281210005432349,0.0221076248560797,1,0,1708805749,6.777921601018839e+18,0.9119295
260371199,20190415,,8538-00368-1,177-007717,06214381-5443188,,J062143.81-544318.2,5.499577563783761e+18,25183153,,STAR,tmgaia2,95.432605308439,-54.7218870610873,tmgaia2,-11.6095,0.0473612,48.6873,0.0539981,gaia2,3.15826,0.0278329,gaia2,263.341355573068,-26.0201558278528,105.090811099254,-77.8763566490673,12.028,0.271,12.02,0.027,,,,,,,,,,,10.627,0.023,10.391,0.025,10.352,0.023,AAA-222-111-000-0-0,,10.306,0.023,10.334,0.02,10.315,0.045,9.727,,11.4656,0.000309,11.1234,0.006,rered,gaia2,6645.0,136.298,4.48428,0.0920367,,,1.12191,0.0497487,1.4,0.232268,0.991405,0.243547,DWARF,2.211019,0.114658,313.783,2.761,0.0687258,0.0102032954,100,0.0341517664,,,0.003229223,0.0111402,0.00926639,schlegel,0.182475,0.282062,0.0470312,0.0524663,0.207743,0.279351,0.108841,0.0752324,0.122104,0.107212,2.737,2.785,bj2018,131.419,141.178,dered,11.7196,0.001036,11.067,0.001133,1,,tycho2v3,tycho2b3,,0.826888818177585,0.837640318477936,95.4325187605935,-54.7216774352478,0.0230714872279454,0.0334903205794713,1,0,562290746,5.499577563783761e+18,0.703144
167795933,20190415,,,142-008764,06575549-6139042,,J065755.48-613904.3,5.47919983804704e+18,29894345,,STAR,tmgaia2,104.481197456794,-61.6511840058699,tmgaia2,-5.67031,0.0449742,-2.08268,0.0414125,gaia2,1.30797,0.0199891,gaia2,271.913831113605,-22.9133927534126,148.859771119809,-82.0256611158848,13.247,0.052,12.804,0.126,,,,,,,,,,,11.61,0.021,11.395,0.027,11.323,0.025,AAA-222-111-000-0-0,,11.287,0.022,11.303,0.02,11.072,0.08,9.555,,12.5747,0.000183,12.1919,0.006,rered,gaia2,6480.0,126.097,4.0786,0.0887001,,,1.73789,0.0767713,1.32,0.217815,0.251484,0.058934,DWARF,4.797751,0.255931,748.103,11.273,0.0920909,0.01037513,155,0.0134628275,,,0.0008909167,0.00782936,0.0129209,schlegel,0.164234,0.271396,0.0877482,0.0657945,0.0458477,0.0720203,0.0692942,0.108106,0.242952,0.26891,11.106,11.44,bj2018,171.228,80.9659,dered,12.8631,0.001171,12.1329,0.000765,1,,ucac4,apassdr9,,0.811979212037949,0.642191982726577,104.481146041734,-61.651192972974,0.0180159765628919,0.0195692715559195,1,0,576726180,5.47919983804704e+18,1.1613458
293528475,20190415,,,,23563436-7607409,,J235634.46-760740.7,6.377708748715229e+18,,,STAR,tmgaia2,359.143140887726,-76.1280682755818,tmgaia2,35.2831,0.124331,19.6686,0.0967293,gaia2,12.1417,0.0644226,gaia2,307.221984995196,-40.5398133331749,301.613354042274,-62.785007995982,19.473,0.163,,,,,,,,,,,,,12.868,0.029,12.31,0.028,11.996,0.023,AAA-222-111-000-0-0,,11.785,0.023,11.56,0.021,11.26,0.112,9.067,,16.2344,0.000774,14.7559,0.00748194,cdwrf,cdwrf,3001.0,157.0,4.96762,0.0106279,,,0.264355,0.00808385,0.236554,0.0202114,12.8047,0.0781548,DWARF,0.00510662235,0.00139000418,82.1689,0.43825,0.0,0.0,71,0.0127397375,,,0.0008521032,0.0,0.0,,,,,,,,,,,,0.436,0.4405,bj2018,,,cdwrf,18.2895,0.014771,14.8826,0.001774,1,,,bpbj,cooldwarfs_v8,2.44861249309088,1.50017559716168,359.143774513502,-76.1279835921467,0.0667828584648368,0.0511261979046927,1,0,1726178225,6.377708748715229e+18,1.0396762
167795880,20190415,,,142-008761,06575318-6143156,,J065753.14-614315.5,5.479198635456162e+18,29894305,,STAR,tmgaia2,104.471549984225,-61.7210078064947,tmgaia2,-19.8597,0.0436536,6.69333,0.0427956,gaia2,2.2052,0.0215357,gaia2,271.985773447059,-22.9358847406401,149.19987674607,-82.0774729969872,12.88,0.047,12.41,0.103,,,,,,,,,,,11.214,0.024,10.945,0.027,10.889,0.023,AAA-222-111-000-0-0,,10.847,0.022,10.881,0.02,10.779,0.067,9.438,,12.1852,0.000172,11.7905,0.006,rered,spect,6049.47,116.41,4.19614,0.0795581,-0.271528,0.1,1.40444,0.0651257,1.13,0.147232,0.407918,0.0886255,DWARF,2.37995076,0.1055758,447.642,4.348,0.0757227,0.010544,148,0.038589336,,,0.00155553909,0.0102384,0.0108496,schlegel,0.137086,0.157377,0.0675402,0.0627111,0.098501,0.07875,0.0868104,0.0723059,0.118115,0.0930366,4.307,4.389,bj2018,120.618,112.201,spect,12.4841,0.001239,11.7323,0.00057,1,,ucac4,apassdr9,,0.788458712149147,0.663705832230513,104.471369500272,-61.7209789881089,0.0190215890333826,0.0222790225449312,1,0,576726128,5.479198635456162e+18,1.0162944
280913469,20190415,,,056-004827,06512086-7851070,,J065120.84-785106.9,5.211511878154371e+18,34640598,,STAR,tmgaia2,102.836874230758,-78.8520088806889,tmgaia2,-3.56698,0.0333615,26.2711,0.0411843,gaia2,2.83118,0.0193051,gaia2,290.446382015265,-26.5800529448555,258.818561290641,-77.2016552656161,13.926,0.02,13.132,0.103,,,,,,,,,,,11.535,0.026,11.204,0.027,11.018,0.019,AAA-222-111-000-0-0,,10.985,0.023,11.044,0.021,11.165,0.073,9.808,,12.8517,0.000262,12.3015,0.006,rered,gaia2,6018.0,132.087,4.48369,0.0792727,,,0.99966,0.0465779,1.11,0.145544,1.11113,0.240192,DWARF,1.18088508,0.0507176,349.652,2.378,0.237882,0.0103415353,97,0.0377532467,,,0.00157939643,0.00980017,0.0108829,schlegel,0.135186,0.155902,0.0435417,0.0496141,0.225486,0.254897,0.0792559,0.0792895,0.0464329,0.0550023,2.362,2.394,bj2018,129.578,134.595,dered,13.3075,0.001534,12.2496,0.000546,1,,ucac4,apassdr9,,0.669659389304328,0.638678512156423,102.836794798016,-78.8518957690179,0.0172913767186181,0.020273857332049,1,0,573718350,5.211511878154371e+18,1.1218973
141945137,20190415,,,084-011855,06221502-7317476,,J062214.99-731747.9,5.265160349011739e+18,33616216,,STAR,tmgaia2,95.5625453984642,-73.2965919954133,tmgaia2,-7.78944,0.0462269,-12.8011,0.0740095,gaia2,1.42158,0.0256496,gaia2,284.097296326012,-27.9845246808398,256.773355886592,-83.0060573355697,13.539,0.02,12.872,0.069,,,,,,,,,,,11.725,0.022,11.461,0.027,11.399,0.027,AAA-222-111-000-0-0,,11.329,0.023,11.354,0.021,11.41,0.095,9.223,,12.821,0.000206,12.3898,0.006,rered,gaia2,6179.0,131.746,4.11121,0.085498,,,1.58259,0.080804,1.18,0.170998,0.297697,0.0693929,DWARF,3.28931665,0.1808095,689.561,12.291,0.0951841,0.01045199,380,0.0354166552,,,0.0009192049,0.012425,0.00847898,schlegel,0.141549,0.200446,0.0706744,0.0909337,0.0605899,0.078196,0.105424,0.0655721,0.147695,0.213924,12.076,12.506,bj2018,113.272,150.22,dered,13.1538,0.001184,12.331,0.001012,1,,ucac4,apassdr9,,0.893414633185079,1.14767463599913,95.5624287115264,-73.2966471112937,0.0250729534237415,0.0347887472204476,1,0,562839284,5.265160349011739e+18,1.1631329
204442351,20190415,,,288-223778,21422944-3227440,,J214229.41-322744.5,6.592403924640727e+18,17371480,,STAR,tmgaia2,325.622652934422,-32.4622942036299,tmgaia2,-21.0867,0.0480376,-29.0351,0.039379,gaia2,3.44071,0.0343296,gaia2,13.6693812280267,-48.9904802381274,316.946102900647,-17.6347234207823,14.671,0.018,13.705,0.069,,,,,,,,,,,12.004,0.022,11.502,0.023,11.397,0.022,AAA-222-111-000-0-0,,11.363,0.023,11.413,0.022,11.35,0.174,8.328,,13.4507,0.000342,12.8468,0.006,rered,gaia2,4916.0,126.153,4.57364,0.088315,,,0.769936,0.0504397,0.81,0.0967122,1.77469,0.462997,DWARF,0.31192553,0.01326375,288.255,2.874,0.0290232,0.010212265,74,0.0028082123,,,0.000475738227,0.0112068,0.00921773,schlegel,0.0805435,0.112881,0.0385055,0.0623739,0.344574,0.581419,0.0658301,0.1108,0.0100683,0.0164592,2.846,2.902,bj2018,136.811,115.495,dered,13.9773,0.001534,12.7934,0.001073,1,,ucac4,apassdr9,,0.775994263753205,0.610792790654789,325.622545330853,-32.4624192159111,0.0278950481525361,0.0226009483344032,1,0,1716347655,6.592403924640727e+18,0.92739254
389448272,20190415,,7469-00708-1,266-190687,20492196-3653453,,J204921.94-365345.1,6.778349688998767e+18,19573385,,STAR,tmgaia2,312.341488705684,-36.8959322918593,tmgaia2,-22.1307,0.0718658,-5.51848,0.0455818,gaia2,5.76551,0.0506733,gaia2,5.92338482649302,-38.6119701993335,304.58894983405,-18.4025657344362,11.093,0.071,10.502,0.005,,,,,,,,,,,9.551,0.029,9.322,0.034,9.237,0.029,AAA-222-111-000-0-0,,9.294,0.03,9.337,0.029,9.274,0.043,8.115,,10.4261,0.000268,10.0502,0.006,rered,spect,5823.4,121.988,4.2757,0.0762343,-0.25,0.1,1.23531,0.0596583,1.05,0.129604,0.557001,0.119377,DWARF,1.58108974,0.06226995,172.601,1.5215,0.0225275,0.01013742,123,0.0374241322,,,0.00138355989,0.00840114,0.0118737,schlegel,0.15843,0.100777,0.0404834,0.0788332,0.0917896,0.146965,0.0624161,0.0900525,0.0560621,0.0684778,1.508,1.535,bj2018,138.203,105.773,spect,10.7159,0.000679,10.0026,0.000607,1,,tycho2v3,tycho2b3,,1.17486723669055,0.706876336326587,312.341369558868,-36.8959560520412,0.037652806105565,0.0225080394101382,1,0,1708806853,6.778349688998767e+18,0.87129694
141941986,20190415,,9379-00567-1,069-005082,06205415-7622560,,J062054.15-762255.5,5.26069753009425e+18,34632524,,STAR,tmgaia2,95.2255711764329,-76.3822528381231,tmgaia2,7.57635,0.0466271,44.9814,0.0485309,gaia2,4.21523,0.0231041,gaia2,287.592497294759,-28.0993177222333,262.872070255298,-80.0485744409636,12.465,0.367,12.123,0.026,,,,,,,,,,,10.656,0.024,10.353,0.027,10.28,0.023,AAA-222-111-000-0-0,,10.237,0.023,10.288,0.02,10.245,0.046,9.497,0.47,11.7594,0.00017,11.3083,0.006,rered,gaia2,5840.0,134.831,4.51804,0.077934,,,0.934565,0.0449473,1.05,0.130766,1.28636,0.28271,DWARF,0.9153027,0.0327902,235.625,1.2925,0.0463989,0.009863305,165,0.0296370555,,,0.003994751,0.010014,0.00971261,schlegel,0.152197,0.109335,0.041598,0.0482965,0.234669,0.330751,0.0645438,0.0913243,0.0348705,0.0307099,1.285,1.3,bj2018,148.946,120.716,dered,12.116,0.001281,11.2548,0.000627,1,,tycho2v3,tycho2b3,,0.919826292066234,0.752716893720304,95.2257097253534,-76.3820591682432,0.0227314299153477,0.0270985031660492,1,0,562192007,5.26069753009425e+18,0.9684542
280914347,20190415,,9388-00690-1,048-004453,06505922-8034224,,J065059.22-803422.2,5.207754155430525e+18,35222810,,STAR,tmgaia2,102.746759864519,-80.572887518478,tmgaia2,-3.96295,0.044031,17.0385,0.0399241,gaia2,3.25623,0.0208118,gaia2,292.362663355935,-26.7508972820068,261.636850791387,-75.6127806412289,12.453,0.329,12.037,0.023,,,,,,,,,,,10.688,0.026,10.417,0.026,10.275,0.021,AAA-222-111-000-0-0,,10.232,0.023,10.249,0.02,10.106,0.042,9.154,0.399,11.7724,0.000309,11.3215,0.006,rered,gaia2,6259.0,127.883,4.38674,0.0820367,,,1.17177,0.0502714,1.22,0.176454,0.758284,0.166938,DWARF,1.898453,0.0810788,304.411,1.9435,0.143786,0.0097732,116,0.0361931436,,,0.00189886591,0.0078351,0.0117113,schlegel,0.144011,0.208898,0.0461161,0.0544266,0.116152,0.217724,0.0650985,0.0989748,0.0957916,0.066366,1.931,1.956,bj2018,92.1713,163.594,dered,12.1259,0.001198,11.2634,0.000578,1,,tycho2v3,tycho2b3,,0.8949239889584,0.619182223246872,102.746655692038,-80.5728141582844,0.0209429230926077,0.0210722459727589,1,0,573719079,5.207754155430525e+18,0.89253616
238178057,20190415,,,120-162314,23534400-6610448,,J235343.99-661044.8,6.389175349322869e+18,33074910,,STAR,tmgaia2,358.433327775445,-66.1791075192789,tmgaia2,-15.468,0.0246504,-8.57788,0.0251951,gaia2,1.29521,0.0174695,gaia2,311.924511439632,-49.9295534696787,317.187304702028,-56.6087395562135,14.09,0.022,13.441,0.069,,,,,,,,,,,12.281,0.023,11.979,0.028,11.933,0.027,AAA-222-111-000-0-0,,11.869,0.023,11.918,0.022,11.799,0.243,9.2,,13.335,0.000237,12.9086,0.006,rered,gaia2,5890.0,129.94,4.18894,0.0773138,,,1.37802,0.0663065,1.07,0.137678,0.408899,0.0873248,DWARF,2.05905485,0.0981768,755.262,10.041,0.0204712,0.01039045,61,0.0276255179,,,0.000288849522,0.0076371,0.0131438,schlegel,0.11668,0.158675,0.0591879,0.0734251,0.0958944,0.0787551,0.0772925,0.077335,0.0938856,0.102468,9.91,10.172,bj2018,122.122,137.758,dered,13.6661,0.001425,12.8541,0.001122,1,,ucac4,apassdr9,,0.456281421324322,0.390769117648998,358.433162878657,-66.1791444519058,0.0147437732691656,0.0138372569454364,1,0,1725950115,6.389175349322869e+18,1.0478818
115190843,20190415,,,258-198325,21095547-3827402,,J210955.44-382740.4,6.774185838464636e+18,19591561,,STAR,tmgaia2,317.481111827774,-38.4612008332889,tmgaia2,-21.1176,0.0610692,-18.057,0.0430956,gaia2,1.5168,0.0422895,gaia2,4.37465583293164,-42.8088268861022,308.217780168389,-21.109851215598,13.728,0.029,13.207,0.092,,,,,,,,,,,11.979,0.024,11.686,0.025,11.607,0.02,AAA-222-111-000-0-0,,11.578,0.023,11.611,0.023,11.333,0.256,8.879,,12.9916,0.000319,12.5709,0.006,rered,gaia2,5970.0,133.189,4.21134,0.0840222,,,1.36164,0.074186,1.1,0.145887,0.435719,0.0986554,DWARF,2.12185669,0.1368548,647.577,17.885,0.0304901,0.01004919,89,0.003430619,,,0.000240508525,0.00891678,0.0111816,schlegel,0.115629,0.176146,0.0781372,0.0702347,0.0986185,0.0986924,0.0927286,0.0753159,0.0971656,0.176544,17.4,18.37,bj2018,124.538,141.839,dered,13.3133,0.001012,12.5125,0.000982,1,,ucac4,apassdr9,,1.00293747562086,0.668350696530063,317.480995710824,-38.4612785787635,0.0291960525552954,0.0222028921760288,1,0,1712199162,6.774185838464636e+18,1.2439549
234332212,20190415,,8864-01345-1,118-002072,02240940-6633581,,J022409.38-663358.2,4.696449259598458e+18,31803722,,STAR,tmgaia2,36.0390678897399,-66.5661403823388,tmgaia2,-1.2655,0.0459949,-11.7682,0.0320303,gaia2,1.91143,0.0198345,gaia2,289.389066576328,-48.0511705255964,334.949510863541,-69.2084752070839,13.18,0.414,12.073,0.039,,,,,,,,,,,10.571,0.023,10.198,0.025,10.127,0.023,AAA-222-111-000-0-0,,10.045,0.023,10.092,0.02,10.049,0.047,9.242,,11.7927,0.000171,11.2862,0.006,rered,gaia2,5422.0,130.848,3.68062,0.0841528,,,2.31892,0.126875,0.94,0.121973,0.0753827,0.0180207,DWARF,4.187006,0.147029,515.399,5.309,0.0271107,0.009982175,51,0.00167610566,,,0.0004621139,0.01136,0.00860435,schlegel,0.0812799,0.162667,0.130824,0.122925,0.0128941,0.0231473,0.0488027,0.119503,0.135327,0.158731,5.255,5.363,bj2018,132.545,129.15,dered,12.2076,0.001334,11.2331,0.001045,1,,tycho2v3,tycho2b3,,0.853088692764882,0.496716728059056,36.0390541889224,-66.5661910509785,0.0218986354304081,0.0156650746110965,1,0,518582832,4.696449259598458e+18,0.98061913
53815003,20190415,,,307-271942,21492592-2841103,,J214925.90-284110.7,6.809626151946943e+18,14724573,,STAR,tmgaia2,327.358037686027,-28.686228113765,tmgaia2,-22.2446,0.0536882,-39.983,0.0542313,gaia2,1.47395,0.0369033,gaia2,19.7254070940022,-50.0050005053415,319.762827985008,-14.6066322741612,13.497,0.033,13.046,0.069,,,,,,,,,,,11.919,0.025,11.646,0.021,11.617,0.025,AAA-222-111-000-0-0,,11.548,0.023,11.559,0.021,11.585,0.197,9.052,0.503,12.8689,0.00028,12.5018,0.0071,rered,spect,5962.61,125.901,4.1317,0.0788172,-1.19782,0.0778898,1.48558,0.0769698,1.09,0.139928,0.332457,0.0727974,DWARF,2.51324129,0.150106,665.807,16.493,0.0307881,0.00550709,52,0.000763089163,,,0.000203113232,0.00761967,0.00339451,panstarrs,0.139911,0.139945,0.0726422,0.0812975,0.0728472,0.0727475,0.0818407,0.0757938,0.152519,0.147693,16.092,16.894,bj2018,88.5046,163.298,spect,13.1307,0.002116,12.434,0.000624,1,,ucac4,apassdr9,,0.859466108920607,0.841095395531005,327.357928510651,-28.686400262838,0.0300401936621648,0.0292928315963912,1,0,1717072734,6.809626151946943e+18,1.1580671
167791843,20190415,,,137-008980,06564534-6242241,,J065645.34-624223.7,5.286571306437858e+18,29893389,,STAR,tmgaia2,104.188926151484,-62.7066769898636,tmgaia2,0.717283,0.0400989,24.2204,0.042133,gaia2,2.05638,0.0206985,gaia2,272.986398964493,-23.3128225227481,154.181571817066,-82.8271631085423,12.943,0.008,12.457,0.08,,,,,,,,,,,11.364,0.022,11.126,0.025,11.076,0.025,AAA-222-111-000-0-0,,11.029,0.023,11.062,0.02,10.884,0.064,9.345,,12.3014,0.000205,11.9156,0.006,rered,spect,6231.32,126.922,4.25599,0.0900263,0.200375,0.1,1.35092,0.066505,1.2,0.176431,0.486734,0.118861,DWARF,2.47898841,0.124786653,479.588,4.797,0.0815238,0.010792125,140,0.03199941,,,0.00152481778,0.0129272,0.00865705,schlegel,0.159167,0.193695,0.0756407,0.0573693,0.104026,0.133697,0.0808557,0.0991968,0.0972693,0.152304,4.75,4.844,bj2018,108.452,145.391,spect,12.5941,0.001511,11.8591,0.000636,1,,ucac4,apassdr9,,0.728037795229777,0.653524453107964,104.188932886472,-62.7065727075869,0.0181543631935762,0.0245944714887996,1,0,576722120,5.286571306437858e+18,1.1955737
176933038,20190415,,,111-012698,06412941-6748197,,J064129.36-674818.3,5.280135899240554e+18,32018980,,STAR,tmgaia2,100.372545273688,-67.8054270528882,tmgaia2,-22.5369,0.0351601,110.912,0.0342362,gaia2,3.88566,0.0164356,gaia2,278.126819148662,-25.899017743329,201.932699831021,-85.7952765106575,12.942,0.055,12.214,0.046,,,,,,,,,,,10.881,0.023,10.57,0.027,10.48,0.023,AAA-222-111-000-0-0,,10.445,0.023,10.497,0.02,10.438,0.038,9.666,,12.0476,0.00015,11.5661,0.006,rered,spect,5540.98,122.946,4.44916,0.0791655,0.130984,0.1,0.977387,0.051588,0.98,0.121436,1.04961,0.227672,DWARF,0.8112868,0.02949785,255.457,1.0805,0.0312305,0.010248,177,0.03157655,,,0.00306616421,0.0104514,0.0100446,schlegel,0.115431,0.127441,0.0437603,0.0594156,0.231329,0.224015,0.0874128,0.0709181,0.0270305,0.0319652,1.076,1.085,bj2018,137.307,108.585,spect,12.4395,0.001435,11.5168,0.000823,1,,ucac4,apassdr9,,0.656822262163317,0.53092460913089,100.372288402522,-67.8049495153079,0.0165536908879117,0.0167253558281414,1,0,569246865,5.280135899240554e+18,0.9917298
53814702,20190415,,,301-272602,21494608-2949235,,J214946.12-294924.2,6.617259755079986e+18,13150720,,STAR,tmgaia2,327.442046352667,-29.8232508468188,tmgaia2,41.9766,0.0860147,-52.7286,0.0796496,gaia2,13.0708,0.0615846,gaia2,17.9871029915488,-50.2420151187018,319.425054155286,-15.6983741476677,17.603,0.142,16.0,0.2,,,,,,,,,,,12.041,0.022,11.439,0.025,11.208,0.023,AAA-222-111-000-0-0,,11.054,0.023,10.893,0.021,10.759,0.094,9.123,,14.8741,0.000501,13.6109,0.00752119,cdwrf,cdwrf,3344.0,157.0,4.88841,0.00146968,,,0.335445,0.0101832,0.317383,0.0203219,8.40852,0.226759,DWARF,0.0126765892,0.00316793448,76.3404,0.36165,0.0,0.0,84,0.0116935261,,,0.0008713742,0.0,0.0,,,,,,,,,,,,0.36,0.3633,bj2018,,,cdwrf,16.3487,0.006156,13.6807,0.002219,1,,cdwrf,apassdr9,cooldwarfs_v8,1.38043728813288,1.2354885141042,327.442254674642,-29.8234778729007,0.0453790791624106,0.0476628424452294,1,0,1717072433,6.617259755079986e+18,0.9738288
167088549,20190415,,,101-017631,06231655-6955221,,J062316.53-695521.9,5.278755707213234e+18,33112898,,STAR,tmgaia2,95.8189925021258,-69.922831551777,tmgaia2,-9.28208,0.0319469,14.3219,0.0366916,gaia2,1.44468,0.0175267,gaia2,280.288287794672,-27.7569565826433,239.994278557649,-86.0091656031006,13.395,0.027,13.016,0.297,,,,,,,,,,,11.966,0.023,11.733,0.028,11.702,0.025,AAA-222-111-000-0-0,,11.623,0.023,11.653,0.021,11.685,0.106,9.848,,12.8334,0.00024,12.4877,0.006,rered,spect,6228.47,137.798,4.16669,0.0889719,-0.616664,0.1,1.49719,0.0755176,1.2,0.17624,0.357559,0.0879432,DWARF,3.039319,0.1450855,678.651,8.1335,0.0812898,0.01023361,633,0.03661995,,,0.0009355521,0.0122191,0.00824812,schlegel,0.138709,0.213771,0.0599236,0.0911116,0.0615855,0.114301,0.0659818,0.111962,0.140665,0.149506,8.038,8.229,bj2018,128.819,146.776,spect,13.0867,0.001504,12.4266,0.000789,1,,ucac4,apassdr9,,0.604425692569194,0.56901553315257,95.8188760844023,-69.9227698880795,0.0159784681029759,0.0183430111176992,1,0,562855874,5.278755707213234e+18,1.200729
238173386,20190415,,,091-076374,23491327-7152522,,J234913.26-715252.3,6.380175503052312e+18,34541438,,STAR,tmgaia2,357.305370337735,-71.8811900628799,tmgaia2,-8.33468,0.0397399,-5.7813,0.0359346,gaia2,9.05887,0.0196728,gaia2,309.637817817472,-44.4280543794974,308.433410484768,-60.0167947265075,14.439,0.065,13.072,0.092,,,,,,,,,,,10.749,0.026,10.108,0.026,9.947,0.024,AAA-222-111-000-0-0,,9.856,0.023,9.903,0.02,9.805,0.042,8.768,,12.6326,0.000317,11.8344,0.006,rered,spect,4314.71,129.571,4.68705,0.108347,-0.277484,0.0755477,0.614537,0.0567638,0.67,0.0803863,2.8869,0.944212,DWARF,0.117922455,0.007939185,110.038,0.24,0.0234845,0.009889515,77,0.00220076088,,,0.00189996581,0.00851653,0.0112625,schlegel,0.0895937,0.071179,0.0567804,0.0567472,0.786805,1.10162,0.0916102,0.125083,0.00686744,0.00901093,0.24,0.24,bj2018,138.371,120.771,spect,13.428,0.001583,11.7774,0.001102,1,,ucac4,apassdr9,,0.761071456102337,0.557278409171808,357.305254946226,-71.8812149546228,0.0200874896716935,0.0180412566461078,1,0,1725729193,6.380175503052312e+18,1.2081552
394482740,20190415,,8796-00573-1,178-228191,21041948-5424495,,J210419.50-542449.8,6.464130053421152e+18,26912264,,STAR,tmgaia2,316.081146906628,-54.4137713462205,tmgaia2,24.4836,0.0464949,-28.354,0.0459025,gaia2,3.029,0.0315896,gaia2,343.018123817275,-40.8875174756121,301.138248793766,-35.8434162469694,10.897,0.095,10.287,0.006,,,,,,,,,,,9.543,0.023,9.36,0.025,9.252,0.02,AAA-222-111-000-0-0,,9.233,0.024,9.262,0.02,9.218,0.031,8.45,,10.3806,0.000349,10.0304,0.006,rered,gaia2,6420.0,128.081,3.96197,0.0886744,,,1.9649,0.0878894,1.29,0.209061,0.170046,0.0399257,DWARF,5.90904474,0.3020485,327.07,3.4055,0.0287462,0.01013111,95,0.008433173,,,0.0008079903,0.00819312,0.0120691,schlegel,0.181163,0.236958,0.0932543,0.0825246,0.0373273,0.0425241,0.0917101,0.0856387,0.296706,0.307391,3.371,3.44,bj2018,141.818,114.343,dered,10.6491,0.000852,9.98454,0.000721,1,,tycho2v3,tycho2b3,,0.810648075960761,0.711904807714357,316.081328055474,-54.413893426077,0.0229021054737382,0.0243354447309609,1,0,1711463409,6.464130053421152e+18,0.928708
183802537,20190415,,9142-02218-1,081-002680,01220017-7358061,,J012200.20-735806.3,4.686134642236863e+18,33510271,,STAR,tmgaia2,20.5007721149887,-73.9683968145478,tmgaia2,9.63993,0.0371495,-14.8668,0.0297033,gaia2,3.1285,0.02015,gaia2,300.05435238037,-42.9886600539948,311.38475642348,-66.9661102452141,12.47,0.328,12.186,0.024,,,,,,,,,,,10.971,0.026,10.681,0.026,10.571,0.021,AAA-222-111-000-0-0,,10.565,0.023,10.599,0.02,10.645,0.066,9.466,,11.9622,0.000163,11.5443,0.006,rered,spect,5846.0,125.355,4.35473,0.0741496,-0.29,0.1,1.13325,0.0565477,1.06,0.127964,0.728339,0.147993,DWARF,1.35138178,0.0553722,316.725,2.0365,0.0407108,0.0104997046,398,0.02535943,,,0.001063316,0.0121837,0.00881571,schlegel,0.0794655,0.176463,0.0634216,0.0496739,0.159349,0.136636,0.0826946,0.0656046,0.0492631,0.0614813,2.023,2.05,bj2018,127.434,123.277,spect,12.2854,0.001193,11.49,0.000794,1,,tycho2v3,tycho2b3,,0.721139505365336,0.460665965923383,20.5009224051226,-73.968460824434,0.0203666779132324,0.0156177219465841,1,0,515214233,4.686134642236863e+18,1.0186347
389448887,20190415,,,260-195772,20493193-3809378,,J204931.95-380938.0,6.777934692079173e+18,19573623,,STAR,tmgaia2,312.383099982126,-38.1605302889136,tmgaia2,10.2911,0.0721242,-7.21936,0.0570255,gaia2,1.46254,0.0466797,gaia2,4.31994969999399,-38.7980756072557,304.243204820829,-19.6246340278786,12.982,0.078,12.546,0.08,,,,,,,,,,,11.589,0.024,11.386,0.027,11.304,0.021,AAA-222-111-000-0-0,,11.295,0.023,11.308,0.021,11.355,0.171,8.431,,12.4325,0.000143,12.085,0.006,rered,gaia2,6487.0,132.039,4.17733,0.094328,,,1.55703,0.0838341,1.33,0.218151,0.352341,0.0885414,DWARF,3.867786,0.298103,671.381,21.2275,0.0401878,0.00987575,98,0.06431835,,,0.000241721151,0.011684,0.0080675,schlegel,0.165526,0.270777,0.0975668,0.0701015,0.0843238,0.092759,0.109353,0.079303,0.298133,0.298073,20.569,21.886,bj2018,138.332,125.746,dered,12.6899,0.001023,12.0297,0.000622,1,,ucac4,apassdr9,,1.18356923735913,0.884319552744383,312.383156334507,-38.1605613722829,0.0394200681579368,0.0273908450666263,1,0,1708807468,6.777934692079173e+18,1.0509828
280913328,20190415,,,058-004998,06500559-7834391,,J065005.48-783439.0,5.211533868386988e+18,34640286,,STAR,tmgaia2,102.523269518061,-78.5775594922524,tmgaia2,-27.5856,0.034417,18.0831,0.0459529,gaia2,2.5601,0.0190086,gaia2,290.134252928061,-26.6145858504753,258.576530663328,-77.4778340201112,13.8,0.017,13.134,0.069,,,,,,,,,,,11.538,0.026,11.186,0.024,11.116,0.024,AAA-222-111-000-0-0,,11.064,0.023,11.094,0.021,11.155,0.071,9.251,,12.8625,0.000278,12.3463,0.006,rered,gaia2,6258.0,136.863,4.50838,0.0878441,,,1.01865,0.0472764,1.22,0.186859,1.15422,0.276297,DWARF,1.433786,0.06364875,386.263,2.8575,0.242388,0.01006151,95,0.0135651547,,,0.00157735974,0.00843012,0.0116929,schlegel,0.158378,0.21534,0.0295342,0.0650186,0.215383,0.337211,0.076849,0.0988391,0.0785106,0.0487869,2.837,2.878,bj2018,173.622,100.104,dered,13.279,0.001827,12.287,0.001028,1,,ucac4,apassdr9,,0.689485871521719,0.712625864316385,102.522669787808,-78.5774816350694,0.0176144023960874,0.0225197872918919,1,0,573718227,5.211533868386988e+18,1.0913885
394482662,20190415,,,179-219145,21043825-5413206,,J210438.27-541320.5,6.464133931775237e+18,26912354,,STAR,tmgaia2,316.159419787628,-54.222401552406,tmgaia2,15.0091,0.0753083,9.13323,0.0677112,gaia2,7.2905,0.0576899,gaia2,343.257163999276,-40.9655430936167,301.274213214892,-35.6805223430972,13.608,0.041,12.478,0.057,,,,,,,,,,,10.666,0.024,10.07,0.024,10.002,0.021,AAA-222-111-000-0-0,,9.96,0.023,10.019,0.02,9.937,0.051,8.785,,12.2354,0.000185,11.5846,0.006,rered,gaia2,4673.0,125.496,4.59083,0.093453,,,0.721496,0.0545125,0.74,0.0890748,1.97029,0.530102,DWARF,0.223637909,0.0111254947,136.637,1.0855,0.0178022,0.00998716,93,0.00207234686,,,0.00125188706,0.0109422,0.00903212,schlegel,0.0672025,0.110947,0.0528241,0.056201,0.40476,0.655445,0.101077,0.0858289,0.00934139,0.0129096,1.077,1.094,bj2018,128.805,122.188,dered,12.8219,0.001388,11.5298,0.001019,1,,ucac4,apassdr9,,1.31201336427677,1.05009588124625,316.159530321387,-54.2223622288271,0.0411923692702535,0.0346637109003338,1,0,1711463331,6.464133931775237e+18,0.89653605
234337794,20190415,,,118-002128,02275111-6633148,,J022751.05-663314.0,4.696357866990424e+18,32409082,,STAR,tmgaia2,36.9629956329014,-66.5541450100633,tmgaia2,-40.6692,0.0728037,78.5533,0.0521221,gaia2,10.1085,0.028199,gaia2,288.91514292653,-47.8654511453534,335.418325782905,-69.5370196091153,17.448,-0.127,15.849,0.126,,,,,,,,,,,12.216,0.022,11.626,0.025,11.412,0.023,AAA-222-111-000-0-0,,11.245,0.022,11.116,0.02,10.962,0.083,9.362,0.497,14.7673,0.000515,13.6209,0.00730518,cdwrf,cdwrf,3526.0,157.0,4.84414,0.00227282,,,0.381157,0.0114779,0.370063,0.0203372,6.68288,0.236292,DWARF,0.02023167,0.00484677451,98.6453,0.27645,0.0,0.0,56,0.0118481843,,,0.00150496466,0.0,0.0,,,,,,,,,,,,0.2757,0.2772,bj2018,,,cdwrf,16.0007,0.004258,13.6647,0.001139,1,,ucac4,apassdr9,cooldwarfs_v8,1.35022314404153,0.808370765329351,36.9625555441654,-66.5538067950803,0.0344639867164416,0.0278014728684978,1,0,518587497,4.696357866990424e+18,1.0019766
139198799,20190415,,,228-201227,23030200-4425337,,J230302.01-442533.8,6.540284251689104e+18,22082059,,STAR,tmgaia2,345.75833605951,-44.426057866829,tmgaia2,17.3934,0.0489664,-0.398053,0.0924562,gaia2,2.36816,0.0499394,gaia2,347.257512987191,-62.2499087871509,327.579647247804,-34.9136328570288,13.667,0.021,12.973,0.103,,,,,,,,,,,11.653,0.021,11.361,0.025,11.276,0.022,AAA-222-111-000-0-0,,11.255,0.023,11.297,0.021,11.117,0.122,8.992,,12.8079,0.000312,12.3397,0.006,rered,gaia2,5574.0,124.73,4.36341,0.0815679,,,1.07881,0.056603,0.98,0.130287,0.780542,0.179278,DWARF,1.01216006,0.0535979,417.396,8.7705,0.00819176,0.0100211548,53,0.0145537546,,,0.000428440369,0.0113976,0.00864471,schlegel,0.10969,0.150885,0.0566266,0.0565794,0.138295,0.220261,0.0629218,0.100214,0.0378949,0.0693009,8.589,8.952,bj2018,103.674,145.786,dered,13.1797,0.001341,12.283,0.000699,1,,ucac4,apassdr9,,0.820063911931994,1.43376095439816,345.758440922339,-44.4260595807163,0.0198894943966308,0.0444713019991458,1,0,1722802825,6.540284251689104e+18,1.0501873
350433427,20190415,,8527-00214-1,162-005910,05403941-5743015,,J054039.41-574301.5,4.766096728444968e+18,27262351,,STAR,tmgaia2,85.1642531862496,-57.7171101790464,tmgaia2,-5.44216,0.055205,-4.25258,0.044853,gaia2,0.633361,0.0224791,gaia2,266.059994967397,-32.0041417623242,73.4994134884952,-80.8788749599231,12.667,0.449,12.488,0.037,,,,,,,,,,,12.137,0.024,12.05,0.022,11.998,0.024,AAA-222-111-000-0-0,,11.965,0.023,11.994,0.021,11.874,0.129,9.65,,12.5836,0.001116,12.4384,0.0061,rered,gaia2,8056.0,146.307,4.03101,0.0789315,,,2.23124,0.103543,1.95,0.288121,0.175549,0.0368651,DWARF,18.8914013,1.579505,1508.21,51.46,0.0569674,0.009882395,78,0.0280806664,,,0.000540258,0.0105769,0.00918789,schlegel,0.208682,0.367561,0.0924005,0.114685,0.0337812,0.039949,0.06765,0.0902129,1.49636,1.66265,49.74,53.18,bj2018,129.059,163.554,dered,12.6888,0.004931,12.386,0.004639,1,,tycho2v3,tycho2b3,,0.977288553425845,0.695540405190173,85.1642093152026,-57.7171284887733,0.0233950938529423,0.0210599427791195,1,0,550459459,4.766096728444968e+18,1.2315993
139199950,20190415,,,229-191600,23032918-4421353,,J230329.18-442135.5,6.540291265371855e+18,22082239,,STAR,tmgaia2,345.871607453719,-44.3598271914703,tmgaia2,6.33902,0.0289433,-23.4513,0.0441098,gaia2,2.27394,0.0310819,gaia2,347.295881381921,-62.3529600767187,327.704722073281,-34.8932420130949,14.1,0.025,13.46,0.126,,,,,,,,,,,12.128,0.023,11.775,0.026,11.726,0.023,AAA-222-111-000-0-0,,11.668,0.024,11.697,0.022,11.515,0.157,9.156,,13.2676,0.000235,12.7964,0.006,rered,gaia2,5553.0,135.276,4.50631,0.081949,,,0.915146,0.0488367,0.98,0.126494,1.27866,0.293115,DWARF,0.7174406,0.0289884,434.328,5.9085,0.00734402,0.0102249347,56,0.000309611758,,,0.0004315807,0.0105094,0.00994047,schlegel,0.0898193,0.163168,0.061703,0.0359704,0.336354,0.249877,0.0940276,0.0698704,0.0311284,0.0268484,5.83,5.987,bj2018,131.433,139.119,dered,13.6407,0.001634,12.7381,0.000937,1,,ucac4,apassdr9,,0.484620764416122,0.684169482616392,345.871645627723,-44.3599281623525,0.0120592595952617,0.0252901735852459,1,0,1722803976,6.540291265371855e+18,1.0337949
204445908,20190415,,,297-231292,21432620-3045201,,J214326.25-304520.2,6.593207633279882e+18,17372033,,STAR,tmgaia2,325.859242088423,-30.7556186183984,tmgaia2,45.1224,0.0488985,-2.57134,0.0413805,gaia2,11.7679,0.033325,gaia2,16.2887844516721,-49.0062654206403,317.75655463165,-16.1011488111167,15.466,0.054,14.027,0.092,,,,,,,,,,,11.03,0.022,10.393,0.021,10.187,0.02,AAA-222-111-000-0-0,,10.072,0.023,10.019,0.02,9.88,0.057,8.645,,13.2702,0.000383,12.2672,0.00750593,cdwrf,cdwrf,3787.0,157.0,4.72337,0.00862984,,,0.516075,0.0153124,0.513716,0.0202752,3.73753,0.185373,DWARF,0.04935164,0.011164112,84.769,0.24125,0.0,0.0,76,0.0184981246,,,0.00111301569,0.0,0.0,,,,,,,,,,,,0.2406,0.2419,bj2018,,,cdwrf,14.2653,0.001664,12.2842,0.002207,1,,ucac4,apassdr9,cooldwarfs_v8,0.786504633446738,0.641875885571242,325.859468161134,-30.7556296896417,0.0261590167410782,0.0247705222553708,1,0,1716459910,6.593207633279882e+18,1.1008129
204443118,20190415,,,277-214006,21423781-3442199,,J214237.86-344220.1,6.591303618442829e+18,17371567,,STAR,tmgaia2,325.657597991526,-34.7055364820305,tmgaia2,65.3231,0.046967,-20.5448,0.037675,gaia2,3.31292,0.0308379,gaia2,10.2554710282274,-49.1753350527267,316.153876276823,-19.7489390287389,14.099,0.024,13.308,0.057,,,,,,,,,,,11.803,0.022,11.365,0.021,11.274,0.023,AAA-222-111-000-0-0,,11.221,0.023,11.252,0.021,11.107,0.156,8.986,,13.1107,0.00044,12.5843,0.006,rered,gaia2,5337.0,123.552,4.63072,0.0786125,,,0.768369,0.041005,0.92,0.115684,2.02805,0.4509,DWARF,0.4315424,0.01546385,299.271,2.783,0.0345351,0.0099632,77,0.0197221376,,,0.000557010062,0.0070071,0.0129193,schlegel,0.105871,0.125496,0.0328226,0.0491874,0.408359,0.493441,0.0813157,0.0759093,0.0142369,0.0166908,2.758,2.808,bj2018,121.925,125.179,dered,13.5337,0.001192,12.518,0.003748,1,,ucac4,apassdr9,,0.763105181902736,0.584297477780263,325.65794011048,-34.7056249392871,0.0248059087224081,0.0197823439998006,1,0,1716348421,6.591303618442829e+18,1.2635299
260372617,20190415,,,163-007610,06215788-5733492,,J062157.88-573349.4,5.495274934265528e+18,27293948,,STAR,tmgaia2,95.4911973913845,-57.5636446537379,tmgaia2,1.89187,0.0289468,-30.4484,0.0300861,gaia2,2.45827,0.0143584,gaia2,266.466456167415,-26.4914366948543,108.418520309402,-80.6510277610212,13.808,0.044,13.161,0.16,,,,,,,,,,,11.809,0.024,11.478,0.026,11.373,0.021,AAA-222-111-000-0-0,,11.352,0.023,11.397,0.02,11.476,0.095,9.767,,12.9525,0.000318,12.4751,0.006,rered,gaia2,5728.0,130.342,4.46775,0.0717337,,,0.976016,0.0466332,1.02,0.123177,1.09706,0.218666,DWARF,0.9238909,0.0335133,402.065,2.3385,0.0595847,0.0101987,109,0.0561385266,,,0.00182016182,0.0098929,0.0105045,schlegel,0.123225,0.12313,0.0498613,0.043405,0.200424,0.236908,0.0805374,0.06293,0.0345925,0.0324341,2.325,2.352,bj2018,144.064,116.62,dered,13.3318,0.001683,12.4182,0.000855,1,,ucac4,apassdr9,,0.512087791662805,0.466571587706833,95.49121257804,-57.5637757510177,0.0131724162517813,0.0148705726712979,1,0,562291867,5.495274934265528e+18,1.0921035
238176015,20190415,,9339-01027-1,102-108351,23521191-6947423,,J235211.95-694742.2,6.386785178546603e+18,32261519,,STAR,tmgaia2,358.049642756088,-69.7950828774611,tmgaia2,16.3558,0.0406294,4.99319,0.0416236,gaia2,1.52265,0.0283179,gaia2,310.297360323891,-46.4768064429086,311.946248648289,-58.9089501107274,12.369,0.277,11.845,0.019,,,,,,,,,,,11.048,0.026,10.816,0.022,10.738,0.023,AAA-222-111-000-0-0,,10.727,0.022,10.76,0.02,10.707,0.08,8.977,,11.8634,0.000266,11.5312,0.006,rered,spect,6175.98,122.119,3.85988,0.0837519,-0.528271,0.078265,2.11366,0.103301,1.18,0.164413,0.124962,0.0288802,DWARF,5.855824,0.3291135,644.679,11.8615,0.0270781,0.0103328852,67,0.005916165,,,0.000357127428,0.0107081,0.00995767,schlegel,0.140197,0.18863,0.121892,0.0847106,0.0238874,0.0338731,0.0812469,0.086257,0.364572,0.293655,11.647,12.076,bj2018,138.716,105.523,spect,12.1061,0.001737,11.4755,0.000686,1,,tycho2v3,tycho2b3,,0.768184543943337,0.645511692505647,358.049846650529,-69.7950613791219,0.0233534728370094,0.0211290243945326,1,0,1725948385,6.386785178546603e+18,0.9166777
238809843,20190415,,,135-176924,21471325-6306056,,J214713.28-630605.8,6.402875126766979e+18,31752530,,STAR,tmgaia2,326.805205970614,-63.1015445053588,tmgaia2,23.302,0.0159196,-33.3667,0.0224168,gaia2,2.46832,0.0157791,gaia2,329.52976108687,-43.3201013832957,303.043862489291,-46.0292651332116,14.151,0.044,13.375,0.114,,,,,,,,,,,11.956,0.027,11.641,0.021,11.548,0.019,AAA-222-111-000-0-0,,11.517,0.022,11.573,0.021,11.584,0.213,9.055,,13.1756,0.000206,12.676,0.006,rered,spect,5470.67,115.588,4.48491,0.0771324,0.251886,0.0787597,0.928354,0.0474874,0.96,0.116787,1.19986,0.260464,DWARF,0.695479631,0.02548805,400.454,2.5495,0.0226279,0.0104794251,87,0.07645615,,,0.0005358501,0.0112167,0.00974215,schlegel,0.0912361,0.142338,0.0427739,0.052201,0.198887,0.322041,0.0716316,0.0826333,0.0246334,0.0263427,2.533,2.566,bj2018,85.2653,145.91,spect,13.5835,0.000922,12.6229,0.000462,1,,ucac4,apassdr9,,0.289674859084426,0.347684804028484,326.805427733855,-63.1016881677137,0.00825305131695327,0.0124897311486386,1,0,1716891789,6.402875126766979e+18,0.9380654
280910635,20190415,,,058-004981,06491109-7829495,,J064910.73-782949.8,5.211582899733499e+18,,,STAR,tmgaia2,102.296037415813,-78.4971396694211,tmgaia2,-92.6611,0.0815289,-13.4558,0.114964,gaia2,17.8318,0.0486149,gaia2,290.039949093337,-26.6520083618068,258.621208026208,-77.5695584672509,17.738,0.167,16.08,0.2,,,,,,,,,,,12.018,0.027,11.42,0.022,11.1,0.021,AAA-222-111-000-0-0,,10.962,0.023,10.797,0.02,10.67,0.054,9.69,,14.9288,0.000587,13.6223,0.00733718,cdwrf,cdwrf,3272.0,157.0,4.95951,0.00983941,,,0.270885,0.00815547,0.243788,0.0201609,12.2647,0.0913038,DWARF,0.007577358,0.0019215683,55.9894,0.15355,0.0,0.0,111,0.002611993,,,0.00491128955,0.0,0.0,,,,,,,,,,,,0.1531,0.154,bj2018,,,cdwrf,16.5181,0.004383,13.7035,0.001356,1,,cdwrf,bpbj,cooldwarfs_v8,1.63237828363967,1.78286219320526,102.294036794958,-78.4971976109414,0.0425048989036442,0.0572739783554481,1,0,572822849,5.211582899733499e+18,1.1507097
176934279,20190415,,8907-01513-1,121-010804,06411861-6558515,,J064118.58-655851.4,5.283556514274561e+18,31813344,,STAR,tmgaia2,100.327490117477,-65.9809820613416,tmgaia2,-4.71848,0.0802137,10.5671,0.083308,gaia2,2.57665,0.0383487,gaia2,276.123606921968,-25.6265753059823,176.809287033983,-85.8087916702062,9.6,0.043,9.558,0.004,,,,,,,,,,,9.524,0.023,9.536,0.024,9.495,0.019,AAA-222-111-000-0-0,,9.507,0.022,9.544,0.02,9.531,0.026,9.636,0.444,9.56574,0.000221,9.5857,0.006,rered,spect,7654.3,115.292,3.92208,0.0774705,-0.406602,0.0457656,2.42339,0.0840854,1.79,0.281011,0.125772,0.0249765,DWARF,18.1619434,0.820004,383.894,5.696,0.0384519,0.009705655,159,0.07465057,,,0.00271465979,0.00988969,0.00952162,schlegel,0.210799,0.351223,0.0928291,0.0753417,0.019618,0.030335,0.064342,0.090599,0.66296,0.977048,5.613,5.779,bj2018,124.879,105.705,spect,9.58644,0.000552,9.55641,0.000452,1,,tycho2v3,tycho2b3,,1.48277937850881,1.29200099075472,100.327440206693,-65.9809365641132,0.0369046581499449,0.0433360939077597,1,0,569248106,5.283556514274561e+18,1.0633129
261259770,20190415,,,042-003254,05595915-8144259,,J055959.20-814425.4,4.621405842953204e+18,35318495,,STAR,tmgaia2,89.9965044812887,-81.740528957988,tmgaia2,13.94,0.0221481,47.464,0.0273109,gaia2,2.71867,0.0131712,gaia2,293.747292223348,-28.666900362265,270.00189807718,-74.8201896805914,13.805,0.017,13.123,0.057,,,,,,,,,,,11.808,0.029,11.45,0.026,11.376,0.021,AAA-222-111-000-0-0,,11.296,0.023,11.324,0.021,11.172,0.094,9.683,,12.967,0.000326,12.4816,0.006,rered,gaia2,5895.0,132.13,4.57864,0.0777407,,,0.879848,0.0424623,1.07,0.134949,1.57094,0.33398,DWARF,0.8422587,0.0318524,363.957,1.7575,0.111163,0.009977555,131,0.0445147827,,,0.00131298159,0.0105246,0.00943051,schlegel,0.128538,0.141359,0.0326427,0.0522819,0.25602,0.41194,0.0652462,0.0902352,0.0274834,0.0362214,1.749,1.766,bj2018,149.757,114.503,dered,13.3532,0.001572,12.4241,0.000776,1,,ucac4,apassdr9,,0.454139114207889,0.423558269720478,89.9969222804387,-81.7403245993222,0.0120975694199448,0.0142363766282833,1,0,555726467,4.621405842953204e+18,0.9968815
293525833,20190415,,,083-062919,23272586-7325006,,J232725.85-732500.4,6.380510403125991e+18,34535991,,STAR,tmgaia2,351.857810314497,-73.4167942298838,tmgaia2,-5.41959,0.025292,5.97029,0.0230167,gaia2,3.21992,0.0137966,gaia2,310.892489151679,-42.388421467872,304.034895433782,-59.6825203482522,14.59,0.035,13.637,0.114,,,,,,,,,,,11.73,0.024,11.163,0.026,11.036,0.023,AAA-222-111-000-0-0,,10.937,0.023,10.968,0.019,10.825,0.082,9.035,0.44,13.3136,0.001018,12.651,0.0061,rered,spect,5014.3,244.165,4.52757,0.148957,-0.467646,0.0762736,0.821842,0.101307,0.83,0.112137,1.49525,0.661758,DWARF,0.384691477,0.02208915,307.803,1.3165,0.0187563,0.009996845,81,0.0009857625,,,0.0008022335,0.00850209,0.0114916,schlegel,0.0801041,0.144169,0.0832583,0.119355,0.592144,0.731371,0.166144,0.13177,0.0191233,0.025055,1.311,1.322,bj2018,323.232,165.097,spect,13.9105,0.003576,12.5914,0.002618,1,,ucac4,apassdr9,,0.489178467723962,0.35696907317185,351.857728556486,-73.4167685244843,0.0131903147704857,0.0122491692717226,1,0,1724348729,6.380510403125991e+18,0.9254426
389448565,20190415,,,263-196693,20492053-3728508,,J204920.53-372850.7,6.778038767727e+18,19573355,,STAR,tmgaia2,312.335579800407,-37.480781375671,tmgaia2,0.478527,0.0749954,1.33169,0.046653,gaia2,1.05737,0.0459448,gaia2,5.17977249025161,-38.6810877885599,304.409581586673,-18.9622076674384,13.614,0.018,12.993,0.069,,,,,,,,,,,11.879,0.024,11.573,0.025,11.488,0.022,AAA-222-111-000-0-0,,11.469,0.023,11.492,0.021,11.463,0.192,8.252,,12.8577,0.000196,12.4421,0.006,rered,gaia2,6024.0,133.365,3.86953,0.090208,,,2.03648,0.128693,1.12,0.149001,0.132611,0.033872,DWARF,4.920333,0.49177,922.472,39.472,0.0352648,0.009906245,120,0.0244532432,,,0.000134454662,0.0100446,0.00976789,schlegel,0.127721,0.170281,0.0870719,0.170315,0.0286166,0.0391274,0.078177,0.102239,0.383438,0.600102,37.816,41.128,bj2018,93.0762,173.653,dered,13.1763,0.00087,12.3856,0.000782,1,,ucac4,apassdr9,,1.22808163683374,0.723505571763086,312.335582396721,-37.4807756420057,0.0375928499074864,0.023571351466969,1,0,1708807146,6.778038767727e+18,0.9779276
234331316,20190415,,,106-002002,02231313-6851516,,J022313.12-685151.8,4.693766215004647e+18,32005801,,STAR,tmgaia2,35.804678769477,-68.8643554801919,tmgaia2,0.0924465,0.0255566,-8.89597,0.0209598,gaia2,1.40311,0.0124545,gaia2,291.230534777399,-46.1228770067698,328.746317557728,-69.9965705368248,13.881,0.009,13.281,0.126,,,,,,,,,,,12.106,0.026,11.854,0.022,11.784,0.026,AAA-222-111-000-0-0,,11.738,0.023,11.784,0.021,11.969,0.214,8.675,,13.1258,0.000396,12.705,0.006,rered,gaia2,5956.0,125.271,4.1944,0.0782878,,,1.38212,0.0653166,1.09,0.141561,0.412844,0.0886507,DWARF,2.165743,0.0885652,698.302,6.119,0.0274268,0.009824835,47,0.0698904842,,,0.000451829255,0.0125822,0.00706747,schlegel,0.127119,0.156004,0.0507161,0.0799171,0.0754953,0.101806,0.0666935,0.0898822,0.0767664,0.100364,6.066,6.172,bj2018,176.084,74.4587,dered,13.4491,0.001191,12.6481,0.001094,1,,ucac4,apassdr9,,0.480450157386966,0.325038828333219,35.804679873356,-68.8643937822853,0.0130412698287853,0.0102586437028479,1,0,518383770,4.693766215004647e+18,1.0535141
201292812,20190415,,,161-000176,00120696-5753387,,J001207.00-575340.8,4.918456948058445e+18,,,STAR,tmgaia2,3.02901704471495,-57.8940880746213,tmgaia2,39.7323,0.0762768,-208.727,0.0732702,gaia2,28.2883,0.0499642,gaia2,312.923112292764,-58.4648977496532,329.616758967801,-52.0306872572598,,,16.626,0.309,,,,,,,,,,,11.418,0.024,10.825,0.022,10.561,0.023,AAA-222-111-000-0-0,,10.369,0.023,10.203,0.02,10.039,0.049,8.763,,14.5821,0.000388,13.1968,0.00742021,cdwrf,cdwrf,3145.0,157.0,5.02054,0.0184991,,,0.226109,0.00685775,0.195484,0.0201168,16.9105,0.206464,DWARF,0.00450622663,0.00118031574,35.3144,0.06275,0.0,0.0,54,0.008476983,,,0.003262201,0.0,0.0,,,,,,,,,,,,0.0627,0.0628,bj2018,,,cdwrf,16.3801,0.003123,13.2991,0.001825,1,,ucac4,,cooldwarfs_v8,1.35162768081474,1.13629355112256,3.02933891515225,-57.89498676073,0.0380900712396755,0.0370887293002743,1,0,508155273,4.918456948058445e+18,1.2036206
139198762,20190415,,,,23024354-4435520,,J230243.54-443552.7,6.540190556979434e+18,,,STAR,tmgaia2,345.681447373604,-44.5977834693958,tmgaia2,-0.297867,0.110735,-71.555,0.195641,gaia2,11.5621,0.156547,gaia2,346.995276841714,-62.1175387986483,327.422002005015,-35.0393724833259,18.75,0.165,,,,,,,,,,,,,12.85,0.024,12.226,0.024,11.963,0.026,AAA-222-111-000-0-0,,11.793,0.023,11.647,0.022,11.659,0.202,8.975,,15.9056,0.000727,14.5636,0.00739424,cdwrf,cdwrf,3224.0,157.0,4.94972,0.00703125,,,0.279003,0.00910283,0.252854,0.0205535,11.6424,0.191172,DWARF,0.007576918,0.0019824265,86.3023,1.1751,0.0,0.0,37,0.017778175,,,0.0006154892,0.0,0.0,,,,,,,,,,,,1.1594,1.1908,bj2018,,,cdwrf,17.5654,0.008744,14.6519,0.001573,1,,,bpbj,cooldwarfs_v8,1.8558324778774,3.03568573272634,345.681445572499,-44.5980915534247,0.0511793987013803,0.140437908764032,1,0,1722802788,6.540190556979434e+18,1.0248024
204445081,20190415,,,294-226914,21431385-3122321,,J214313.87-312232.0,6.593045008638474e+18,17371922,,STAR,tmgaia2,325.807770130017,-31.3755712568899,tmgaia2,11.232,0.0612415,-2.77884,0.0604731,gaia2,1.54717,0.0410387,gaia2,15.3420960077594,-49.0357794093977,317.49170404559,-16.6683539431269,13.271,0.024,12.765,0.092,,,,,,,,,,,11.684,0.025,11.405,0.023,11.378,0.025,AAA-222-111-000-0-0,,11.317,0.023,11.331,0.022,11.032,0.13,8.633,,12.6059,0.000232,12.2146,0.006,rered,gaia2,6159.0,130.984,4.15816,0.0852999,,,1.49295,0.0796181,1.17,0.163254,0.351603,0.0824447,DWARF,2.88951373,0.1986025,634.964,16.6835,0.0302266,0.0101127047,69,0.0109804114,,,0.000232921768,0.00923271,0.0109927,schlegel,0.156757,0.169751,0.0749558,0.0842804,0.0866038,0.0782855,0.0947821,0.0758178,0.164368,0.232837,16.253,17.114,bj2018,125.261,136.707,dered,12.901,0.001303,12.1576,0.000767,1,,ucac4,apassdr9,,0.986573073724766,0.938013708456341,325.807826772718,-31.3755832213524,0.0344532492922404,0.0357277291429987,1,0,1716459347,6.593045008638474e+18,0.935336
204442679,20190415,,,283-223855,21421148-3324423,,J214211.48-332442.2,6.592286341319963e+18,17371330,,STAR,tmgaia2,325.547879436644,-33.411731905817,tmgaia2,4.05801,0.0672127,-3.0828,0.0501368,gaia2,1.84363,0.0506721,gaia2,12.2192691252637,-49.0066269076088,316.539415674795,-18.5041433804247,13.258,0.017,12.51,0.08,,,,,,,,,,,11.392,0.021,11.092,0.023,11.028,0.022,AAA-222-111-000-0-0,,10.986,0.022,11.035,0.023,11.093,0.141,9.024,,12.4395,0.000243,11.9896,0.006,rered,gaia2,5782.0,134.489,4.0727,0.0798315,,,1.55311,0.0870302,1.04,0.131776,0.277604,0.0635168,DWARF,2.42891431,0.1629065,534.532,14.6005,0.0309419,0.0102650551,79,0.0149267474,,,0.000254816841,0.00994651,0.0105836,schlegel,0.134081,0.129472,0.113479,0.0605814,0.0690979,0.0579358,0.103953,0.0557099,0.114069,0.211744,14.209,14.992,bj2018,145.479,123.499,dered,12.7973,0.00126,11.9385,0.00102,1,,ucac4,apassdr9,,1.08836871397885,0.777637596072172,325.54790036782,-33.4117451789855,0.0379863612203583,0.0283569167708222,1,0,1716347983,6.592286341319963e+18,0.96692795
389448224,20190415,,7469-01364-1,266-190694,20492673-3648527,,J204926.73-364852.6,6.778350616711709e+18,19573503,,STAR,tmgaia2,312.361369801321,-36.8146445927385,tmgaia2,1.25908,0.074463,9.62373,0.0507238,gaia2,7.84179,0.0481279,gaia2,6.02918617619201,-38.6171240955416,304.629213299216,-18.3290773108312,12.251,0.196,11.505,0.014,,,,,,,,,,,9.863,0.024,9.409,0.022,9.332,0.023,AAA-222-111-000-0-0,,9.283,0.023,9.345,0.02,9.233,0.035,8.406,,11.1197,0.000428,10.572,0.006,rered,gaia2,5163.0,131.68,4.50277,0.0832793,,,0.865786,0.0517387,0.87,0.106383,1.34056,0.315175,DWARF,0.479870856,0.0160148,127.061,0.783,0.01818,0.01009765,125,0.07595004,,,0.00163888454,0.0092047,0.0109906,schlegel,0.0806735,0.132092,0.0407367,0.0627407,0.271732,0.358618,0.0910732,0.0754854,0.0160116,0.016018,0.778,0.788,bj2018,159.981,103.38,dered,11.5901,0.001048,10.5275,0.000564,1,,tycho2v3,tycho2b3,,1.21701381027788,0.786647977321518,312.361376572725,-36.8146031572342,0.0382251905653851,0.025978481611239,1,0,1708806805,6.778350616711709e+18,0.97906506
139190137,20190415,,,221-188108,23004751-4557539,,J230047.55-455753.6,6.539724604567881e+18,24600213,,STAR,tmgaia2,345.197980396426,-45.9649622215184,tmgaia2,37.0359,0.0463487,22.8369,0.071549,gaia2,5.7875,0.060406,gaia2,344.875817422511,-61.1323047923064,326.258201271564,-36.0827418971037,13.48,0.012,12.545,0.092,,,,,,,,,,,10.909,0.022,10.441,0.025,10.362,0.02,AAA-222-111-000-0-0,,10.318,0.022,10.379,0.02,10.293,0.062,8.375,,12.3331,0.000284,11.7489,0.006,rered,gaia2,4946.0,118.645,4.61154,0.0882604,,,0.737069,0.044608,0.81,0.0956478,2.02283,0.505582,DWARF,0.292905569,0.0117215,171.957,1.8,0.00838964,0.0102314046,40,0.07429357,,,0.00108162558,0.00971941,0.0107434,schlegel,0.0924318,0.0988639,0.0323945,0.0568216,0.370738,0.640426,0.0616468,0.114874,0.0131782,0.0102648,1.782,1.818,bj2018,127.986,109.303,dered,12.8364,0.001603,11.6931,0.000949,1,,ucac4,apassdr9,,0.780718476897208,1.10975351343471,345.198209803064,-45.9648638962054,0.0241437599996107,0.0406299088163967,1,0,1722799137,6.539724604567881e+18,1.0395645
204444405,20190415,,,284-210769,21425841-3313423,,J214258.40-331342.4,6.592294420154368e+18,17371780,,STAR,tmgaia2,325.743379312305,-33.2284404706672,tmgaia2,0.0250254,0.0655595,-10.0347,0.050018,gaia2,2.08377,0.0523935,gaia2,12.516964613701,-49.1558355566398,316.767866409514,-18.3887372565988,13.307,0.016,12.724,0.103,,,,,,,,,,,11.717,0.022,11.465,0.023,11.427,0.024,AAA-222-111-000-0-0,,11.376,0.023,11.421,0.021,11.371,0.184,8.823,,12.638,0.000256,12.255,0.006,rered,gaia2,6199.0,124.93,4.44832,0.0900491,,,1.07807,0.0560804,1.19,0.174718,0.949754,0.236188,DWARF,1.54622209,0.103070751,473.724,11.856,0.0266738,0.00994642,78,0.06575944,,,0.000378208584,0.00840794,0.0114849,schlegel,0.139755,0.209681,0.063294,0.0488668,0.241457,0.230918,0.0852662,0.094832,0.0897345,0.116407,11.565,12.147,bj2018,149.58,100.28,dered,12.926,0.001265,12.199,0.001608,1,,ucac4,apassdr9,,1.06103181118512,0.775820546553994,325.743379441115,-33.2284836756258,0.0353079183689908,0.0289826260773239,1,0,1716349249,6.592294420154368e+18,1.0112879
201291901,20190415,,8464-00920-1,178-000204,00112307-5430056,,J001123.08-543005.8,4.923753879685604e+18,25162104,,STAR,tmgaia2,2.84617781036276,-54.50157721579,tmgaia2,10.541,0.0366746,-8.76836,0.0368469,gaia2,2.40591,0.0275282,gaia2,315.212798210979,-61.661352028858,332.852588368721,-49.3251486059253,11.736,0.113,11.026,0.008,,,,,,,,,,,10.415,0.023,10.243,0.026,10.185,0.021,AAA-222-111-000-0-0,,10.158,0.023,10.169,0.02,10.158,0.057,8.436,,11.2199,0.000448,10.8907,0.006,rered,gaia2,6488.0,128.447,4.14924,0.0856958,,,1.6082,0.0706558,1.33,0.212426,0.319765,0.0734792,DWARF,4.12875366,0.2097405,410.757,4.68,0.0126921,0.0100409752,39,0.00548280356,,,0.0007201384,0.00828345,0.0117985,schlegel,0.156556,0.268297,0.0787206,0.062591,0.0511136,0.0958448,0.0626266,0.108765,0.234372,0.185109,4.628,4.732,bj2018,120.464,136.43,dered,11.464,0.001169,10.8401,0.000675,1,,tycho2v3,tycho2b3,,0.639705272412228,0.571442602129467,2.84625596841663,-54.5016149684765,0.0189095823181967,0.0189909060393166,1,0,507941902,4.923753879685604e+18,1.1266198
141944911,20190415,,9176-01131-1,082-008671,06214481-7336198,,J062144.74-733619.8,5.265139664449378e+18,33615996,,STAR,tmgaia2,95.4366983058679,-73.6055019573432,tmgaia2,-24.7299,0.0405382,1.03452,0.0421975,gaia2,4.9783,0.0181306,gaia2,284.446135869568,-28.0275658884898,257.811758164481,-82.7230733990379,11.921,0.162,11.188,0.011,,,,,,,,,,,10.243,0.024,9.956,0.026,9.883,0.021,AAA-222-111-000-0-0,,9.853,0.023,9.882,0.02,9.837,0.03,9.386,,11.2597,0.000324,10.8377,0.006,rered,gaia2,6073.0,122.244,4.55881,0.077903,,,0.929142,0.0414875,1.14,0.145906,1.42121,0.297367,DWARF,1.05796754,0.04091585,199.713,0.7285,0.0565622,0.00974794,350,0.0165329464,,,0.00550263468,0.0104066,0.00908928,schlegel,0.136155,0.155658,0.0363392,0.0466357,0.284996,0.309738,0.0701212,0.0856847,0.042305,0.0395267,0.726,0.731,bj2018,102.482,142.006,dered,11.5901,0.001153,10.7864,0.000627,1,,tycho2v3,tycho2b3,,0.784948931566512,0.654348495585702,95.4363210650885,-73.6054975034961,0.0181776382970978,0.0193864623825179,1,0,562193820,5.265139664449378e+18,0.78040785
201290555,20190415,,,156-000151,00095105-5850432,,J000951.10-585043.5,4.918167226744722e+18,27128975,,STAR,tmgaia2,2.46277749473003,-58.8453644302909,tmgaia2,34.853,0.0274763,-27.7978,0.0281283,gaia2,3.16801,0.0187716,gaia2,312.929789320693,-57.4683644282044,328.237089341725,-52.560942070868,14.074,0.019,13.141,0.08,,,,,,,,,,,11.675,0.024,11.263,0.022,11.181,0.019,AAA-222-111-000-0-0,,11.135,0.023,11.213,0.022,10.875,0.091,9.275,,12.9869,0.000218,12.4355,0.006,rered,spect,5180.19,132.027,4.4885,0.0919107,0.293712,0.0770095,0.885167,0.0565779,0.88,0.109529,1.26884,0.33876,DWARF,0.5083089,0.019964,312.808,1.851,0.00949631,0.0106093055,59,0.008222175,,,0.000705532031,0.0127962,0.00842241,schlegel,0.0808911,0.138166,0.0691307,0.0440251,0.311857,0.365663,0.0932324,0.090589,0.0195786,0.0203494,1.84,1.862,bj2018,97.6081,166.445,spect,13.454,0.000871,12.3824,0.000677,1,,ucac4,apassdr9,,0.48915539312773,0.436199628428624,2.46306755299538,-58.8454841155892,0.0142540620396944,0.0135651359170218,1,0,507940556,4.918167226744722e+18,0.96110374
167794297,20190415,,8916-00535-1,128-009921,06574539-6433210,,J065745.38-643320.8,5.285244028402591e+18,29894181,,STAR,tmgaia2,104.439161788264,-64.5558427070098,tmgaia2,-3.80895,0.044191,14.0002,0.0411662,gaia2,3.11547,0.0208306,gaia2,274.971629597794,-23.6541333214314,168.121570469547,-83.7150254004192,12.031,0.25,11.625,0.018,,,,,,,,,,,10.465,0.023,10.237,0.023,10.187,0.023,AAA-222-111-000-0-0,,10.157,0.023,10.189,0.02,10.118,0.041,8.984,,11.3304,0.000789,10.9754,0.0061,rered,gaia2,6456.0,132.216,4.36597,0.0846725,,,1.24361,0.0535025,1.31,0.201594,0.681108,0.155581,DWARF,2.42057657,0.114969,318.039,2.123,0.04441,0.00996967,159,0.0104196724,,,0.00323845074,0.00762664,0.0123127,schlegel,0.137094,0.266094,0.0577025,0.0493025,0.119705,0.191456,0.0646511,0.104694,0.105586,0.124352,2.109,2.137,bj2018,127.408,137.024,dered,11.5999,0.00089,10.9252,0.000546,1,,tycho2v3,tycho2b3,,0.810399446966934,0.638442153673478,104.439123616814,-64.5557824283754,0.0198829605021592,0.0216165259932925,1,0,576724565,5.285244028402591e+18,0.9364563
293526462,20190415,,9342-00425-1,089-070699,23281653-7217596,,J232816.54-721759.6,6.380666812951186e+18,34536207,,STAR,tmgaia2,352.068891656636,-72.2999129584758,tmgaia2,8.26087,0.0426734,8.34016,0.0427568,gaia2,1.08928,0.0245442,gaia2,311.476784044974,-43.4219288621708,305.805571625952,-59.0216880556409,13.134,0.554,12.729,0.069,,,,,,,,,,,11.653,0.023,11.384,0.025,11.342,0.027,AAA-222-111-000-0-0,,11.301,0.023,11.325,0.02,11.245,0.116,8.644,,12.5587,0.000223,12.1906,0.006,rered,spect,6192.34,144.429,3.86374,0.0941174,-0.389568,0.0925008,2.11318,0.124909,1.19,0.169399,0.126106,0.0335058,DWARF,5.91545343,0.3613935,894.513,19.7925,0.0252709,0.009857885,64,0.00199327269,,,0.000236082677,0.0105283,0.00918747,schlegel,0.178677,0.160121,0.108435,0.141384,0.0352269,0.0317847,0.105927,0.0823078,0.36826,0.354527,19.363,20.222,bj2018,127.966,160.892,spect,12.8331,0.001824,12.1345,0.000842,1,,ucac4,tycho2b3,,0.819473880586117,0.663144160162244,352.069008642156,-72.2998770494879,0.0233118929926019,0.0234220851575729,1,0,1724585783,6.380666812951186e+18,0.98906374
260373019,20190415,,,158-007782,06213175-5826577,,J062131.76-582657.7,5.494990955325062e+18,27293597,,STAR,tmgaia2,95.3823235506596,-58.4493826677072,tmgaia2,5.5455,0.0404879,0.10927,0.0486396,gaia2,1.63119,0.0229177,gaia2,267.433636817111,-26.6910744022411,109.450958274659,-81.5241464767352,13.468,0.032,12.951,0.103,,,,,,,,,,,11.895,0.024,11.663,0.022,11.566,0.022,AAA-222-111-000-0-0,,11.562,0.023,11.575,0.021,11.631,0.143,9.262,,12.8206,0.000216,12.435,0.006,rered,spect,6109.35,124.495,4.22515,0.0809593,0.113485,0.1,1.37027,0.0681709,1.15,0.149448,0.446969,0.101285,DWARF,2.35661483,0.1205605,602.442,8.3815,0.069024,0.0102591049,125,0.0302190557,,,0.00112283544,0.00955481,0.0109634,schlegel,0.160521,0.138374,0.0645503,0.0717915,0.0857513,0.116818,0.0987898,0.0631287,0.130791,0.11033,8.267,8.496,bj2018,130.479,118.511,spect,13.1144,0.001116,12.3804,0.00081,1,,ucac4,apassdr9,,0.719363524424555,0.754328756953561,95.3823691815908,-58.4493821972472,0.0196616439921235,0.0250171088790131,1,0,562292194,5.494990955325062e+18,0.97770506
261257371,20190415,,,039-002891,05581121-8214376,,J055811.03-821437.0,4.621291871700739e+18,35133710,,STAR,tmgaia2,89.5466753322566,-82.2437893032818,tmgaia2,-27.6284,0.0284978,59.4827,0.0341307,gaia2,4.0557,0.0181544,gaia2,294.324947527925,-28.6507818832018,270.22630180892,-74.3165732366297,13.766,0.028,12.969,0.069,,,,,,,,,,,11.453,0.023,11.079,0.024,10.96,0.019,AAA-222-111-000-0-0,,10.921,0.023,10.967,0.02,10.837,0.074,9.56,,12.773,0.000327,12.2359,0.006,rered,gaia2,5493.0,134.049,4.68375,0.0778138,,,0.738401,0.0393845,0.96,0.113885,2.38448,0.526787,DWARF,0.447216928,0.01486605,244.824,1.096,0.0919212,0.00994561,136,0.0236430224,,,0.00184022752,0.0102532,0.00963802,schlegel,0.129021,0.0987496,0.0373322,0.0414367,0.517505,0.536068,0.0803169,0.0753108,0.0162245,0.0135076,1.091,1.101,bj2018,142.951,125.148,dered,13.2162,0.001236,12.1819,0.00089,1,,ucac4,apassdr9,,0.586560108223435,0.529325802226014,89.5457939075503,-82.2435331981169,0.0151695889383119,0.0178172650536007,1,0,555656748,4.621291871700739e+18,1.0873686
293528258,20190415,,,066-034415,23574451-7651244,,J235744.61-765124.4,6.377283821830859e+18,35116729,,STAR,tmgaia2,359.435543475151,-76.8567944070446,tmgaia2,23.659,0.0424437,-2.00182,0.0344663,gaia2,2.80869,0.0222303,gaia2,306.875113124471,-39.8575303448711,300.280293981684,-63.1963954067647,13.7,0.012,13.085,0.092,,,,,,,,,,,11.653,0.024,11.29,0.025,11.255,0.026,AAA-222-111-000-0-0,,11.169,0.023,11.226,0.021,11.032,0.109,9.224,,12.8312,0.000237,12.3423,0.006,rered,gaia2,5598.0,128.768,4.49191,0.0805195,,,0.935187,0.0478041,0.99,0.131104,1.21043,0.265042,DWARF,0.7737905,0.02828185,352.431,2.7825,0.0453632,0.01016921,92,0.02213247,,,0.0008006984,0.0107532,0.00958522,schlegel,0.0848153,0.177392,0.0606734,0.0349347,0.226051,0.304033,0.0923664,0.0686725,0.027854,0.0287097,2.761,2.804,bj2018,95.2594,162.277,dered,13.2273,0.001425,12.2899,0.001522,1,,ucac4,apassdr9,,0.840091279907057,0.534524856330443,359.435991459085,-76.8568030263797,0.0225875885280798,0.0178224580391715,1,0,1726178008,6.377283821830859e+18,1.0322762
238809127,20190415,,,122-169600,21465555-6536592,,J214655.62-653659.3,6.401917417778903e+18,33059928,,STAR,tmgaia2,326.731521461602,-65.616446148349,tmgaia2,30.4067,0.0337316,-15.213,0.0418797,gaia2,2.11713,0.0322035,gaia2,326.565147792418,-42.0636120882494,301.194845187815,-48.2072277998572,13.049,0.027,12.241,0.057,,,,,,,,,,,10.781,0.027,10.448,0.022,10.331,0.025,AAA-222-111-000-0-0,,10.285,0.022,10.358,0.02,10.327,0.082,8.092,,12.0301,0.000135,11.5007,0.006,rered,gaia2,5293.0,129.781,3.79964,0.0862516,,,1.98945,0.119598,0.91,0.116487,0.115569,0.0282969,DWARF,2.798787,0.127831,466.104,7.0505,0.0272465,0.0102864448,94,0.0379571877,,,0.000336469442,0.0114554,0.00911749,schlegel,0.101701,0.131273,0.112609,0.126587,0.0333696,0.0232241,0.101761,0.0707423,0.127864,0.127798,6.946,7.155,bj2018,140.01,119.553,dered,12.4745,0.001069,11.4519,0.000741,1,,ucac4,apassdr9,,0.622331917187613,0.649644231551903,326.731838574242,-65.6165116490962,0.0181716778527341,0.0257084610398892,1,0,1716785393,6.401917417778903e+18,1.0562606
238176552,20190415,,,092-075974,23512555-7145499,,J235125.58-714550.0,6.386184608976054e+18,34541985,,STAR,tmgaia2,357.85654433305,-71.7638864458278,tmgaia2,8.32958,0.0417888,-10.2597,0.0361216,gaia2,2.45614,0.0211916,gaia2,309.464206928255,-44.5953789492672,308.828898086743,-60.0826715136025,13.009,0.029,12.459,0.103,,,,,,,,,,,11.134,0.023,10.84,0.022,10.772,0.021,AAA-222-111-000-0-0,,10.739,0.023,10.791,0.02,10.794,0.08,8.63,,12.2342,0.000177,11.7883,0.006,rered,spect,5801.62,115.558,4.22247,0.075629,-0.237039,0.0714184,1.30712,0.0614624,1.04,0.132368,0.465684,0.0971406,DWARF,1.743892,0.0705797,402.432,3.458,0.0501972,0.0100568747,70,0.09453013,,,0.0006225689,0.00661195,0.0135018,schlegel,0.155709,0.109026,0.0592116,0.0637131,0.0971448,0.0971365,0.0831996,0.0680584,0.0641798,0.0769796,3.429,3.487,bj2018,125.044,106.071,spect,12.5849,0.001085,11.7341,0.000711,1,,ucac4,apassdr9,,0.799721284700069,0.560182697092991,357.856658937129,-71.7639306195705,0.0212457749679075,0.0182664953216954,1,0,1725731651,6.386184608976054e+18,0.92055005
150442516,20190415,,,139-007519,06305161-6221452,,J063051.62-622145.2,5.478215294103466e+18,29875046,,STAR,tmgaia2,97.7150627394778,-62.3625830169088,tmgaia2,-5.39822,0.0541142,5.64725,0.0515094,gaia2,0.979771,0.0253012,gaia2,271.950590476963,-26.1660794976341,131.921351809777,-84.651763328729,12.571,0.039,12.179,0.08,,,,,,,,,,,11.27,0.026,11.068,0.026,11.017,0.023,AAA-222-111-000-0-0,,10.975,0.023,10.996,0.02,10.952,0.063,9.756,,12.0546,0.000246,11.739,0.006,rered,gaia2,6792.0,133.479,3.78444,0.0916578,,,2.56444,0.128216,1.46,0.253389,0.0865715,0.021581,DWARF,12.6087065,0.8963725,991.466,25.062,0.0613556,0.010292585,131,0.047966864,,,0.000648806163,0.00971437,0.0108708,schlegel,0.187109,0.319669,0.126171,0.130261,0.0180429,0.0251191,0.0785456,0.10477,0.881717,0.911028,24.44,25.684,bj2018,126.286,140.671,dered,12.2867,0.001459,11.684,0.001295,1,,ucac4,apassdr9,,0.980727509335838,0.798875599454742,97.7150126347022,-62.362558702369,0.025111086282005,0.0276862714297841,1,0,565497818,5.478215294103466e+18,1.0859574
167792486,20190415,,8916-00168-1,131-009372,06560600-6351371,,J065605.99-635136.9,5.285524300788091e+18,29892850,,STAR,tmgaia2,104.025017735683,-63.8603246687188,tmgaia2,-5.12935,0.0416011,17.7284,0.0440976,gaia2,2.52087,0.0214087,gaia2,274.187294317123,-23.6639396120532,161.819201888053,-83.5475629782926,11.1,0.085,10.487,0.006,,,,,,,,,,,9.723,0.021,9.575,0.025,9.531,0.021,AAA-222-111-000-0-0,,9.46,0.023,9.477,0.02,9.421,0.026,9.144,0.349,10.5187,0.00041,10.1913,0.006,rered,gaia2,6692.0,136.29,3.94314,0.089961,,,2.10672,0.0895277,1.42,0.244072,0.151869,0.0362733,DWARF,8.01921749,0.3936775,392.215,3.3185,0.056768,0.01011476,144,0.00700301537,,,0.00244565075,0.00923792,0.0109916,schlegel,0.180265,0.307879,0.0868759,0.0921794,0.0242242,0.0483225,0.065707,0.114215,0.298613,0.488742,3.291,3.346,bj2018,151.647,120.934,dered,10.7686,0.000965,10.1446,0.000592,1,,tycho2v3,tycho2b3,,0.76001965219923,0.683877025140292,104.024967607084,-63.8602483381157,0.0192461509482808,0.022316759417426,1,0,576722762,5.285524300788091e+18,1.0245392
167792961,20190415,,8916-01199-1,126-010330,06562859-6448098,,J065628.59-644810.1,5.285213551314634e+18,29893163,,STAR,tmgaia2,104.119111779356,-64.8027547286993,tmgaia2,7.14319,0.0330141,-18.4292,0.033199,gaia2,2.19394,0.0163904,gaia2,275.198723853595,-23.8451688623673,169.697774671455,-83.9408445955206,12.784,0.324,11.804,0.027,,,,,,,,,,,10.929,0.025,10.684,0.023,10.622,0.023,AAA-222-111-000-0-0,,10.575,0.023,10.601,0.02,10.598,0.057,9.684,,11.7695,0.000333,11.4311,0.006,rered,spect,6275.86,117.345,4.14612,0.0831601,-0.51951,0.1,1.55212,0.0689573,1.23,0.18029,0.328947,0.0714817,DWARF,3.366982,0.157553,449.887,3.3425,0.05959,0.0100347,154,0.0123234559,,,0.00170012726,0.0094583,0.0106111,schlegel,0.15179,0.208789,0.0576779,0.0802367,0.0571699,0.0857935,0.0817215,0.0845986,0.181636,0.13347,3.318,3.367,bj2018,111.852,122.839,spect,12.0168,0.000739,11.372,0.000504,1,,tycho2v3,tycho2b3,,0.606260892477064,0.514856159648893,104.119184019939,-64.8028340766619,0.0149861407195142,0.0167229629000429,1,0,576723236,5.285213551314634e+18,1.1441208
280911680,20190415,,9392-00722-1,047-004001,06483246-8043080,,J064832.35-804307.5,5.207559511809659e+18,35134363,,STAR,tmgaia2,102.13515196954,-80.7188894690948,tmgaia2,-19.0374,0.0392013,43.5401,0.0458583,gaia2,3.46081,0.0236549,gaia2,292.51732274194,-26.8610924632565,262.212503061747,-75.5098443248046,11.692,0.133,11.048,0.009,,,,,,,,,,,9.703,0.023,9.393,0.022,9.293,0.021,AAA-222-111-000-0-0,,9.202,0.023,9.229,0.02,9.158,0.026,8.961,0.283,10.8759,0.000339,10.3924,0.006,rered,spect,5599.1,115.305,3.7816,0.0738434,-0.34,0.09,2.11861,0.103839,0.99,0.12194,0.104108,0.0217534,DWARF,3.97437739,0.1456205,286.569,1.957,0.144826,0.01033749,112,0.0181010813,,,0.00143726519,0.00971158,0.0109634,schlegel,0.0967378,0.147143,0.0890045,0.118674,0.0181594,0.0253474,0.0625814,0.0851054,0.149929,0.141312,1.944,1.97,bj2018,123.183,107.428,spect,11.2661,0.000962,10.3404,0.00052,1,,tycho2v3,tycho2b3,,0.797670929328889,0.711225515978668,102.134643739359,-80.7187020051369,0.0206348802648744,0.0244929729881789,1,0,572823682,5.207559511809659e+18,0.8839506
389447028,20190415,,,264-185676,20490159-3717557,,J204901.59-371755.9,6.77805360683575e+18,19572933,,STAR,tmgaia2,312.256625223058,-37.2988515241091,tmgaia2,0.447256,0.0585254,-7.46437,0.0429606,gaia2,1.6169,0.0439263,gaia2,5.40095519642643,-38.5963189519457,304.400384221606,-18.7699632459524,13.508,0.019,13.019,0.057,,,,,,,,,,,12.018,0.021,11.752,0.024,11.682,0.023,AAA-222-111-000-0-0,,11.685,0.023,11.696,0.022,11.786,0.252,8.668,,12.9017,0.000193,12.5515,0.006,rered,gaia2,6433.0,135.248,4.43535,0.0940216,,,1.14375,0.0599748,1.3,0.211724,0.868872,0.220511,DWARF,2.01840043,0.144549,608.209,16.388,0.0316008,0.0100829452,111,0.07378516,,,0.000305231079,0.0119244,0.00824149,schlegel,0.181496,0.241951,0.0696276,0.0503221,0.198002,0.243021,0.105945,0.0820981,0.16444,0.124658,15.955,16.821,bj2018,160.282,110.214,dered,13.1554,0.00122,12.4907,0.000634,1,,ucac4,apassdr9,,0.957817478348393,0.666260237518058,312.256627643825,-37.2988836623691,0.0277687632436512,0.0222293554366398,1,0,1708805999,6.77805360683575e+18,1.1746134
204444912,20190415,,7487-01442-1,291-224467,21425488-3149461,,J214254.89-314945.9,6.592998068939923e+18,17371739,,STAR,tmgaia2,325.728712396444,-31.8294723919426,tmgaia2,10.4186,0.0701884,14.181,0.0580111,gaia2,2.55471,0.0458061,gaia2,14.6428179067722,-49.0178786182048,317.262625377011,-17.0714701151025,12.195,0.296,11.611,0.02,,,,,,,,,,,10.556,0.025,10.309,0.021,10.255,0.02,AAA-222-111-000-0-0,,10.213,0.023,10.235,0.021,10.198,0.063,8.719,,11.4525,0.000381,11.0882,0.006,rered,gaia2,6336.0,129.362,4.20537,0.0863155,,,1.46151,0.0669573,1.25,0.189563,0.400407,0.0924684,DWARF,3.10142279,0.1757175,387.225,6.923,0.0303623,0.0102233347,65,0.004073556,,,0.00051343214,0.0151135,0.00533317,schlegel,0.176069,0.203057,0.0595648,0.0743497,0.0907738,0.094163,0.0819476,0.0906833,0.15867,0.192765,6.802,7.044,bj2018,90.9426,167.782,dered,11.7241,0.001456,11.0328,0.000495,1,,tycho2v3,tycho2b3,,1.1320476513483,0.899804599828932,325.728765193908,-31.8294113348697,0.0416520715170606,0.0337334014309463,1,0,1716349506,6.592998068939923e+18,1.3219208
261257456,20190415,,9492-00013-1,038-003099,05572448-8231340,,J055724.49-823133.7,4.621259504827212e+18,35133702,,STAR,tmgaia2,89.3520957482036,-82.5261144723781,tmgaia2,1.98337,0.0331129,22.001,0.039847,gaia2,1.19827,0.020728,gaia2,294.647088322115,-28.6298427730972,270.306357349946,-74.033915149308,13.291,0.475,12.481,0.035,,,,,,,,,,,11.047,0.023,10.754,0.024,10.675,0.021,AAA-222-111-000-0-0,,10.616,0.023,10.631,0.02,10.612,0.067,9.374,,12.1818,0.000158,11.7191,0.006,rered,gaia2,6134.0,132.662,3.64924,0.0864459,,,2.6708,0.135027,1.16,0.167687,0.0608884,0.0144987,DWARF,9.098131,0.49001,814.989,13.874,0.132508,0.0106301149,120,0.062465623,,,0.000354193558,0.0118902,0.00937003,schlegel,0.176525,0.158849,0.132789,0.137266,0.0132524,0.0157451,0.0756081,0.0972837,0.441001,0.539019,13.642,14.106,bj2018,130.17,135.154,dered,12.5467,0.001435,11.6617,0.000814,1,,tycho2v3,tycho2b3,,0.683047258933826,0.617918196551088,89.3521613992212,-82.5260197458544,0.0185741759564686,0.0189191336138491,1,0,555378952,4.621259504827212e+18,0.9640857
150274888,20190415,,,139-007143,06200270-6219034,,J062002.72-621903.1,5.478370320946401e+18,29868107,,STAR,tmgaia2,95.0113050740079,-62.317620359052,tmgaia2,10.1199,0.0431263,21.9969,0.0438434,gaia2,3.13021,0.023208,gaia2,271.707864273527,-27.4031043297219,119.285136655371,-85.2411623591457,13.632,0.039,12.892,0.103,,,,,,,,,,,11.539,0.026,11.147,0.025,11.102,0.023,AAA-222-111-000-0-0,,11.058,0.023,11.102,0.02,11.027,0.066,8.915,,12.7022,0.000344,12.2075,0.006,rered,spect,5618.95,132.673,4.54084,0.0789839,0.205981,0.1,0.883956,0.0495176,0.99,0.123192,1.43332,0.314984,DWARF,0.7017405,0.02663005,316.559,2.3435,0.0453559,0.0100361053,132,0.008320294,,,0.00240667653,0.00848211,0.0115901,schlegel,0.105596,0.140788,0.0400196,0.0590156,0.233272,0.396696,0.0831682,0.0747996,0.0196185,0.0336416,2.326,2.361,bj2018,135.005,130.341,spect,13.1056,0.001958,12.1564,0.001146,1,,ucac4,apassdr9,,0.781441690115312,0.679996100809036,95.0113988635699,-62.3175256502078,0.0214002155905388,0.0239925515567338,1,0,562194929,5.478370320946401e+18,0.9713962
176935956,20190415,,,108-014308,06422920-6825312,,J064229.22-682531.5,5.279307868202873e+18,32019037,,STAR,tmgaia2,100.621665780036,-68.4253671566616,tmgaia2,16.3527,0.0460768,-17.8046,0.0485587,gaia2,1.81503,0.0230202,gaia2,278.823663888008,-25.9008996543613,209.482150411465,-85.5344169517129,13.228,0.019,12.476,0.057,,,,,,,,,,,11.148,0.027,10.832,0.023,10.716,0.019,AAA-222-111-000-0-0,,10.687,0.023,10.731,0.02,10.642,0.049,9.333,,12.3243,0.000191,11.8364,0.006,rered,spect,5435.97,127.994,3.83587,0.0841366,0.120281,0.1,1.94967,0.114844,0.95,0.118683,0.128185,0.0307724,DWARF,2.99038672,0.127931654,542.382,6.824,0.0481956,0.0100836847,193,0.08916232,,,0.000903221546,0.00722617,0.0129412,schlegel,0.101108,0.136257,0.114797,0.114891,0.0229969,0.038548,0.0868098,0.0814634,0.156806,0.0990573,6.739,6.909,bj2018,167.463,88.5244,spect,12.7189,0.001435,11.7836,0.00056,1,,ucac4,apassdr9,,0.863901807123162,0.753148367701738,100.621857254051,-68.4254438154661,0.0213470174679825,0.0271222043678281,1,0,570035255,5.279307868202873e+18,1.1613961
261256668,20190415,,,048-003780,05563822-8035062,,J055638.28-803506.3,4.62298456985197e+18,35133678,,STAR,tmgaia2,89.1593665569174,-80.5850786713925,tmgaia2,7.71836,0.028225,-9.48985,0.0381042,gaia2,1.76223,0.0163664,gaia2,292.465707927161,-28.9680817467993,270.56735419396,-75.973984315418,13.882,0.008,13.239,0.126,,,,,,,,,,,11.793,0.023,11.424,0.022,11.392,0.025,AAA-222-111-000-0-0,,11.334,0.023,11.362,0.021,11.132,0.08,9.62,,13.0295,0.000445,12.5281,0.006,rered,gaia2,5802.0,129.215,4.18738,0.0759748,,,1.361,0.0657085,1.04,0.130203,0.412532,0.0873296,DWARF,1.891136,0.0746822,558.329,5.1405,0.11355,0.01031303,138,0.0703597739,,,0.000758701,0.00878426,0.0118418,schlegel,0.136638,0.123767,0.0704101,0.061007,0.0616821,0.112977,0.0906461,0.0613035,0.0734935,0.0758709,5.094,5.187,bj2018,161.79,96.6391,dered,13.4312,0.001555,12.4703,0.000947,1,,ucac4,apassdr9,,0.573767929069223,0.590833063092073,89.1595697067007,-80.5851195305271,0.0152839428394816,0.0160471833899726,1,0,555170434,4.62298456985197e+18,1.0970825
350430410,20190415,,,177-006168,05392196-5438317,,J053921.95-543831.6,4.768308426147896e+18,26946802,,STAR,tmgaia2,84.8414876153645,-54.6422040117967,tmgaia2,0.813492,0.0410729,24.2466,0.038048,gaia2,2.27623,0.0204296,gaia2,262.42727800295,-32.0854137899158,75.7166798082577,-77.8255407000631,13.08,0.027,12.433,0.114,,,,,,,,,,,11.523,0.026,11.273,0.022,11.211,0.023,AAA-222-111-000-0-0,,11.172,0.023,11.198,0.021,11.125,0.077,9.275,,12.4198,0.000207,12.0467,0.006,rered,gaia2,6408.0,133.356,4.49454,0.0884706,,,1.06429,0.0475377,1.29,0.20271,1.07006,0.24892,DWARF,1.72069728,0.0827225,433.836,3.874,0.0604534,0.0101624252,65,0.05375495,,,0.001861638,0.0106262,0.00969865,schlegel,0.156922,0.248498,0.0500965,0.0449789,0.216754,0.281086,0.0777757,0.0991655,0.0666633,0.0987817,3.84,3.908,bj2018,138.093,128.619,dered,12.7001,0.001454,11.9903,0.000865,1,,ucac4,apassdr9,,0.716821964792779,0.590064292709369,84.8414936679867,-54.6420996167127,0.0192448848895897,0.019439238529531,1,0,548794699,4.768308426147896e+18,1.0312985
141943723,20190415,,9379-00888-1,073-005874,06211198-7535583,,J062111.99-753558.2,5.261496776264937e+18,34632633,,STAR,tmgaia2,95.2999301511279,-75.5995606611675,tmgaia2,9.59167,0.0331043,14.1453,0.0367161,gaia2,3.00488,0.0179437,gaia2,286.705204050457,-28.0846663545804,261.731657163879,-80.8081988424812,11.242,0.115,10.695,0.008,,,,,,,,,,,9.926,0.024,9.705,0.024,9.67,0.02,AAA-222-111-000-0-0,,9.622,0.023,9.639,0.02,9.59,0.032,9.201,0.384,10.6761,0.00035,10.3659,0.006,rered,gaia2,6804.0,131.396,4.19849,0.0875186,,,1.59208,0.0655779,1.46,0.252374,0.36179,0.081791,DWARF,4.894215,0.255871,329.627,1.9645,0.0559536,0.01019465,130,0.0151459174,,,0.00336035877,0.0070628,0.0133265,schlegel,0.178176,0.326572,0.0632734,0.0678824,0.056434,0.107148,0.0619102,0.113127,0.209759,0.301983,1.953,1.976,bj2018,97.2694,165.522,dered,10.9114,0.000863,10.3191,0.00076,1,,tycho2v3,tycho2b3,,0.649614611587354,0.569373099296238,95.3000962062722,-75.59949975785,0.0172648569203544,0.0176473338496614,1,0,562193092,5.261496776264937e+18,0.87723917
53815306,20190415,,6959-00006-1,312-256723,21494012-2738355,,J214940.12-273835.5,6.81013337470018e+18,14724631,,STAR,tmgaia2,327.417184371447,-27.6432131852741,tmgaia2,0.742912,0.063312,-2.89533,0.0571089,gaia2,6.93424,0.0386779,gaia2,21.3369745201548,-49.8823310712297,320.184905403638,-13.6458691597115,11.755,0.162,10.919,0.012,,,,,,,,,,,9.775,0.024,9.468,0.023,9.391,0.02,AAA-222-111-000-0-0,,9.345,0.024,9.377,0.02,9.334,0.036,8.695,,10.836,0.000337,10.3823,0.006,rered,gaia2,5674.0,129.143,4.54553,0.0766616,,,0.887595,0.0461106,1.009,0.120622,1.44293,0.312701,DWARF,0.7356684,0.0204466,143.619,0.804,0.0108992,0.00372644,56,0.000449899642,,,0.00175830931,0.00406988,0.003383,panstarrs,0.107658,0.133585,0.040192,0.0520291,0.263845,0.361557,0.0707828,0.0825405,0.0184072,0.022486,0.799,0.809,bj2018,101.306,156.98,dered,11.2016,0.000902,10.3345,0.00062,1,,tycho2v3,tycho2b3,,1.01123148366471,0.885913666572736,327.417187982256,-27.6432256512784,0.0357693556331518,0.0358513290568925,1,0,1717073037,6.81013337470018e+18,0.96256644
238172988,20190415,,,,23500378-7013260,,J235003.56-701325.7,6.386745806582569e+18,,,STAR,tmgaia2,357.515745575784,-70.2238738203952,tmgaia2,-105.713,0.132233,12.8414,0.131124,gaia2,11.5797,0.0728401,gaia2,310.338525588462,-46.0116601608974,311.079229681583,-59.0411667954907,19.97,0.163,,,,,,,,,,,,,13.613,0.028,13.005,0.031,12.733,0.03,AAA-222-111-000-0-0,,12.546,0.024,12.352,0.022,11.925,0.226,8.739,,16.8303,0.00113,15.4,0.00767825,cdwrf,cdwrf,3075.0,157.0,5.05322,0.0227637,,,0.206032,0.00653051,0.174992,0.0201791,20.0085,0.412223,DWARF,0.00341935782,0.000921006955,86.1489,0.5447,0.0,0.0,68,0.0276201833,,,0.0006507742,0.0,0.0,,,,,,,,,,,,0.5413,0.5481,bj2018,,,cdwrf,18.7464,0.025365,15.5128,0.002015,1,,,bpbj,cooldwarfs_v8,2.50641176953806,2.03333628331221,357.514400345153,-70.2238185360617,0.0658765939167943,0.0609692951404436,1,0,1725728795,6.386745806582569e+18,1.0215873
394482843,20190415,,,177-219506,21041894-5439273,,J210418.99-543927.9,6.464088134540206e+18,25485497,,STAR,tmgaia2,316.078956178761,-54.6576130337613,tmgaia2,44.488,0.0257307,-54.2027,0.0268383,gaia2,2.23506,0.0185272,gaia2,342.700974940397,-40.8435198556367,301.030149472658,-36.0710209035703,14.165,0.026,13.576,0.092,,,,,,,,,,,12.193,0.021,11.844,0.024,11.777,0.021,AAA-222-111-000-0-0,,11.74,0.024,11.769,0.023,11.546,0.186,8.686,0.345,13.3397,0.000252,12.876,0.006,rered,gaia2,5699.0,133.891,4.5568,0.0758186,,,0.876587,0.0438995,1.01,0.123781,1.49946,0.318888,DWARF,0.7302638,0.02845225,441.73,3.6425,0.0322114,0.0105693,106,0.0197241623,,,0.0004503456,0.0110648,0.0100738,schlegel,0.12174,0.125822,0.0344437,0.0533553,0.248657,0.38912,0.0639946,0.0876425,0.0266259,0.0302786,3.613,3.672,bj2018,161.029,106.753,dered,13.7005,0.001223,12.8137,0.001285,1,,ucac4,apassdr9,,0.449136535972957,0.416239515185317,316.07928730822,-54.6578464069508,0.0135108237480426,0.0143044455112733,1,0,1711463511,6.464088134540206e+18,1.0593463
394483136,20190415,,,174-206860,21044901-5522195,,J210449.02-552219.5,6.457862321747319e+18,29650034,,STAR,tmgaia2,316.204287442298,-55.3721097340757,tmgaia2,-1.7758,0.049288,5.08233,0.0442897,gaia2,1.33659,0.0358148,gaia2,341.755508944639,-40.7832265113809,300.797105071384,-36.7642029286277,13.473,0.034,13.129,0.08,,,,,,,,,,,12.106,0.024,11.877,0.024,11.835,0.023,AAA-222-111-000-0-0,,11.82,0.024,11.83,0.022,12.046,0.316,8.979,,12.9364,0.000284,12.5957,0.006,rered,gaia2,6489.0,129.352,4.31412,0.0907028,,,1.33015,0.0694095,1.33,0.207491,0.565128,0.135868,DWARF,2.826239,0.2119335,732.92,19.3995,0.0301983,0.0104078446,89,0.0129400138,,,0.0002876112,0.00805559,0.0127601,schlegel,0.16096,0.254022,0.0789809,0.0598382,0.121808,0.149927,0.0741707,0.107235,0.180791,0.243076,18.896,19.903,bj2018,113.567,145.137,dered,13.1829,0.001251,12.5362,0.000592,1,,ucac4,apassdr9,,0.863051135782857,0.686851953275866,316.204273987161,-55.3720878518221,0.0230940821940618,0.0222846376625168,1,0,1711463801,6.457862321747319e+18,1.0060357
204445356,20190415,,7487-00739-1,297-231273,21425780-3037323,,J214257.79-303732.5,6.593224121659455e+18,17371773,,STAR,tmgaia2,325.740861955128,-30.625666110874,tmgaia2,-2.46669,0.0898514,-17.2808,0.0730677,gaia2,2.74179,0.048473,gaia2,16.4655737846957,-48.8889192946425,317.703318134343,-15.9442012458131,11.353,0.15,10.948,0.011,,,,,,,,,,,10.032,0.021,9.833,0.025,9.782,0.021,AAA-222-111-000-0-0,,9.718,0.023,9.751,0.02,9.734,0.047,8.76,0.413,10.8687,0.000336,10.517,0.0061,rered,gaia2,6421.0,131.546,4.07038,0.08761,,,1.73705,0.0835779,1.294,0.204455,0.246888,0.0588427,DWARF,4.620915,0.262416,361.079,6.37,0.0310694,0.009232335,67,0.00349535118,,,0.000593782,0.00985284,0.00861183,panstarrs,0.173447,0.235464,0.082204,0.0849518,0.0520611,0.0656242,0.0772791,0.0979409,0.29418,0.230652,6.26,6.48,bj2018,87.6581,175.434,dered,11.1355,0.001535,10.468,0.000918,1,,tycho2v3,tycho2b3,,1.44482016221012,1.13341684074187,325.740849613118,-30.6257405143196,0.049847520099127,0.0443362683573103,1,0,1716349726,6.593224121659455e+18,0.96981686
150443296,20190415,,8898-00543-1,132-008246,06312035-6342448,,J063120.38-634243.9,5.47715216514132e+18,29875364,,STAR,tmgaia2,97.834816726068,-63.7124697725499,tmgaia2,11.8114,0.0673167,89.0455,0.0465469,gaia2,6.35563,0.0252309,gaia2,273.447291481931,-26.3177620361853,142.756036078032,-85.6506362882501,10.313,0.053,9.703,0.004,,,,,,,,,,,8.814,0.024,8.559,0.027,8.512,0.023,AAA-112-111-000-0-0,,8.455,0.023,8.491,0.02,8.482,0.02,8.514,0.174,9.64841,0.000239,9.2795,0.006,rered,spect,6026.3,127.882,4.14004,0.0809525,-0.07,0.12,1.49151,0.0715528,1.12,0.141987,0.337553,0.0748205,DWARF,2.64331126,0.1064624,156.63,0.624,0.0229434,0.0102361953,151,0.0045807003,,,0.00670452742,0.0114963,0.00897609,schlegel,0.132495,0.151479,0.0691332,0.0739724,0.061912,0.087729,0.0686646,0.0932405,0.0964468,0.116478,0.621,0.627,bj2018,115.661,140.103,spect,9.93821,0.001579,9.23814,0.001255,1,,tycho2v3,tycho2b3,,1.22882124932599,0.721929573510152,97.8349315542168,-63.7120863822452,0.0305894910188288,0.0255601198597984,1,0,565498598,5.47715216514132e+18,1.000415
150274236,20190415,,,145-007255,06200883-6101287,,J062008.82-610128.9,5.481727993236038e+18,29868179,,STAR,tmgaia2,95.0368343686184,-61.0246465415737,tmgaia2,-4.14121,0.0440902,-19.564,0.0447605,gaia2,2.90702,0.0193086,gaia2,270.265379042491,-27.2316193386038,114.173032858869,-84.0383018386747,13.839,0.029,13.096,0.114,,,,,,,,,,,11.727,0.023,11.392,0.026,11.284,0.026,AAA-222-111-000-0-0,,11.255,0.023,11.29,0.02,11.142,0.079,9.681,,12.9137,0.000363,12.4157,0.006,rered,spect,5459.48,113.869,4.50502,0.077616,0.230184,0.1,0.902368,0.0464623,0.95,0.120525,1.29292,0.281518,DWARF,0.651729047,0.02366715,340.617,2.257,0.0292412,0.00997352,144,0.04361638,,,0.00209982577,0.0130634,0.00688364,schlegel,0.0932931,0.147756,0.0374447,0.0554799,0.245653,0.317383,0.098592,0.05664,0.0205684,0.0267659,2.242,2.272,bj2018,142.857,84.8801,spect,13.3207,0.001469,12.3638,0.000846,1,,ucac4,apassdr9,,0.793462185215839,0.694065617253228,95.0367975622961,-61.0247307754683,0.0184642427140533,0.0196376934246695,1,0,562194807,5.481727993236038e+18,0.98145425
340007736,20190415,,,151-010640,07315595-5955236,,J073155.97-595523.6,5.293447274200846e+18,27373055,,STAR,tmgaia2,112.983154356463,-59.9232436536938,tmgaia2,13.1103,0.0431586,5.28248,0.0385162,gaia2,2.17025,0.0217652,gaia2,271.597212790205,-18.4325582380701,157.993393531752,-77.8154675860222,13.546,0.02,12.763,0.08,,,,,,,,,,,11.101,0.021,10.743,0.022,10.618,0.021,AAA-222-111-000-0-0,,10.58,0.023,10.622,0.02,10.589,0.05,9.523,0.488,12.5041,0.000147,11.9458,0.006,rered,gaia2,5649.0,133.962,4.0335,0.0804284,,,1.59326,0.0828241,1.0,0.133885,0.247253,0.0542914,DWARF,2.32891178,0.0916029,454.762,4.5355,0.163258,0.009958985,186,0.0324732028,,,0.00108467683,0.00947777,0.0104402,schlegel,0.096565,0.171204,0.0816372,0.0840111,0.0465537,0.0620291,0.0855761,0.0752807,0.0848285,0.0983773,4.491,4.58,bj2018,113.018,154.907,dered,12.9661,0.001272,11.8914,0.000969,1,,ucac4,apassdr9,,0.77242192621213,0.597420013185606,112.983266989468,-59.9232209097305,0.0205693349240343,0.0223687003082452,1,0,598945200,5.293447274200846e+18,1.0089647
115190256,20190415,,,251-192086,21095213-3950162,,J210952.06-395017.4,6.581893555552432e+18,19591529,,STAR,tmgaia2,317.467204472384,-39.8378708301111,tmgaia2,-70.713,0.0841969,-109.928,0.0723106,gaia2,12.3364,0.0596201,gaia2,2.49864873181494,-42.8626927250445,307.738849399952,-22.4127333552089,16.238,0.056,15.033,0.149,,,,,,,,,,,11.09,0.023,10.484,0.025,10.231,0.024,AAA-222-111-000-0-0,,10.134,0.024,10.011,0.02,9.88,0.058,8.777,,13.7338,0.001025,12.5616,0.00768726,cdwrf,cdwrf,3487.0,157.0,4.74422,0.00807303,,,0.492227,0.0148365,0.490321,0.0204407,4.11135,0.200564,DWARF,0.0322725549,0.00779844355,80.8747,0.3929,0.0,0.0,93,0.0117542539,,,0.00112249993,0.0,0.0,,,,,,,,,,,,0.391,0.3948,bj2018,,,cdwrf,15.0142,0.005297,12.6113,0.002818,1,,ucac4,apassdr9,cooldwarfs_v8,1.3888327670788,1.12138377532399,317.466807969573,-39.8383441319009,0.0452332107645635,0.0357334083931924,1,0,1712198822,6.581893555552432e+18,1.2574695
150064507,20190415,,,141-006855,06054825-6158250,,J060548.25-615824.8,5.481217098286415e+18,29858850,,STAR,tmgaia2,91.4510820068789,-61.973622211287,tmgaia2,-3.8009,0.0471618,19.3649,0.0487182,gaia2,1.60573,0.0233548,gaia2,271.144967438951,-29.0274625175614,98.4771413032636,-85.3701594621179,13.19,0.01,12.682,0.08,,,,,,,,,,,11.644,0.023,11.43,0.024,11.401,0.019,AAA-222-111-000-0-0,,11.356,0.023,11.39,0.021,11.249,0.073,9.282,,12.557,0.000213,12.1852,0.006,rered,gaia2,6310.0,137.426,4.23313,0.0873118,,,1.40988,0.0649749,1.24,0.188755,0.442463,0.106036,DWARF,2.839065,0.1442335,611.832,8.8095,0.0359476,0.00989087,118,0.00441865064,,,0.00120878732,0.0103907,0.00939104,schlegel,0.129967,0.247543,0.0714603,0.0584894,0.0839455,0.128127,0.0744087,0.100215,0.1779,0.110567,8.685,8.934,bj2018,123.473,151.378,dered,12.839,0.001624,12.1328,0.000808,1,,ucac4,apassdr9,,0.852961136750527,0.755599265766199,91.451047178719,-61.9735388346379,0.0211060114691448,0.0265661810580548,1,0,557487748,5.481217098286415e+18,1.1230513
183802246,20190415,,,067-000982,01245911-7643550,,J012459.29-764354.8,4.636835255265407e+18,34562840,,STAR,tmgaia2,21.2466036143001,-76.731964255377,tmgaia2,41.8352,0.0291743,21.4048,0.023966,gaia2,2.95385,0.0149717,gaia2,300.41874040888,-40.2321409222493,304.533006300033,-67.8309719188938,14.26,0.04,13.375,0.046,,,,,,,,,,,11.988,0.022,11.614,0.028,11.516,0.023,AAA-222-111-000-0-0,,11.46,0.022,11.504,0.021,11.478,0.136,9.391,,13.2451,0.000248,12.7201,0.006,rered,spect,5446.69,106.316,4.63832,0.0768185,0.0686027,0.0895485,0.773991,0.0375427,0.95,0.118714,2.04888,0.440948,DWARF,0.475004166,0.01628555,335.262,1.6955,0.036736,0.0100754751,90,0.03400375,,,0.0010204959,0.00955445,0.0105965,schlegel,0.108975,0.128454,0.0387146,0.0363709,0.379906,0.501989,0.0648781,0.0887588,0.0175253,0.0150458,1.687,1.704,bj2018,87.8805,124.751,spect,13.6765,0.001316,12.6637,0.001157,1,,ucac4,apassdr9,,0.576935257370211,0.371707124016872,21.2473884441489,-76.7318720970242,0.0149406375299717,0.0131907663118637,1,0,515446946,4.636835255265407e+18,1.0142895
394482768,20190415,,,178-228188,21041609-5428420,,J210416.14-542842.1,6.464103282888621e+18,26912247,,STAR,tmgaia2,316.067051613754,-54.4783269311626,tmgaia2,45.4946,0.0425042,-18.5325,0.0430133,gaia2,5.36872,0.0288178,gaia2,342.935930722845,-40.8682202356108,301.100621349899,-35.9009047362026,13.42,0.036,12.525,0.069,,,,,,,,,,,11.035,0.021,10.56,0.024,10.534,0.025,AAA-222-111-000-0-0,,10.477,0.023,10.527,0.02,10.369,0.069,9.043,,12.3605,0.000152,11.8184,0.006,rered,gaia2,5210.0,129.364,4.69506,0.0918311,,,0.70178,0.0422915,0.89,0.116921,2.57506,0.667611,DWARF,0.326924682,0.01155265,185.273,0.9965,0.0229995,0.0102562252,107,0.005070483,,,0.00111712259,0.00906075,0.0114517,schlegel,0.116937,0.116904,0.0330548,0.0515281,0.74181,0.593412,0.111268,0.0723942,0.0095025,0.0136028,0.991,1.002,bj2018,151.72,107.008,dered,12.8143,0.001087,11.7643,0.000833,1,,ucac4,apassdr9,,0.741278269846709,0.667072324274859,316.067388749496,-54.4784067243406,0.0207363061849085,0.0220996689033928,1,0,1711463437,6.464103282888621e+18,0.93759215
394484931,20190415,,,151-224875,21172567-5952289,,J211725.67-595228.9,6.453126755229768e+18,29656757,,STAR,tmgaia2,319.357031273552,-59.8747316148185,tmgaia2,-12.1141,0.0545434,-0.243721,0.044186,gaia2,2.05529,0.0291054,gaia2,335.41764449903,-41.3054505872918,300.598661391756,-41.5691155960205,13.234,0.027,12.511,0.08,,,,,,,,,,,11.244,0.021,10.946,0.026,10.879,0.021,AAA-222-111-000-0-0,,10.841,0.023,10.891,0.02,10.835,0.09,8.943,,12.3692,0.000171,11.906,0.006,rered,gaia2,5721.0,138.859,4.10328,0.080827,,,1.48489,0.0777889,1.02,0.135294,0.311543,0.0694314,DWARF,2.127995,0.0942688,479.919,6.756,0.0365025,0.0104668,98,0.006509843,,,0.00036401354,0.0105933,0.0103403,schlegel,0.104958,0.165631,0.0673784,0.0881995,0.0620085,0.0768543,0.092846,0.068808,0.0847036,0.103834,6.663,6.849,bj2018,136.442,141.275,dered,12.7403,0.000938,11.8547,0.000958,1,,ucac4,apassdr9,,0.975834064513642,0.685247459141792,319.356927350982,-59.8747326642137,0.0216026924506944,0.0223462876398193,1,0,1713343888,6.453126755229768e+18,0.8948911
238176120,20190415,,,100-105300,23520209-7010147,,J235202.21-701014.6,6.38674999847063e+18,34542114,,STAR,tmgaia2,358.008684483716,-70.1707424777531,tmgaia2,56.8023,0.0307157,1.71559,0.0311825,gaia2,2.92289,0.0178138,gaia2,310.137251844992,-46.1175298620216,311.365199712398,-59.1367201348231,13.835,0.039,13.157,0.092,,,,,,,,,,,11.835,0.027,11.467,0.024,11.397,0.023,AAA-222-111-000-0-0,,11.368,0.023,11.403,0.021,11.28,0.122,8.791,,12.9515,0.000361,12.4786,0.006,rered,spect,5343.28,212.562,4.47139,0.118849,-0.418099,0.0877858,0.923064,0.0862764,0.92,0.122971,1.16975,0.4178,DWARF,0.6257342,0.02740985,338.784,2.06,0.0253163,0.01000627,78,0.0184422266,,,0.000707257364,0.00892514,0.0110874,schlegel,0.129057,0.116886,0.0848166,0.0877362,0.337152,0.498447,0.0943251,0.143372,0.0176659,0.0371538,2.048,2.072,bj2018,215.959,209.165,spect,13.3277,0.001053,12.422,0.00098,1,,ucac4,apassdr9,,0.582020364394518,0.48355463284823,358.009405451392,-70.1707350926328,0.0156356393339376,0.0147784428281356,1,0,1725948429,6.38674999847063e+18,1.0457451
150440079,20190415,,8894-01908-1,142-007671,06301563-6147189,,J063015.63-614718.9,5.478303323752788e+18,29874652,,STAR,tmgaia2,97.5651457872229,-61.7885558416108,tmgaia2,2.45585,0.0795093,-11.3464,0.0650533,gaia2,7.44153,0.0341812,gaia2,271.306758213232,-26.1445878045684,128.083964246581,-84.2090485300568,8.912,0.033,8.507,0.002,,,,,,,,,,,7.723,0.018,7.483,0.042,7.462,0.021,AAA-111-111-000-0-0,,7.382,0.029,7.478,0.02,7.471,0.016,7.378,0.07,8.4051,0.00033,8.1135,0.006,rered,gaia2,6769.0,133.753,4.1001,0.0910796,,,1.77692,0.0753969,1.45,0.250286,0.258444,0.0624841,DWARF,5.972101,0.285297,133.864,0.617,0.0198893,0.00972258,136,0.08380552,,,0.008094464,0.0120518,0.00739336,schlegel,0.195155,0.305417,0.0681241,0.0826698,0.0543882,0.07058,0.0854116,0.0967476,0.170222,0.400372,0.614,0.62,bj2018,136.175,131.332,dered,8.63218,0.002037,8.07758,0.001395,1,,tycho2v3,tycho2b3,,1.43664601226592,1.00899050841281,97.565168154897,-61.7886046941686,0.0372587938833751,0.0366090329469456,1,0,565495516,5.478303323752788e+18,1.1435357
201290528,20190415,,,157-000148,00103134-5843398,,J001031.29-584339.7,4.918355999147168e+18,27129223,,STAR,tmgaia2,2.63067378342406,-58.7277536750837,tmgaia2,-43.8995,0.0370688,12.6438,0.0343535,gaia2,3.52316,0.0242593,gaia2,312.840033833244,-57.6065013585613,328.471764109511,-52.5287683532263,13.696,0.029,12.983,0.103,,,,,,,,,,,11.612,0.024,11.238,0.027,11.166,0.024,AAA-222-111-000-0-0,,11.1,0.023,11.149,0.022,11.052,0.123,8.956,,12.7866,0.000188,12.2925,0.006,rered,spect,5375.11,118.62,4.59955,0.0819695,-0.222525,0.0649992,0.800757,0.0431156,0.93,0.116764,1.81126,0.413877,DWARF,0.482220143,0.01799715,281.538,1.9375,0.0103045,0.0105936,51,0.00492341444,,,0.0008771023,0.0107673,0.0104199,schlegel,0.0673169,0.166211,0.0385151,0.0477161,0.376288,0.451465,0.0758773,0.0880617,0.0188749,0.0171194,1.924,1.951,bj2018,131.63,105.61,spect,13.1879,0.001258,12.2381,0.000799,1,,ucac4,apassdr9,,0.659555316644798,0.532785830545127,2.63030967274004,-58.7276992370144,0.0195070507819873,0.0180717887631002,1,0,507940529,4.918355999147168e+18,0.99513936
204445757,20190415,,7487-01023-1,299-245514,21432098-3017191,,J214320.98-301719.1,6.785389415273191e+18,17371982,,STAR,tmgaia2,325.837459835415,-30.288667711166,tmgaia2,-1.65463,0.0778021,-0.291821,0.0811571,gaia2,3.39849,0.0564082,gaia2,16.9904517275296,-48.9274837077705,317.904374797575,-15.6559744249275,12.178,0.345,11.897,0.026,,,,,,,,,,,10.738,0.021,10.489,0.023,10.427,0.021,AAA-222-111-000-0-0,,10.41,0.024,10.438,0.021,10.366,0.074,8.939,,11.7052,0.000456,11.3156,0.0061,rered,gaia2,6225.0,132.218,4.48969,0.0868386,,,1.0331,0.0495478,1.202,0.168582,1.09014,0.251799,DWARF,1.44389033,0.0819209,291.888,4.844,0.0429979,0.0108446646,69,0.018548945,,,0.000722112833,0.0145732,0.00711613,panstarrs,0.120885,0.21628,0.0480774,0.0510181,0.251773,0.251826,0.0760334,0.0976439,0.0770936,0.0867482,4.765,4.923,bj2018,119.849,144.587,dered,12.0006,0.001939,11.26,0.001134,1,,tycho2v3,tycho2b3,,1.25016859742301,1.25879423621489,325.837451585108,-30.2886689676178,0.0460410130975035,0.0465009581549367,1,0,1716459759,6.785389415273191e+18,1.143719
176934808,20190415,,,117-011798,06423388-6638328,,J064233.84-663832.8,5.280467543733822e+18,32459483,,STAR,tmgaia2,100.641154013729,-66.6424828453011,tmgaia2,-15.8329,0.055355,12.68,0.0453943,gaia2,2.39005,0.0262408,gaia2,276.870247529128,-25.6119199455724,185.990518669524,-85.7784858948844,12.905,0.03,12.468,0.103,,,,,,,,,,,11.335,0.024,11.025,0.023,11.033,0.021,AAA-222-111-000-0-0,,10.998,0.022,11.035,0.02,10.999,0.062,9.436,,12.283,0.000278,11.9022,0.006,rered,gaia2,6261.0,132.039,4.44094,0.0820026,,,1.10089,0.0506532,1.22,0.169908,0.914388,0.205658,DWARF,1.67785978,0.07706515,413.448,4.52,0.0377885,0.009716875,158,0.0359403566,,,0.00205670879,0.0101962,0.00923755,schlegel,0.176952,0.162864,0.0726206,0.0286859,0.159984,0.251333,0.0656372,0.0983681,0.0713278,0.0828025,4.472,4.568,bj2018,94.8107,169.268,dered,12.565,0.000772,11.8417,0.000324,1,,ucac4,apassdr9,,1.02711250125119,0.704011109689317,100.640982071602,-66.6424282509506,0.025124535875525,0.0237126242803401,1,0,570034371,5.280467543733822e+18,1.0816386
139196793,20190415,,,241-187778,23020988-4156263,,J230209.87-415626.4,6.542798461120163e+18,22081692,,STAR,tmgaia2,345.541199563342,-41.940673186454,tmgaia2,-5.77536,0.044049,-3.95349,0.0470818,gaia2,1.52012,0.0353668,gaia2,352.245651327463,-63.2444070885879,328.797602524264,-32.6382007065686,13.878,0.05,13.514,0.114,,,,,,,,,,,12.359,0.023,12.079,0.025,12.057,0.026,AAA-222-111-000-0-0,,12.001,0.022,12.025,0.022,12.055,0.299,8.481,,13.275,0.000285,12.9088,0.006,rered,gaia2,6226.0,129.158,4.46573,0.0842178,,,1.0611,0.0543518,1.2,0.169507,1.00441,0.230909,DWARF,1.52421319,0.0925622,645.833,14.869,0.00772543,0.0099042,45,0.007961128,,,0.0003194878,0.008432,0.0113764,schlegel,0.152518,0.186496,0.040795,0.0679085,0.215492,0.246327,0.0929083,0.0755274,0.0844884,0.100636,14.533,15.205,bj2018,101.207,157.108,dered,13.5404,0.001718,12.8463,0.001214,1,,ucac4,apassdr9,,0.731645350476901,0.73025698137307,345.541166133808,-41.9406902084298,0.0258300477366366,0.0267221064607195,1,0,1722800819,6.542798461120163e+18,0.9088473
201293207,20190415,,,152-000194,00112667-5944283,,J001126.73-594428.3,4.906048890619486e+18,27129575,,STAR,tmgaia2,2.86113424811084,-59.7412061440299,tmgaia2,45.5496,0.0254427,-7.35209,0.0240148,gaia2,5.4272,0.0151632,gaia2,312.09386414901,-56.6699749608925,327.509533991585,-53.3683421442213,15.466,0.029,14.015,0.08,,,,,,,,,,,11.814,0.023,11.178,0.025,11.073,0.025,AAA-222-111-000-0-0,,10.987,0.022,11.042,0.02,10.872,0.106,9.058,,13.6952,0.000285,12.918,0.006,rered,spect,4379.19,135.268,4.73147,0.10752,-0.115163,0.0912409,0.588239,0.0544397,0.68,0.0823347,3.34077,1.11064,DWARF,0.114651084,0.00743326,183.28,0.5135,0.00774633,0.0101757,34,0.000312632939,,,0.001002025,0.0102195,0.0101319,schlegel,0.0810023,0.0836671,0.0486362,0.0602432,0.88015,1.34112,0.11907,0.0959707,0.00497306,0.00989346,0.512,0.515,bj2018,95.7974,174.739,spect,14.4598,0.001614,12.8572,0.001297,1,,ucac4,apassdr9,,0.454975477238188,0.372422408373773,2.86152343998252,-59.7412377994374,0.0134003071393441,0.0119884959257279,1,0,507942841,4.906048890619486e+18,1.0125834
139197711,20190415,,,,23020590-4606123,,J230205.99-460614.2,6.539673545996647e+18,,,STAR,tmgaia2,345.52462338646,-46.1034391530419,tmgaia2,80.6994,0.089995,-175.901,0.158756,gaia2,10.663,0.127398,gaia2,344.384971421408,-61.2533689150467,326.423350068583,-36.3126039313198,17.96,0.176,16.8,0.2,,,,,,,,,,,13.012,0.025,12.486,0.026,12.212,0.026,AAA-222-111-000-0-0,,12.064,0.023,11.866,0.021,11.851,0.325,8.923,,15.7365,0.001377,14.5017,0.00734699,cdwrf,cdwrf,3368.0,157.0,4.95916,0.00848677,,,0.271172,0.00873592,0.244107,0.0204556,12.2418,0.154987,DWARF,0.008524575,0.00215101545,93.5524,1.12365,0.0,0.0,43,0.0536224879,,,0.0006863856,0.0,0.0,,,,,,,,,,,,1.1104,1.1369,bj2018,,,cdwrf,17.1886,0.004821,14.5673,0.001408,1,,cdwrf,bpbj,cooldwarfs_v8,1.51679844734586,2.46198639721688,345.525124506301,-46.1041965056413,0.0499871543016819,0.0790186342387584,1,0,1722801737,6.539673545996647e+18,1.0670551
183802391,20190415,,9348-00902-1,074-001119,01222171-7518577,,J012221.65-751857.8,4.637922049493322e+18,34562286,,STAR,tmgaia2,20.5904925839608,-75.3160369559103,tmgaia2,-17.4277,0.0411345,-13.2341,0.0336704,gaia2,4.20262,0.0207371,gaia2,300.316095971768,-41.6547744561555,308.066802242956,-67.3652614808971,12.294,0.264,11.866,0.019,,,,,,,,,,,10.76,0.024,10.417,0.026,10.376,0.023,AAA-222-111-000-0-0,,10.311,0.022,10.376,0.02,10.351,0.052,9.28,0.529,11.7792,0.000198,11.3482,0.006,rered,spect,6040.76,200.65,4.62419,0.104551,-0.45,0.19,0.854178,0.0612186,1.12,0.157961,1.7971,0.530954,DWARF,0.8753017,0.0367696,236.325,1.167,0.0371493,0.0106910653,203,0.005387045,,,0.00188720028,0.00837013,0.013012,schlegel,0.138989,0.176932,0.0556457,0.0667915,0.405456,0.656452,0.123405,0.0856971,0.0440811,0.0294581,1.161,1.173,bj2018,227.0,174.3,spect,12.1143,0.000953,11.2931,0.000737,1,,tycho2v3,tycho2b3,,0.805647942939517,0.52215789576681,20.590196569284,-75.3160939362511,0.0213225331261402,0.0166866256080361,1,0,515214101,4.637922049493322e+18,0.9636357
139198815,20190415,,,229-191579,23023220-4422236,,J230232.21-442223.8,6.540288271778492e+18,22081856,,STAR,tmgaia2,345.634191030707,-44.3732519416481,tmgaia2,14.7931,0.0293144,-0.352182,0.0449236,gaia2,1.84004,0.0302887,gaia2,347.449522159741,-62.1984356972155,327.514447942522,-34.8253468936268,13.815,0.022,13.193,0.092,,,,,,,,,,,11.966,0.024,11.664,0.024,11.606,0.023,AAA-222-111-000-0-0,,11.595,0.022,11.642,0.021,11.814,0.249,8.765,,13.0304,0.000322,12.5923,0.006,rered,gaia2,5763.0,130.016,4.32176,0.0791764,,,1.1603,0.0587437,1.03,0.132699,0.659358,0.146167,DWARF,1.33792913,0.06148955,535.19,8.743,0.00843485,0.0100487052,44,0.0160850342,,,0.000346226938,0.0104706,0.00962681,schlegel,0.102689,0.162708,0.0520668,0.0654206,0.115894,0.176439,0.085675,0.0726779,0.0741678,0.0488113,8.603,8.883,bj2018,149.631,110.4,dered,13.3728,0.001028,12.5373,0.000794,1,,ucac4,apassdr9,,0.490851700388536,0.696700419575352,345.634280136167,-44.3732534580219,0.0119724955707652,0.0231469502706472,1,0,1722802841,6.540288271778492e+18,1.0151427
139191302,20190415,,,229-191559,23013371-4416173,,J230133.72-441617.3,6.540304218993261e+18,22081452,,STAR,tmgaia2,345.390456804448,-44.2714565795233,tmgaia2,15.9612,0.028124,-5.7551,0.0403913,gaia2,2.61033,0.0304918,gaia2,347.820815838203,-62.0951119027894,327.385056152876,-34.6537007989913,14.6,0.02,13.763,0.08,,,,,,,,,,,12.21,0.02,11.763,0.025,11.692,0.022,AAA-222-111-000-0-0,,11.625,0.023,11.689,0.021,11.514,0.198,8.549,,13.5007,0.000252,12.9389,0.006,rered,gaia2,5059.0,123.874,4.45699,0.0861448,,,0.896765,0.0543518,0.84,0.103774,1.16478,0.291535,DWARF,0.474581,0.0199454,378.954,4.4125,0.00902332,0.0106274951,53,0.00285575143,,,0.000410177658,0.0114118,0.00984319,schlegel,0.0849519,0.122596,0.0492709,0.0594327,0.24132,0.341751,0.0914852,0.0808045,0.0241919,0.0156989,4.362,4.463,bj2018,136.617,111.132,dered,13.9798,0.001665,12.8858,0.000959,1,,ucac4,apassdr9,,0.470768218933894,0.626546078951988,345.390552779223,-44.2714813584663,0.0122501343364955,0.0245441847611315,1,0,1722800302,6.540304218993261e+18,1.0908988
260371870,20190415,,,171-007819,06215070-5559063,,J062150.70-555906.2,5.496407091941486e+18,27293860,,STAR,tmgaia2,95.4612631138478,-55.9850896640574,tmgaia2,-3.09375,0.0425663,2.12741,0.0417349,gaia2,1.96795,0.019203,gaia2,264.727775524,-26.2359687500794,106.373656279707,-79.1135578003591,13.441,0.054,12.759,0.08,,,,,,,,,,,11.554,0.022,11.271,0.026,11.18,0.021,AAA-222-111-000-0-0,,11.145,0.023,11.184,0.02,11.087,0.072,9.769,,12.6118,0.000175,12.1583,0.006,rered,gaia2,5857.0,129.636,4.20547,0.0761032,,,1.34571,0.0646734,1.06,0.133294,0.434962,0.0912829,DWARF,1.91998959,0.07905775,500.814,4.853,0.0539209,0.0104266,110,0.007331426,,,0.00133751973,0.0130132,0.00784,schlegel,0.12604,0.140548,0.0646317,0.0647151,0.0912667,0.091299,0.0691703,0.083036,0.0864399,0.0716756,4.807,4.899,bj2018,129.512,129.76,dered,12.974,0.001177,12.1081,0.000654,1,,ucac4,apassdr9,,0.747409586702135,0.647223313354423,95.4612393024299,-55.9850805043777,0.0180043893465486,0.0207392419720563,1,0,562291270,5.496407091941486e+18,1.0747775
389449567,20190415,,7967-00753-1,253-192462,20493792-3930141,,J204937.92-393014.2,6.678751355909951e+18,19573755,,STAR,tmgaia2,312.40805353764,-39.503975918174,tmgaia2,-2.73995,0.0664575,7.40221,0.0485927,gaia2,2.51056,0.0453664,gaia2,2.60595723112227,-38.955627653956,303.8535747864,-20.9175544951617,12.146,0.284,11.742,0.02,,,,,,,,,,,10.62,0.022,10.383,0.024,10.319,0.021,AAA-222-111-000-0-0,,10.275,0.022,10.316,0.021,10.404,0.087,8.639,,11.5112,0.000461,11.1443,0.006,rered,gaia2,6368.0,130.474,4.21745,0.087803,,,1.45282,0.068593,1.27,0.198797,0.414159,0.0979183,DWARF,3.12702632,0.18542,393.977,7.098,0.0417921,0.0101092849,98,0.007229297,,,0.000516575237,0.0111425,0.00907607,schlegel,0.153467,0.244128,0.0886407,0.0485452,0.10108,0.0947567,0.0800466,0.0955594,0.176543,0.194297,6.972,7.224,bj2018,177.49,83.4576,dered,11.7873,0.000992,11.0902,0.000709,1,,tycho2v3,tycho2b3,,1.09496386344555,0.753647233886497,312.408038248234,-39.5039440475483,0.0323452020542429,0.0263386053511901,1,0,1708808148,6.678751355909951e+18,1.1575162
293526000,20190415,115757,9344-00399-1,086-065655,23270735-7252540,,J232707.18-725253.8,6.380622660687352e+18,34535913,,STAR,tmgaia2,351.780678756904,-72.8816187922925,tmgaia2,-75.4532,0.076429,-1.25215,0.0630238,gaia2,10.9942,0.0355286,gaia2,311.235717439334,-42.8607906466617,304.825398222217,-59.3275589103988,8.756,0.0,8.11,0.03,,,,,,,,,,,6.956,0.03,6.705,0.04,6.594,0.023,AAA-111-111-000-0-0,,6.606,0.08,6.583,0.024,6.619,0.016,6.553,0.057,7.94728,0.000291,7.5262,0.006,gbprp,spect,5962.0,131.758,3.92767,0.0790576,,,1.87894,0.0942461,1.09,0.135697,0.164318,0.035415,DWARF,4.018743,0.118124,90.7196,0.2946,0.0,0.0,76,0.00284440722,,,0.00330182817,0.0,0.0,,0.0949812,0.176412,0.0820673,0.106425,0.0376645,0.0331656,0.0887876,0.0693275,0.118077,0.118171,0.2937,0.2955,bj2018,156.329,107.188,spect,8.29243,0.002105,7.49092,0.002413,1,,hipvmag,apassdr9,,1.47304726985507,0.977282777480595,351.779575066319,-72.8816241864843,0.0370088529491897,0.0284390466256397,1,0,1724348875,6.380622660687352e+18,1.0485623
238176062,20190415,,,101-107038,23521927-6958304,,J235219.29-695830.5,6.386776318030195e+18,32261521,,STAR,tmgaia2,358.080295509061,-69.9751649629252,tmgaia2,10.6165,0.0485317,2.66853,0.0466784,gaia2,3.85136,0.0313834,gaia2,310.196894484344,-46.3102549653236,311.689840960297,-59.0317138158787,14.119,0.039,13.086,0.092,,,,,,,,,,,11.239,0.022,10.759,0.025,10.612,0.024,AAA-222-111-000-0-0,,10.577,0.022,10.639,0.02,10.548,0.076,9.181,,12.7893,0.000336,12.1503,0.006,rered,spect,5116.17,112.091,4.52746,0.0814223,0.0385763,0.0769325,0.836669,0.0477965,0.86,0.102107,1.46837,0.344747,DWARF,0.432098,0.0176277,257.734,2.1005,0.0222048,0.01009481,63,0.03375697,,,0.0009647705,0.0125625,0.00762712,schlegel,0.0967414,0.107472,0.0449508,0.0506422,0.246292,0.443201,0.0623796,0.100465,0.0194455,0.0158099,2.083,2.118,bj2018,129.621,94.562,spect,13.3613,0.001655,12.0972,0.001731,1,,ucac4,apassdr9,,0.918527656981825,0.723926717919514,358.080428997,-69.975153473471,0.0253498838101593,0.0244059067989739,1,0,1725948406,6.386776318030195e+18,1.0448977
280913144,20190415,,,059-005108,06514253-7814511,,J065142.54-781450.9,5.211594375885945e+18,34640716,,STAR,tmgaia2,102.927169354828,-78.2475750587472,tmgaia2,7.6034,0.0457679,29.4242,0.0546794,gaia2,4.08415,0.0276705,gaia2,289.776277659478,-26.5008309354383,257.602928203303,-77.7458817027242,12.774,0.025,12.069,0.046,,,,,,,,,,,10.616,0.026,10.27,0.022,10.205,0.021,AAA-222-111-000-0-0,,10.129,0.022,10.177,0.02,10.163,0.035,9.261,,11.8321,0.000249,11.328,0.006,rered,gaia2,5880.0,134.598,4.44374,0.0785305,,,1.02767,0.0496583,1.07,0.137194,0.985872,0.211353,DWARF,1.13739872,0.0452665,243.141,1.6485,0.135879,0.01023509,128,0.0270871948,,,0.00310352072,0.00836348,0.0121067,schlegel,0.114739,0.15965,0.048796,0.0505206,0.18714,0.235567,0.0880735,0.0689875,0.0467127,0.0438203,1.638,1.659,bj2018,118.556,150.64,dered,12.2431,0.001479,11.2769,0.001288,1,,ucac4,apassdr9,,0.914727255777267,0.848133750053687,102.927330079243,-78.2474483712642,0.0232550335554997,0.0319776568503806,1,0,573718070,5.211594375885945e+18,0.94940215
139199196,20190415,113778,8011-00560-1,237-175624,23023181-4247327,,J230231.81-424732.5,6.542648407848015e+18,22081854,,STAR,tmgaia2,345.632554144133,-42.7924193914987,tmgaia2,-4.04318,0.103834,6.74439,0.108822,gaia2,3.4732,0.10356,gaia2,350.484944952464,-62.9360554852012,328.402222410419,-33.4257008861117,10.769,0.014,10.43,0.03,,,,,,,,,,,9.627,0.023,9.436,0.025,9.373,0.026,AAA-222-111-000-0-0,,9.327,0.023,9.333,0.02,9.289,0.036,8.965,0.498,10.3209,0.000466,10.0312,0.006,rered,spect,6564.85,119.025,4.13916,0.0885502,-0.305,0.0848528,1.64522,0.0848996,1.36,0.214817,0.3054,0.0734354,DWARF,4.529403,0.34411,285.915,8.54,0.00838889,0.009958355,24,0.000482552,,,0.00103269611,0.00871311,0.0112036,schlegel,0.182945,0.24669,0.0629623,0.106837,0.0547043,0.0921666,0.0772642,0.0998363,0.277375,0.410845,8.29,8.79,bj2018,122.098,115.952,spect,10.5398,0.002071,9.98986,0.002827,1,,hipvmag,apassdr9,,1.7290486295717,1.68768459218115,345.632530421501,-42.7923903531551,0.0411309269770445,0.0564276670140745,1,0,1722803222,6.542648407848015e+18,0.9594601
261258631,20190415,,,054-004019,05584578-7913279,,J055845.78-791327.9,4.623545836178014e+18,34626222,,STAR,tmgaia2,89.6907581310751,-79.2244260703493,tmgaia2,-2.82499,0.0270606,-7.37864,0.0353331,gaia2,1.03582,0.0152391,gaia2,290.910303265416,-29.068264673907,270.263697829956,-77.3360095208145,13.729,0.037,13.128,0.057,,,,,,,,,,,11.607,0.024,11.265,0.022,11.226,0.024,AAA-222-111-000-0-0,,11.137,0.023,11.16,0.02,10.992,0.077,9.078,,12.8461,0.000208,12.3534,0.006,rered,gaia2,5862.0,131.44,3.68907,0.0760768,,,2.43867,0.118855,1.06,0.132265,0.0730879,0.0155006,DWARF,6.32681274,0.309416,939.225,13.5455,0.114417,0.01052918,130,0.0150431916,,,0.0004139447,0.00902736,0.012031,schlegel,0.138814,0.125716,0.11441,0.123299,0.0185527,0.0124484,0.0887294,0.0634242,0.385489,0.233343,13.353,13.738,bj2018,177.153,85.7267,dered,13.2383,0.001139,12.2947,0.000693,1,,ucac4,apassdr9,,0.544647810572987,0.547971889539822,89.6906930744498,-79.2244578395008,0.0143140072330291,0.0183949827545623,1,0,555726421,4.623545836178014e+18,1.2297012
340008177,20190415,,8563-00818-1,154-010668,07321608-5917151,,J073216.09-591715.2,5.293545203752291e+18,27373522,,STAR,tmgaia2,113.06708881619,-59.287583764341,tmgaia2,-5.72389,0.0613103,7.51184,0.0523216,gaia2,2.71268,0.0278746,gaia2,270.996774103265,-18.1482168445354,155.990285668546,-77.3460365439006,9.635,0.042,9.442,0.003,,,,,,,,,,,8.985,0.027,8.848,0.044,8.856,0.021,AAA-112-111-000-0-0,,8.794,0.023,8.833,0.02,8.835,0.021,8.776,0.212,9.41033,0.000336,9.281,0.006,rered,gaia2,8698.0,153.365,4.0615,0.0692274,,,2.27777,0.0653744,2.18,0.31468,0.18447,0.0316532,DWARF,26.7542553,1.61112,364.797,3.738,0.131822,0.0105431648,189,0.002777012,,,0.0030547413,0.00730703,0.0137793,schlegel,0.295595,0.333764,0.0731261,0.0576226,0.0233586,0.0399478,0.058651,0.0798037,1.64399,1.57825,3.7,3.776,bj2018,172.756,133.975,dered,9.52488,0.001937,9.23209,0.002014,1,,tycho2v3,tycho2b3,,1.09373698517171,0.811418251852689,113.067040562586,-59.2875514217052,0.0263565145727113,0.0265185521594569,1,0,600387479,5.293545203752291e+18,1.0341524
183802508,20190415,,,079-001946,01241196-7417350,,J012412.10-741735.3,4.686158419175729e+18,33510978,,STAR,tmgaia2,21.049892882935,-74.2930871589249,tmgaia2,48.7105,0.0672179,-22.6805,0.0486521,gaia2,11.5145,0.0320498,gaia2,299.926486882947,-42.643449845013,310.702197055014,-67.2055761207525,16.793,-0.071,15.287,0.114,,,,,,,,,,,11.423,0.021,10.748,0.024,10.523,0.021,AAA-222-111-000-0-0,,10.391,0.024,10.304,0.02,10.141,0.05,9.096,0.414,14.1198,0.000464,12.9045,0.00748575,cdwrf,cdwrf,3416.0,157.0,4.76411,0.00699906,,,0.469627,0.0139939,0.467252,0.0203115,4.5112,0.207319,DWARF,0.0270565413,0.00662192749,86.6301,0.24235,0.0,0.0,298,0.0201548543,,,0.00179686793,0.0,0.0,,,,,,,,,,,,0.2417,0.243,bj2018,,,cdwrf,15.4942,0.002811,12.9639,0.002118,1,,ucac4,apassdr9,cooldwarfs_v8,1.30754465636347,0.754491016033695,21.0506675889185,-74.2931848124434,0.0342383829949802,0.0240519502027335,1,0,515446970,4.686158419175729e+18,1.1078066
350434074,20190415,,,170-006379,05404235-5606509,,J054042.37-560650.7,4.766664007725377e+18,27262379,,STAR,tmgaia2,85.1765199460394,-56.1141552164987,tmgaia2,0.71031,0.0358632,17.4441,0.0430491,gaia2,1.04759,0.0201366,gaia2,264.171081928998,-31.9552529029951,75.3631530639091,-79.3080955018448,13.401,0.029,12.855,0.069,,,,,,,,,,,11.904,0.024,11.649,0.023,11.568,0.023,AAA-222-111-000-0-0,,11.531,0.023,11.557,0.021,11.366,0.093,9.181,,12.7961,0.000229,12.4288,0.006,rered,gaia2,6386.0,129.907,3.98928,0.0842453,,,1.8967,0.0892464,1.28,0.186515,0.187592,0.0426376,DWARF,5.3902235,0.3122645,928.922,17.5075,0.0467723,0.0105484,80,0.011697107,,,0.000695039344,0.0145806,0.0065162,schlegel,0.183252,0.189779,0.0654578,0.113035,0.0408974,0.0443779,0.0855804,0.0829102,0.306106,0.318423,17.184,17.831,bj2018,128.011,131.803,dered,13.0681,0.002052,12.37,0.000849,1,,ucac4,apassdr9,,0.630161006917,0.667600602202555,85.1765254313481,-56.1140801099565,0.0179134794219381,0.0212897913120683,1,0,550663429,4.766664007725377e+18,1.141027
167797444,20190415,,8908-00936-1,148-009197,06584333-6031277,,J065843.33-603127.4,5.47953054623123e+18,29894996,,STAR,tmgaia2,104.680568508633,-60.5243457420475,tmgaia2,1.08895,0.0435077,19.0473,0.0359757,gaia2,2.46322,0.0191248,gaia2,270.763295848677,-22.5225430745588,144.053899352789,-81.1392260854322,12.049,0.251,11.518,0.017,,,,,,,,,,,10.514,0.024,10.241,0.023,10.179,0.021,AAA-222-111-000-0-0,,10.135,0.022,10.157,0.02,10.119,0.045,9.424,0.539,11.4187,0.000283,11.0453,0.006,rered,spect,6259.81,137.783,4.06567,0.0917063,-0.486589,0.0868053,1.69581,0.0876684,1.22,0.183767,0.250166,0.064238,DWARF,3.97826743,0.184409,401.282,3.103,0.0884877,0.01034752,145,0.046362102,,,0.00193926389,0.00822804,0.012467,schlegel,0.124873,0.242662,0.0775739,0.0977628,0.0601347,0.0683413,0.0933282,0.0900844,0.195971,0.172847,3.079,3.127,bj2018,175.483,100.084,spect,11.6985,0.000925,10.9862,0.000803,1,,tycho2v3,tycho2b3,,0.780970943531974,0.557984304377985,104.680578037135,-60.5242637328388,0.0179273693663107,0.0200669745343135,1,0,577772055,5.47953054623123e+18,0.84597236
234330747,20190415,,9147-00896-1,095-002504,02233275-7110196,,J022332.87-711019.8,4.645206696280569e+18,33529715,,STAR,tmgaia2,35.8865641876072,-71.1720900629612,tmgaia2,44.4011,0.0444652,-34.4896,0.0368385,gaia2,18.0358,0.0225612,gaia2,292.807128321093,-44.100748724222,322.184629897922,-70.672089915454,10.409,0.046,9.577,0.003,,,,,,,,,,,8.159,0.027,7.775,0.02,7.664,0.024,AAA-111-111-000-0-0,,7.556,0.033,7.658,0.02,7.621,0.018,7.553,0.119,9.39285,0.000265,8.8695,0.006,gbprp,gaia2,5228.0,122.99,4.5895,0.0790249,,,0.792464,0.0448643,0.89,0.106627,1.78835,0.412771,DWARF,0.4226644,0.0101414146,55.3564,0.06965,0.0,0.0,70,0.0253181178,,,0.009832122,0.0,0.0,,0.0774998,0.135754,0.0462894,0.0434392,0.391009,0.434534,0.0829291,0.0751206,0.0111393,0.00914353,0.0696,0.0697,bj2018,114.948,131.031,dered0,9.8394,0.001754,8.82704,0.001242,1,,tycho2v3,tycho2b3,,0.847849799076733,0.571309188675333,35.8871565505923,-71.1722385607865,0.0248511300819227,0.0188918118322298,1,0,518383229,4.645206696280569e+18,1.1270989
280910845,20190415,,,056-004811,06493465-7855322,,J064934.66-785532.2,5.211510052791936e+18,34640142,,STAR,tmgaia2,102.39439156163,-78.9256495295145,tmgaia2,0.184611,0.0329209,10.5552,0.0565962,gaia2,2.09933,0.0211727,gaia2,290.519412370234,-26.6718788123012,259.302316954074,-77.1672995337354,13.436,0.016,12.734,0.08,,,,,,,,,,,10.973,0.023,10.606,0.023,10.505,0.021,AAA-222-111-000-0-0,,10.403,0.022,10.414,0.02,10.368,0.044,8.864,,12.4055,0.000252,11.8335,0.006,rered,gaia2,6065.0,131.212,4.02244,0.0788705,,,1.71535,0.080804,1.13,0.14713,0.223883,0.0483301,DWARF,3.58692765,0.1670445,469.91,4.711,0.282071,0.0105984751,112,0.0470832624,,,0.000919363636,0.0117967,0.00940025,schlegel,0.152542,0.141717,0.0723884,0.0892196,0.0382583,0.0584019,0.104175,0.0535661,0.158819,0.17527,4.665,4.757,bj2018,129.552,132.873,dered,12.8777,0.001426,11.7762,0.000916,1,,ucac4,apassdr9,,0.661198512518471,0.877535345958441,102.394395699708,-78.9256040835143,0.0183197846245799,0.0227230252649279,1,0,572823019,5.211510052791936e+18,1.1720147
280911272,20190415,,9388-00754-1,051-004590,06473607-7950135,,J064736.03-795013.1,5.210850418830887e+18,34639652,,STAR,tmgaia2,101.900298607711,-79.8370750441199,tmgaia2,-10.6679,0.0536864,27.6313,0.07511,gaia2,3.3564,0.0345289,gaia2,291.528321895612,-26.8372805437015,261.129150061623,-76.3523855882261,10.385,0.061,10.071,0.004,,,,,,,,,,,9.473,0.024,9.38,0.022,9.32,0.023,AAA-222-111-000-0-0,,9.255,0.023,9.273,0.02,9.234,0.028,8.594,0.249,10.0537,0.000401,9.8571,0.0061,rered,gaia2,8304.0,141.887,4.36655,0.0690555,,,1.55466,0.0480728,2.05,0.2888,0.545571,0.0958963,DWARF,10.354104,0.5914835,295.433,3.037,0.177642,0.0097617,117,0.0103835929,,,0.00346986647,0.012306,0.0072174,schlegel,0.217984,0.359616,0.0490246,0.0471211,0.0840986,0.107694,0.0838675,0.0542434,0.432209,0.750758,3.006,3.068,bj2018,164.93,118.845,dered,10.2159,0.000846,9.80239,0.001382,1,,tycho2v3,tycho2b3,,1.08539601914453,1.16491390186909,101.900038297161,-79.8369560761244,0.0298136492740745,0.040633935852395,1,0,571930912,5.210850418830887e+18,0.88775843
141941394,20190415,,9379-01391-1,075-005890,06200949-7508462,,J062009.47-750846.0,5.261759078507889e+18,34632301,,STAR,tmgaia2,95.0394392341914,-75.1462230464478,tmgaia2,3.32858,0.0331189,28.9893,0.050209,gaia2,2.50674,0.0226191,gaia2,286.191213128343,-28.1504884551423,261.473200814202,-81.2645107162156,12.375,0.329,11.896,0.023,,,,,,,,,,,10.529,0.021,10.273,0.023,10.213,0.023,AAA-222-111-000-0-0,,10.147,0.022,10.194,0.02,10.134,0.042,8.842,,11.5832,0.000203,11.1504,0.006,rered,gaia2,6114.0,129.333,4.08468,0.0799193,,,1.61081,0.072294,1.15,0.155929,0.275146,0.0591685,DWARF,3.26652527,0.1369355,394.405,3.5455,0.0826114,0.00981779,143,0.0181490872,,,0.00196374138,0.0110996,0.00853598,schlegel,0.162515,0.149342,0.0774849,0.067103,0.0534631,0.0648739,0.0867217,0.0731169,0.149394,0.124477,3.514,3.577,bj2018,129.241,129.424,dered,11.9227,0.00117,11.0972,0.000862,1,,tycho2v3,tycho2b3,,0.64799586609715,0.778606347453375,95.0394951390614,-75.1460982314119,0.0199456219952428,0.0238982203194213,1,0,562191636,5.261759078507889e+18,0.79104614
238809918,20190415,,,136-179119,21472160-6253294,,J214721.64-625329.6,6.402925463783823e+18,31752574,,STAR,tmgaia2,326.84003296029,-62.8915212369935,tmgaia2,29.527,0.0176083,-15.5631,0.0232097,gaia2,1.13384,0.0179095,gaia2,329.774142336985,-43.433272182645,303.208421616919,-45.8524471116864,14.155,0.034,13.464,0.08,,,,,,,,,,,12.277,0.026,11.829,0.022,11.801,0.025,AAA-222-111-000-0-0,,11.787,0.023,11.83,0.022,11.798,0.267,9.091,,13.3195,0.000171,12.8575,0.006,rered,spect,5668.73,131.085,3.96736,0.0834552,0.0627423,0.0846435,1.72789,0.0938492,1.01,0.132521,0.195783,0.0448972,DWARF,2.777592,0.1218285,860.158,13.353,0.0249191,0.009957835,89,0.022030266,,,0.000184593373,0.0105404,0.00937527,schlegel,0.113577,0.151465,0.106746,0.0809523,0.0422918,0.0475026,0.0775346,0.0893759,0.117321,0.126336,13.149,13.557,bj2018,95.9729,166.197,spect,13.6831,0.001073,12.7999,0.000676,1,,ucac4,apassdr9,,0.320052775181165,0.36002960901694,326.840311952297,-62.8915882450612,0.00945939170108694,0.0141776247576283,1,0,1716891856,6.402925463783823e+18,0.99456024
150274340,20190415,,,144-007183,06195313-6114440,,J061953.13-611443.8,5.481533963793276e+18,29868004,,STAR,tmgaia2,94.9714367787091,-61.2455369817552,tmgaia2,-4.30733,0.0418329,6.37268,0.0400663,gaia2,0.710688,0.02113,gaia2,270.507294336409,-27.2911593443494,114.619218425916,-84.2567510847967,13.086,0.03,12.851,0.092,,,,,,,,,,,12.002,0.023,11.828,0.025,11.805,0.026,AAA-222-111-000-0-0,,11.772,0.023,11.773,0.021,11.716,0.143,9.451,,12.6904,0.0002,12.4283,0.006,rered,spect,6688.28,133.061,3.74473,0.0981238,-0.514123,0.1,2.64736,0.147176,1.42,0.244533,0.0765333,0.0198197,DWARF,12.6350794,0.9547115,1351.44,38.865,0.0490298,0.01020623,112,0.0558421463,,,0.000414355833,0.0105553,0.00985716,schlegel,0.203788,0.285278,0.141905,0.152447,0.0161216,0.0235179,0.0802746,0.115973,1.20744,0.701983,37.77,39.96,bj2018,149.783,116.338,spect,12.8757,0.002056,12.3714,0.000734,1,,ucac4,apassdr9,,0.753746887600798,0.621383023895944,94.9713982272558,-61.2455095438327,0.0195954046095962,0.0210123849561405,1,0,561573235,5.481533963793276e+18,1.1130704
394482580,20190415,,,180-225773,21043931-5401456,,J210439.30-540145.6,6.464188872996882e+18,26912360,,STAR,tmgaia2,316.163838253253,-54.0293379279825,tmgaia2,-4.07961,0.0759637,-3.68957,0.067844,gaia2,3.05844,0.0481067,gaia2,343.508579162823,-41.0010213066521,301.36095792966,-35.5007883009962,13.494,0.027,12.718,0.069,,,,,,,,,,,11.356,0.023,10.984,0.028,10.893,0.025,AAA-222-111-000-0-0,,10.841,0.022,10.89,0.02,10.951,0.114,8.491,,12.5744,0.000152,12.0801,0.006,rered,gaia2,5491.0,131.234,4.43144,0.0854086,,,0.987303,0.052809,0.96,0.12506,0.997516,0.237815,DWARF,0.7983648,0.03625345,324.025,5.0905,0.0264746,0.0106932651,95,0.0187135655,,,0.000565602561,0.00994713,0.0114394,schlegel,0.115405,0.134716,0.0476819,0.0579362,0.217667,0.257964,0.0892437,0.0815734,0.0301991,0.0423078,5.012,5.169,bj2018,139.978,122.489,dered,12.9684,0.001062,12.0191,0.001496,1,,ucac4,apassdr9,,1.32214179136903,1.05213483719406,316.163808348832,-54.029353813635,0.0363707613290156,0.0341029751397327,1,0,1711463249,6.464188872996882e+18,0.9460575
161404199,20190415,,8824-00046-1,182-217657,23024523-5337181,,J230245.15-533718.6,6.500332848155978e+18,25493155,,STAR,tmgaia2,345.68847870979,-53.621718157654,tmgaia2,-56.9996,0.0398914,-30.1958,0.041731,gaia2,2.99665,0.0289202,gaia2,332.574877780583,-56.7968468350115,321.644953298701,-42.8719647998112,12.657,0.275,11.907,0.019,,,,,,,,,,,10.561,0.03,10.239,0.026,10.162,0.027,AAA-222-111-000-0-0,,10.065,0.022,10.095,0.019,10.005,0.06,8.814,0.445,11.6002,0.00033,11.1787,0.006,rered,spect,5328.9,104.788,3.96653,0.0750422,-0.77,0.11,1.65068,0.0820101,0.92,0.111079,0.204552,0.0435902,DWARF,1.97955871,0.0771375,330.552,3.184,0.00714044,0.009750925,49,0.0268032774,,,0.000522733841,0.00678665,0.0127152,schlegel,0.0875214,0.134636,0.0772126,0.0868075,0.0394643,0.0477161,0.0816862,0.0683982,0.0844143,0.0698607,3.154,3.214,bj2018,120.588,88.9889,spect,11.9249,0.00084,11.1227,0.001209,1,,tycho2v3,tycho2b3,,0.692991662902019,0.647163285659598,345.68806493596,-53.621848168063,0.0166357086157037,0.0207514475513508,1,0,1722825277,6.500332848155978e+18,1.0788491
167085400,20190415,,8906-01451-1,118-011630,06230251-6631243,,J062302.50-663124.4,5.283656264893135e+18,31812382,,STAR,tmgaia2,95.7605274955173,-66.5234074854158,tmgaia2,-8.71811,0.0377418,-19.1614,0.0349868,gaia2,1.99204,0.017881,gaia2,276.460116452469,-27.5197966806234,181.711182440672,-87.707377941758,12.913,0.447,12.27,0.031,,,,,,,,,,,10.922,0.023,10.617,0.024,10.531,0.021,AAA-222-111-000-0-0,,10.527,0.023,10.569,0.02,10.492,0.045,9.388,,11.9149,0.000236,11.5006,0.006,rered,spect,5760.59,115.508,3.90155,0.0754016,-0.0538142,0.1,1.88226,0.0901506,1.03,0.129899,0.154455,0.0316164,DWARF,3.51495337,0.1414062,494.838,4.4115,0.0464646,0.009901435,379,0.04662681,,,0.00115319586,0.00634767,0.0134552,schlegel,0.129873,0.129924,0.0721201,0.108181,0.0338825,0.0293503,0.0802784,0.0705249,0.183877,0.0989354,4.373,4.45,bj2018,106.586,124.431,spect,12.2361,0.000417,11.4477,0.000338,1,,tycho2v3,tycho2b3,,0.699861356387921,0.542586587450346,95.7604332718198,-66.523489985917,0.0186481243832057,0.01777368897702,1,0,562852725,5.283656264893135e+18,1.0246887
201295267,20190415,,8467-00402-1,165-000198,00132267-5711369,,J001322.69-571137.1,4.919309619325695e+18,27130324,,STAR,tmgaia2,3.34443797671422,-57.1936118471186,tmgaia2,27.1442,0.0431306,-14.7844,0.0406919,gaia2,3.50403,0.0286538,gaia2,313.000924557985,-59.1844076984127,330.554616110826,-51.6026637551824,12.856,0.331,12.099,0.023,,,,,,,,,,,11.216,0.021,10.887,0.025,10.805,0.023,AAA-222-111-000-0-0,,10.765,0.022,10.804,0.02,10.828,0.105,8.717,,12.3596,0.000159,11.8849,0.006,rered,gaia2,5539.0,131.835,4.50333,0.0791752,,,0.913601,0.0479623,0.97,0.123544,1.27204,0.285123,DWARF,0.707836866,0.02556415,283.07,2.3135,0.00917783,0.0101736551,34,0.000806531,,,0.0008819359,0.0117603,0.00858701,schlegel,0.113767,0.13332,0.0425945,0.0533301,0.250154,0.320092,0.0659896,0.0923607,0.0196758,0.0314525,2.294,2.333,bj2018,152.673,110.998,dered,12.7424,0.001282,11.8326,0.000957,1,,tycho2v3,tycho2b3,,0.761790541323423,0.631060320264868,3.34465368444173,-57.1936755023596,0.0241052501131108,0.0205863057636653,1,0,508157433,4.919309619325695e+18,1.2692032
350824216,20190415,,8528-00087-1,165-006969,05590068-5710301,,J055900.67-571029.8,4.767064023799431e+18,27275080,,STAR,tmgaia2,89.7528487144765,-57.175031906773,tmgaia2,-1.82559,0.043013,30.3165,0.0467158,gaia2,2.41151,0.0212458,gaia2,265.583868543129,-29.5101057630671,89.1785446698237,-80.6136085457845,12.015,0.249,11.5,0.017,,,,,,,,,,,10.376,0.024,10.135,0.024,10.129,0.023,AAA-222-111-000-0-0,,10.063,0.023,10.081,0.02,10.047,0.045,8.833,,11.1767,0.00035,10.8391,0.006,rered,spect,6093.0,132.701,3.90582,0.0850765,-0.07,0.12,1.97051,0.101321,1.14,0.156107,0.148994,0.0347725,DWARF,4.821435,0.215869,409.788,3.595,0.0580311,0.0097646,92,0.0310081262,,,0.00178139959,0.0085891,0.0109401,schlegel,0.138786,0.173427,0.0798678,0.122775,0.0280261,0.041519,0.0744728,0.0956802,0.229395,0.202343,3.564,3.626,bj2018,126.911,138.491,spect,11.4304,0.001208,10.7875,0.000743,1,,tycho2v3,tycho2b3,,0.759563299243858,0.72454250008734,89.752834214293,-57.1749013774003,0.0212779186960436,0.0254639004632653,1,0,556076402,4.767064023799431e+18,0.8556483
176936200,20190415,,9177-01815-1,106-017258,06420816-6848296,,J064208.14-684829.5,5.279236533088806e+18,32019020,,STAR,tmgaia2,100.533959072941,-68.8082467629633,tmgaia2,1.51699,0.0533486,9.08429,0.0522415,gaia2,0.884118,0.0261824,gaia2,279.239486000149,-25.9892657328001,214.136794661563,-85.4203834040877,12.821,0.522,12.498,0.069,,,,,,,,,,,11.562,0.023,11.389,0.022,11.363,0.019,AAA-222-111-000-0-0,,11.31,0.023,11.33,0.02,11.351,0.08,9.419,,12.3604,0.000198,12.0412,0.006,rered,gaia2,6700.0,132.533,3.80126,0.0944485,,,2.48054,0.124155,1.42,0.253468,0.0930357,0.0234847,DWARF,11.1708565,0.8138375,1095.27,31.645,0.0463273,0.01011931,185,0.0661962,,,0.000556198065,0.00825022,0.0119884,schlegel,0.171693,0.335242,0.124168,0.124143,0.0230763,0.0238931,0.088537,0.10036,0.602835,1.02484,30.75,32.54,bj2018,136.602,128.463,dered,12.5932,0.00151,11.9853,0.001015,1,,ucac4,tycho2b3,,1.00253955967526,0.810155010182848,100.533977141153,-68.8082076500486,0.0253756787166124,0.0258265290700708,1,0,570035445,5.279236533088806e+18,1.2020613
201294115,20190415,,,171-000222,00124723-5551405,,J001247.24-555140.6,4.922634508128351e+18,27130088,,STAR,tmgaia2,3.19681753715126,-55.8612770369617,tmgaia2,11.5766,0.0293843,-4.60585,0.0300169,gaia2,2.24705,0.0218908,gaia2,313.937115455004,-60.433480816466,331.794005425903,-50.5186477783302,13.798,0.034,13.121,0.114,,,,,,,,,,,11.87,0.023,11.546,0.024,11.488,0.023,AAA-222-111-000-0-0,,11.47,0.023,11.5,0.02,11.62,0.184,9.333,,12.9562,0.000283,12.4968,0.006,rered,gaia2,5640.0,125.052,4.40648,0.0791337,,,1.03703,0.052201,1.0,0.128578,0.896655,0.195612,DWARF,0.9803793,0.03774765,439.405,4.2585,0.0111619,0.010395,36,0.006769877,,,0.0005147384,0.0100883,0.0107017,schlegel,0.118964,0.138192,0.045298,0.059104,0.184978,0.206246,0.0805669,0.0777005,0.0491684,0.0263269,4.218,4.299,bj2018,168.057,82.0463,dered,13.3223,0.000924,12.4438,0.000863,1,,ucac4,apassdr9,,0.515731430086992,0.46548731249259,3.19690635366482,-55.8612968677368,0.0152750379077692,0.0144829545939962,1,0,508156281,4.922634508128351e+18,0.94525254
238809589,20190415,,,130-179070,21474282-6403057,,J214742.82-640305.8,6.402531318927732e+18,31752724,,STAR,tmgaia2,326.928493628726,-64.0516094979483,tmgaia2,-6.62141,0.0325124,-1.8413,0.0428559,gaia2,2.84539,0.028948,gaia2,328.352265497488,-42.9116322865759,302.446641477926,-46.8873938603537,12.786,0.023,12.285,0.069,,,,,,,,,,,11.148,0.026,10.881,0.025,10.842,0.024,AAA-222-111-000-0-0,,10.786,0.023,10.832,0.021,10.686,0.109,8.818,,12.1283,0.000177,11.73,0.006,rered,spect,5942.46,106.627,4.39352,0.0697511,-0.303593,0.0572845,1.09898,0.0468895,1.09,0.133806,0.821219,0.158042,DWARF,1.35686982,0.05929345,347.956,3.532,0.0301558,0.01013276,91,0.01823257,,,0.0006939108,0.0106021,0.00966342,schlegel,0.112447,0.155165,0.0438593,0.0499196,0.179805,0.136279,0.0831474,0.0563548,0.0656383,0.0529486,3.497,3.567,bj2018,109.782,103.471,spect,12.4298,0.000859,11.6729,0.00053,1,,ucac4,apassdr9,,0.594626214078743,0.66467904775074,326.928428474783,-64.0516174257824,0.0162129761629616,0.0234162320458997,1,0,1716891572,6.402531318927732e+18,0.97987926
389446330,20190415,,,257-188188,20485240-3839071,,J204852.43-383907.7,6.774915158271325e+18,19572725,,STAR,tmgaia2,312.218342677053,-38.6520023487063,tmgaia2,25.546,0.0626828,-50.7563,0.0431734,gaia2,3.04026,0.0447027,gaia2,3.6753049673037,-38.7236743297189,303.962918756432,-20.0590352682348,13.262,0.029,12.695,0.069,,,,,,,,,,,11.475,0.026,11.122,0.026,11.075,0.021,AAA-222-111-000-0-0,,11.008,0.022,11.057,0.02,10.809,0.114,8.691,0.449,12.5279,0.000133,12.0886,0.006,rered,gaia2,5870.0,128.88,4.56939,0.0773022,,,0.885103,0.041387,1.06,0.134699,1.52871,0.332195,DWARF,0.8379826,0.039195,325.93,4.786,0.0354286,0.0105637,137,0.0576290153,,,0.0005657279,0.0101854,0.010942,schlegel,0.122878,0.14652,0.0471176,0.0356563,0.356838,0.307553,0.0901492,0.0644551,0.0412179,0.0371721,4.717,4.855,bj2018,143.562,114.198,dered,12.8687,0.00087,12.031,0.000663,1,,ucac4,apassdr9,,1.03003665382028,0.669558552681508,312.218483517276,-38.652220882862,0.0299480768499566,0.0222817781531399,1,0,1708599035,6.774915158271325e+18,0.9442407
150275559,20190415,,,133-008208,06194515-6335403,,J061945.16-633540.3,5.476935256411543e+18,29867925,,STAR,tmgaia2,94.9381338745001,-63.5945556281729,tmgaia2,5.61342,0.0387107,1.08615,0.050137,gaia2,1.34793,0.0195339,gaia2,273.134260009658,-27.5780699019324,127.311070547837,-86.379005439463,12.817,0.03,12.358,0.08,,,,,,,,,,,11.402,0.025,11.197,0.027,11.137,0.023,AAA-222-111-000-0-0,,11.098,0.023,11.122,0.02,10.881,0.054,9.147,,12.2387,0.000184,11.8941,0.006,rered,spect,6174.26,131.402,3.89085,0.0822838,-0.103864,0.1,2.03963,0.10108,1.18,0.162045,0.139069,0.0319338,DWARF,5.44672346,0.2845285,726.354,10.3845,0.0409179,0.01021325,184,0.02228726,,,0.0008159501,0.0100141,0.0104124,schlegel,0.156224,0.167866,0.0749206,0.12724,0.0319011,0.0319665,0.093605,0.0709627,0.284531,0.284526,10.238,10.531,bj2018,123.272,139.531,spect,12.4949,0.00113,11.84,0.000958,1,,ucac4,apassdr9,,0.706182514473075,0.77753081097812,94.9381882207767,-63.594550951704,0.0173503904754134,0.0251640173272035,1,0,561574253,5.476935256411543e+18,0.98198384
389447270,20190415,102734,7469-01330-1,267-186925,20490185-3646512,,J204901.89-364651.7,6.778354190124515e+18,,,STAR,tmgaia2,312.257721221083,-36.7808625587718,tmgaia2,33.0273,0.087217,-61.9062,0.0573981,gaia2,6.25798,0.064703,gaia2,6.05802971212777,-38.5303990166083,304.555377889759,-18.2732594833766,8.499,0.026,8.15,0.03,,,,,,,,,,,7.409,0.023,7.198,0.034,7.227,0.02,AAA-111-111-000-0-0,,7.13,0.046,7.165,0.02,7.177,0.018,7.064,0.09,8.04514,0.00033,7.7728,0.006,rered,spect,6862.3,120.328,3.84169,0.0903675,,,2.42538,0.105666,1.49,0.257724,0.104435,0.0248486,DWARF,11.7525978,0.623987,159.09,1.65,0.019581,0.0103947148,110,0.00719157653,,,0.00149773853,0.00959873,0.0111907,schlegel,0.182433,0.333014,0.139778,0.0715533,0.0181137,0.0315834,0.0544591,0.126276,0.561571,0.686403,1.633,1.667,bj2018,140.144,100.513,spect,8.25642,0.000841,7.73717,0.000715,1,,hipvmag,tycho2b3,,1.4253009482832,0.890126302887002,312.257898765468,-36.7811290994852,0.0439934495231279,0.0284806522744818,1,0,1708806108,6.778354190124515e+18,1.006381
340007359,20190415,,,153-011062,07305695-5929268,,J073056.88-592925.9,5.293518609314786e+18,27371686,,STAR,tmgaia2,112.737297764365,-59.4907474466806,tmgaia2,-44.6819,0.0469309,69.0635,0.0372346,gaia2,19.7717,0.0203108,gaia2,271.126097714713,-18.3814424218388,156.11694078536,-77.6081850575868,13.681,0.009,12.131,0.057,,,,,,,,,,,9.508,0.024,8.873,0.036,8.64,0.019,AAA-212-111-000-0-0,,8.556,0.022,8.563,0.02,8.495,0.02,8.543,0.16,11.6133,0.000478,10.6797,0.00734975,cdwrf,cdwrf,3920.0,157.0,4.66049,0.010458,,,0.589051,0.0173679,0.579062,0.0202044,2.83313,0.151959,DWARF,0.0738150254,0.0162494443,50.5034,0.0522,0.0,0.0,162,0.0599661767,,,0.0106934858,0.0,0.0,,,,,,,,,,,,,,bj2018,,,cdwrf,12.5302,0.00189,10.6868,0.001466,1,,ucac4,apassdr9,cooldwarfs_v8,0.838046672147183,0.577457632772025,112.736918822212,-59.4904500904902,0.0194909526859911,0.0192615905101485,1,0,598944830,5.293518609314786e+18,0.9346371
238171259,20190415,,,109-125544,23481678-6812431,,J234816.78-681243.3,6.388487123763398e+18,31996941,,STAR,tmgaia2,357.069932267136,-68.2120026405615,tmgaia2,-2.09988,0.0338047,-13.183,0.041,gaia2,1.51852,0.0222656,gaia2,311.586437751281,-47.8410193446233,313.783788333701,-57.6070033920107,13.368,0.047,12.891,0.069,,,,,,,,,,,11.652,0.022,11.341,0.021,11.273,0.021,AAA-222-111-000-0-0,,11.271,0.023,11.299,0.021,11.237,0.109,9.033,,12.6536,0.000201,12.246,0.006,rered,gaia2,6015.0,129.154,4.10577,0.0788986,,,1.54458,0.0765302,1.11,0.143084,0.301223,0.0641991,DWARF,2.81358552,0.130452,646.318,9.3725,0.0211467,0.009882485,60,0.0603859127,,,0.000354810967,0.00992217,0.0098428,schlegel,0.0953805,0.190788,0.0733342,0.0797261,0.0541534,0.0742449,0.0690531,0.0887441,0.119778,0.141126,9.239,9.506,bj2018,119.598,138.71,dered,12.9646,0.001277,12.1897,0.00086,1,,ucac4,apassdr9,,0.63308456789079,0.635815742601558,357.069907908839,-68.2120594007021,0.0184229579151141,0.0200351825539768,1,0,1725727190,6.388487123763398e+18,1.0223187
53811074,20190415,,6959-01457-1,304-269422,21483608-2923282,,J214836.07-292328.3,6.617424853622725e+18,14724379,,STAR,tmgaia2,327.150334898836,-29.3911724510863,tmgaia2,0.438822,0.066135,-17.3926,0.0611222,gaia2,3.89633,0.0471347,gaia2,18.5994844310128,-49.9311593723531,319.333972601307,-15.205110469219,13.04,0.309,11.641,0.046,,,,,,,,,,,10.82,0.025,10.502,0.02,10.445,0.024,AAA-222-111-000-0-0,,10.36,0.023,10.43,0.02,10.317,0.082,8.304,,11.8915,0.000232,11.4335,0.0061,rered,spect,5606.3,112.083,4.4367,0.0775329,0.0516866,0.0448429,0.997563,0.0483016,0.992,0.126751,0.999287,0.206689,DWARF,0.8856884,0.0323068,254.817,3.084,0.0130737,0.00445587,57,0.00169442233,,,0.0006969006,0.00339139,0.00552035,panstarrs,0.105913,0.14759,0.0482724,0.0483307,0.155854,0.257524,0.0727114,0.0823545,0.0303167,0.0342969,3.047,3.121,bj2018,107.749,116.417,spect,12.2572,0.00186,11.3817,0.001165,1,,tycho2v3,tycho2b3,,1.06035096057558,0.948106366139829,327.150337067315,-29.3912473358923,0.0353871102481985,0.036743717831235,1,0,1716972079,6.617424853622725e+18,0.8839306
238809812,20190415,,,,21472560-6312507,,J214725.67-631250.2,6.402777064073512e+18,,,STAR,tmgaia2,326.856609373296,-63.2140970174205,tmgaia2,53.2962,0.0749119,44.4348,0.105958,gaia2,10.395,0.0684205,gaia2,329.378494586142,-43.2871022743068,302.995318915272,-46.1391429377839,18.821,0.17,17.54,0.2,,,,,,,,,,,13.3,0.03,12.72,0.03,12.453,0.029,AAA-222-111-000-0-0,,12.326,0.023,12.148,0.023,11.913,0.273,8.941,,16.2246,0.000635,14.9211,0.00740895,cdwrf,cdwrf,3281.0,157.0,4.98332,0.0121809,,,0.252231,0.00795668,0.223279,0.0202977,13.914,0.0486814,DWARF,0.00664227037,0.00170036638,95.94,0.63455,0.0,0.0,79,0.06495127,,,0.0006006213,0.0,0.0,,,,,,,,,,,,0.6304,0.6387,bj2018,,,cdwrf,17.7965,0.006213,15.0001,0.00172,1,,cdwrf,bpbj,cooldwarfs_v8,1.36384741041273,1.643168695307,326.857118561624,-63.2139057018302,0.0359771989080459,0.0518953122730905,1,0,1716891762,6.402777064073512e+18,1.0534093
139196568,20190415,,8011-00978-1,235-188281,23013650-4301203,,J230136.50-430120.2,6.542618239997729e+18,22081470,,STAR,tmgaia2,345.402051178961,-43.022309829456,tmgaia2,7.77085,0.073901,8.05979,0.0821615,gaia2,1.51825,0.0688864,gaia2,350.200031831431,-62.6822754040667,328.095367758225,-33.551643709568,12.906,0.501,12.482,0.092,,,,,,,,,,,11.505,0.023,11.257,0.025,11.184,0.023,AAA-222-111-000-0-0,,11.123,0.023,11.14,0.02,10.825,0.091,8.475,0.309,12.3482,0.002141,12.0118,0.0064,rered,gaia2,6431.0,135.361,4.18228,0.0990364,,,1.53062,0.0958669,1.3,0.206822,0.36253,0.0992759,DWARF,3.610289,0.3757945,647.482,29.147,0.0102634,0.00966278,41,0.024942141,,,0.0002985443,0.00950877,0.00981679,schlegel,0.194702,0.218943,0.109168,0.0825658,0.0661529,0.132399,0.117008,0.0810649,0.417559,0.33403,27.862,30.432,bj2018,141.867,128.855,dered,12.5918,0.006665,11.9546,0.006722,1,,ucac4,tycho2b3,,1.23177346241528,1.27424519525466,345.402096943387,-43.0222751275912,0.0367571878316904,0.0434774639211403,1,0,1722800594,6.542618239997729e+18,1.1008649
234338001,20190415,,,119-002097,02292564-6615176,,J022925.61-661517.9,4.696369652380644e+18,31803938,,STAR,tmgaia2,37.3568105038836,-66.2549088752189,tmgaia2,-3.71516,0.0282579,-33.1994,0.029428,gaia2,3.55201,0.0167296,gaia2,288.473815142414,-48.0297917298024,336.384919852763,-69.5540891823039,14.287,0.024,13.512,0.092,,,,,,,,,,,11.974,0.026,11.56,0.03,11.467,0.026,AAA-222-111-000-0-0,,11.366,0.022,11.406,0.02,11.274,0.114,9.386,,13.2806,0.00025,12.7469,0.006,rered,gaia2,5255.0,124.318,4.72945,0.081156,,,0.678316,0.0376532,0.9,0.107365,2.88367,0.659179,DWARF,0.316118419,0.0103103546,279.259,1.3145,0.0232311,0.0104465,54,0.0496045426,,,0.0012918954,0.010432,0.010461,schlegel,0.0865185,0.128212,0.0370407,0.0382658,0.446196,0.872162,0.0870408,0.0752712,0.00901781,0.0116029,1.308,1.321,bj2018,124.644,123.993,dered,13.7221,0.0012,12.6898,0.000824,1,,ucac4,apassdr9,,0.523214493627204,0.456380266108217,37.3567707793034,-66.2550518170863,0.0146501058429965,0.0149907083557417,1,0,518778795,4.696369652380644e+18,1.0249275
394482377,20190415,,,179-219116,21034065-5417245,,J210340.71-541724.4,6.464178706810699e+18,26912077,,STAR,tmgaia2,315.919511252698,-54.2901590057299,tmgaia2,27.9423,0.055009,6.88004,0.0520398,gaia2,2.68707,0.0369122,gaia2,343.200470277515,-40.8158939051204,301.08333375974,-35.6945247644422,12.956,0.029,12.367,0.057,,,,,,,,,,,11.264,0.026,11.018,0.026,10.945,0.021,AAA-222-111-000-0-0,,10.897,0.023,10.932,0.021,10.926,0.111,8.976,,12.2355,0.000169,11.8333,0.006,rered,gaia2,6097.0,126.07,4.45523,0.0815131,,,1.0514,0.0493644,1.15,0.152832,0.989451,0.21547,DWARF,1.37624323,0.0662529,368.29,5.046,0.0320913,0.0105959,83,0.0292126983,,,0.000600078667,0.0104302,0.0107616,schlegel,0.147702,0.157963,0.0652578,0.0334709,0.143606,0.287334,0.0572442,0.105782,0.0606326,0.0718732,4.978,5.114,bj2018,99.5727,152.568,dered,12.5395,0.001152,11.775,0.000887,1,,ucac4,apassdr9,,0.958611157515779,0.807076163825064,315.919717370751,-54.2901293835109,0.0287854232157065,0.027223351170838,1,0,1711301313,6.464178706810699e+18,0.8847701
260371228,20190415,,,177-007736,06220327-5446035,,J062203.27-544603.5,5.499575059818725e+18,25183217,,STAR,tmgaia2,95.5137067769828,-54.7676306548118,tmgaia2,-3.04213,0.0526715,5.46804,0.0524104,gaia2,6.78965,0.0221833,gaia2,263.401172875588,-25.9828257524034,105.349819431809,-77.9128760954025,14.141,0.037,12.933,0.114,,,,,,,,,,,10.954,0.023,10.407,0.025,10.313,0.026,AAA-222-111-000-0-0,,10.221,0.023,10.272,0.021,10.2,0.052,9.228,,12.6313,0.000504,11.9339,0.006,rered,gaia2,4568.0,123.513,4.588,0.0959764,,,0.714001,0.0534673,0.72,0.0866778,1.97804,0.566647,DWARF,0.199984789,0.00934513,146.659,0.4805,0.0478856,0.00999532,82,0.0326265953,,,0.00375645375,0.0104692,0.00952144,schlegel,0.0777287,0.0956268,0.0553608,0.0515739,0.464432,0.668861,0.0809748,0.110978,0.00847556,0.0102147,0.479,0.482,bj2018,143.606,103.421,dered,13.2743,0.00213,11.8805,0.001699,1,,ucac4,apassdr9,,0.91974477481116,0.812838537158682,95.5136840725297,-54.7676071118637,0.0238622072962266,0.0278526161217572,1,0,562922242,5.499575059818725e+18,1.2217406
293527080,20190415,,,078-052087,23293347-7425169,,J232933.51-742517.1,6.378182019751733e+18,34536541,,STAR,tmgaia2,352.389514889563,-74.4214226200487,tmgaia2,10.2324,0.0404632,-1.81179,0.0358223,gaia2,1.3722,0.0231937,gaia2,310.140412228922,-41.5409241101995,302.627480249759,-60.4155261100633,13.44,0.017,12.96,0.092,,,,,,,,,,,11.967,0.024,11.759,0.027,11.709,0.026,AAA-222-111-000-0-0,,11.659,0.023,11.696,0.021,11.648,0.203,8.831,,12.8445,0.000255,12.4859,0.006,rered,gaia2,6357.0,134.41,4.24443,0.0857113,,,1.40283,0.066799,1.26,0.194648,0.456406,0.1063,DWARF,2.89545321,0.1625495,713.857,11.911,0.0267409,0.01035053,99,0.00976972748,,,0.000385827123,0.012257,0.00844406,schlegel,0.140386,0.248909,0.0635874,0.0700106,0.0899126,0.122688,0.0829066,0.088516,0.121241,0.203858,11.716,12.106,bj2018,132.404,136.415,dered,13.1096,0.001487,12.4291,0.000773,1,,ucac4,apassdr9,,0.787764350931561,0.555539734512822,352.389678935659,-74.421430420872,0.0203404071674922,0.0180738700519425,1,0,1724586399,6.378182019751733e+18,1.0169065
183802762,20190415,,,086-005561,01225600-7254598,,J012256.02-725459.8,4.686519780544818e+18,33510573,,STAR,tmgaia2,20.7333678695442,-72.9166196849887,tmgaia2,6.91546,0.0267008,0.362872,0.0244598,gaia2,4.86458,0.0152897,gaia2,299.724025480592,-44.0149252950889,313.968786172468,-66.6888252305576,14.865,0.035,13.558,0.08,,,,,,,,,,,11.681,0.026,11.088,0.022,10.986,0.025,AAA-222-111-000-0-0,,10.924,0.023,11.0,0.02,10.913,0.084,8.834,,13.3412,0.000246,12.6465,0.006,rered,gaia2,4535.0,123.696,4.57875,0.0979652,,,0.716616,0.0545527,0.71,0.0827096,1.92929,0.567082,DWARF,0.1956939,0.009899715,204.353,0.643,0.0302346,0.01053333,517,0.0420356169,,,0.00113207113,0.00979706,0.0112696,schlegel,0.0693834,0.0960358,0.0647377,0.0443678,0.443039,0.691124,0.0979159,0.0980145,0.00854143,0.011258,0.641,0.645,bj2018,98.2036,149.188,dered,13.9819,0.001738,12.59,0.001086,1,,ucac4,apassdr9,,0.514764736981437,0.379308507577252,20.7334692263883,-72.9166181226483,0.0141952941129015,0.0117361670434609,1,0,515214433,4.686519780544818e+18,0.98761845
280910958,20190415,,,055-004685,06485824-7909484,,J064858.21-790948.3,5.211315954629228e+18,34639999,,STAR,tmgaia2,102.242624573948,-79.1634996757284,tmgaia2,-8.02666,0.0377576,30.9634,0.0517509,gaia2,2.75934,0.0220759,gaia2,290.781782622631,-26.7214845763725,259.824280634372,-76.9581361632253,13.32,0.021,12.645,0.057,,,,,,,,,,,11.192,0.022,10.864,0.023,10.762,0.021,AAA-222-111-000-0-0,,10.7,0.023,10.727,0.021,10.807,0.066,9.578,,12.3978,0.000208,11.8961,0.006,rered,gaia2,6180.0,123.994,4.39343,0.0781045,,,1.14356,0.050201,1.18,0.161595,0.789056,0.167177,DWARF,1.71855974,0.0761232,358.669,2.8615,0.202295,0.01029135,129,0.012384804,,,0.00158658891,0.0114962,0.0090865,schlegel,0.138524,0.184667,0.0576457,0.0427563,0.182404,0.151951,0.0751023,0.0811066,0.0802696,0.0719768,2.84,2.883,bj2018,92.8629,155.126,dered,12.8034,0.000893,11.8408,0.000953,1,,ucac4,apassdr9,,0.759595578890599,0.802522824183674,102.242440755139,-79.1633663611429,0.0193697081193239,0.0248191101499852,1,0,572823112,5.211315954629228e+18,1.2629278
139196671,20190415,,,238-181686,23012703-4228244,,J230127.09-422824.3,6.542668233416318e+18,22081412,,STAR,tmgaia2,345.36264926602,-42.4734645960927,tmgaia2,65.0024,0.0441642,3.64226,0.0500812,gaia2,8.86154,0.0385816,gaia2,351.305869926888,-62.8976773903709,328.367056339184,-33.0511382705089,15.976,0.022,14.583,0.092,,,,,,,,,,,11.533,0.02,10.894,0.023,10.7,0.02,AAA-222-111-000-0-0,,10.606,0.022,10.572,0.021,10.432,0.08,8.626,,13.7926,0.000401,12.7972,0.00738727,cdwrf,cdwrf,3798.0,157.0,4.70863,0.00918878,,,0.53302,0.0158525,0.529726,0.0203005,3.49801,0.178258,DWARF,0.05326005,0.0120299049,112.483,0.492,0.00634853,,34,0.003391946,,,0.0009526968,,,schlegel,,,,,,,,,,,,,bj2018,,,cdwrf,14.7823,0.002906,12.8129,0.001663,1,,ucac4,apassdr9,cooldwarfs_v8,0.734880230396169,0.77678267577266,345.363028706349,-42.4734489147656,0.0260576184282963,0.0285291308415425,1,0,1722800697,6.542668233416318e+18,1.0595587
280910923,20190415,,,055-004673,06480557-7906109,,J064805.54-790611.1,5.21094483939171e+18,34639772,,STAR,tmgaia2,102.023368838548,-79.1030856838024,tmgaia2,-8.64785,0.0388897,0.888014,0.0560863,gaia2,2.60548,0.0211535,gaia2,290.710491811589,-26.7576084951354,259.895082999692,-77.0295821207132,13.321,0.02,12.75,0.069,,,,,,,,,,,11.333,0.024,11.004,0.025,10.914,0.023,AAA-222-111-000-0-0,,10.815,0.023,10.82,0.021,10.691,0.058,9.64,,12.508,0.000465,12.0384,0.006,rered,gaia2,6421.0,131.32,4.48676,0.0879909,,,1.07386,0.0490452,1.29,0.197737,1.04171,0.246548,DWARF,1.76604426,0.08839405,379.617,3.0715,0.209844,0.009843465,112,0.004533442,,,0.00161147176,0.00985329,0.00983364,schlegel,0.168597,0.226876,0.0521342,0.0459563,0.213712,0.279383,0.0866298,0.0893519,0.0707471,0.106041,3.048,3.095,bj2018,147.587,115.052,dered,12.8766,0.00165,11.975,0.001542,1,,ucac4,apassdr9,,0.782012804629169,0.869716853657632,102.023171878672,-79.1030818604716,0.0192230896622353,0.025679872052009,1,0,572823082,5.21094483939171e+18,1.1188754
161403363,20190415,,,196-197786,23020228-5057267,,J230202.26-505726.5,6.512977815990292e+18,26096380,,STAR,tmgaia2,345.509465412875,-50.9574192583578,tmgaia2,-1.20661,0.0254916,-0.78733,0.0357338,gaia2,1.3377,0.022651,gaia2,336.498629198626,-58.4395196785167,323.361884935251,-40.5335686747832,13.932,0.02,13.346,0.114,,,,,,,,,,,12.242,0.024,11.981,0.025,11.951,0.024,AAA-222-111-000-0-0,,11.895,0.024,11.937,0.023,11.946,0.35,8.116,,13.2015,0.000454,12.7955,0.006,rered,gaia2,5970.0,128.083,4.21326,0.0755838,,,1.35863,0.0633869,1.1,0.137586,0.438623,0.0910079,DWARF,2.11248,0.10337685,731.857,12.226,0.00821702,0.009684945,62,0.0265136082,,,0.000250178564,0.00742519,0.0119447,schlegel,0.121242,0.153929,0.0484266,0.0783472,0.0747669,0.107249,0.0647828,0.0863848,0.0807727,0.125981,12.026,12.426,bj2018,126.174,129.993,dered,13.5102,0.001603,12.7387,0.001383,1,,ucac4,apassdr9,,0.437914814362393,0.554167024065851,345.509457165304,-50.9574226482512,0.0141244414640087,0.0180220270999651,1,0,1722824441,6.512977815990292e+18,0.9755284
389448805,20190415,,,261-194277,20491819-3758372,,J204918.11-375838.7,6.777971834956516e+18,19573299,,STAR,tmgaia2,312.325821487329,-37.9769389192493,tmgaia2,-94.5133,0.0687612,-159.415,0.0542788,gaia2,30.6902,0.047034,gaia2,4.54729037683924,-38.7323674477707,304.252724199862,-19.4357988094156,14.78,0.035,13.25,0.027,,,,,,,,,,,9.664,0.027,9.062,0.025,8.808,0.023,AAA-222-111-000-0-0,,8.7,0.022,8.562,0.021,8.472,0.027,8.461,0.297,12.2336,0.000257,11.083,0.00732682,cdwrf,cdwrf,3508.0,157.0,4.81891,0.00402669,,,0.408455,0.0122581,0.400992,0.0203401,5.88441,0.231283,DWARF,0.02276258,0.00546945864,32.5531,0.05025,0.0,0.0,120,0.00507026073,,,0.00357428961,0.0,0.0,,,,,,,,,,,,,,bj2018,,,cdwrf,13.4976,0.001471,11.1308,0.001328,1,,cdwrf,apassdr9,cooldwarfs_v8,1.12770382120708,0.841773554307468,312.325305245166,-37.9776252905219,0.0358166122168482,0.0275865661775416,1,0,1708807386,6.777971834956516e+18,1.30621
167794270,20190415,,8916-01126-1,128-009922,06574656-6435340,,J065746.55-643533.9,5.285243684805205e+18,29894194,,STAR,tmgaia2,104.444025362385,-64.5927855323248,tmgaia2,-5.67451,0.059116,6.89743,0.0556184,gaia2,1.57165,0.0266442,gaia2,275.011345849638,-23.6608961893969,168.436067969847,-83.7286757006525,10.703,0.085,10.475,0.007,,,,,,,,,,,10.041,0.024,9.994,0.027,9.937,0.023,AAA-222-111-000-0-0,,9.914,0.023,9.935,0.02,9.877,0.035,9.364,0.468,10.4342,0.000299,10.2924,0.006,rered,spect,7474.62,110.607,3.76818,0.0826309,-0.309921,0.0508705,2.836,0.108917,1.72,0.28268,0.0754065,0.0158202,DWARF,22.6185322,1.234768,624.922,10.4865,0.0603794,0.0099922,157,0.05574466,,,0.00145285577,0.0084437,0.0115407,schlegel,0.224348,0.341012,0.156076,0.0617583,0.0148133,0.0168272,0.0815055,0.0837562,0.884576,1.58496,10.314,10.659,bj2018,71.2083,150.006,spect,10.5506,0.000783,10.2528,0.000652,1,,tycho2v3,tycho2b3,,1.08431670208228,0.862556547479492,104.443968418014,-64.5927558350676,0.0263223505892383,0.0285114983945392,1,0,576724538,5.285243684805205e+18,1.1067781
201292016,20190415,,,181-000210,00111256-5358197,,J001112.72-535818.2,4.923829952146401e+18,25162099,,STAR,tmgaia2,2.80236184042282,-53.9721274918571,tmgaia2,135.424,0.0383882,134.938,0.0393092,gaia2,19.5231,0.0285956,gaia2,315.634457196482,-62.1528288216159,333.312331853577,-48.8888093369724,14.863,0.021,13.421,0.023,,,,,,,,,,,9.927,0.024,9.3,0.028,9.049,0.023,AAA-222-111-000-0-0,,8.917,0.023,8.888,0.02,8.76,0.024,8.884,0.48,12.4434,0.000315,11.3282,0.00730827,cdwrf,cdwrf,3566.0,157.0,4.71745,0.00893807,,,0.522872,0.0156009,0.520199,0.0203351,3.63901,0.183685,DWARF,0.0398300476,0.009438696,51.1457,0.07535,0.0,0.0,44,0.0008843814,,,0.00286284136,0.0,0.0,,,,,,,,,,,,,,bj2018,,,cdwrf,13.6417,0.001768,11.3685,0.0012,1,,cdwrf,apassdr9,cooldwarfs_v8,0.668002824710877,0.60959785436727,2.8033531641784,-53.9715465128762,0.0194757007188165,0.0192891584684163,1,0,507942017,4.923829952146401e+18,1.3487437
238179362,20190415,,9342-01056-1,096-088241,23543472-7049552,,J235434.69-704955.1,6.386305039858868e+18,34542704,,STAR,tmgaia2,358.644677860491,-70.8319945518192,tmgaia2,-15.0946,0.0434803,-0.172504,0.03957,gaia2,1.63925,0.0292276,gaia2,309.544328489586,-45.5592494110947,310.609115629318,-59.7150061716134,12.1,0.214,11.506,0.015,,,,,,,,,,,10.584,0.023,10.402,0.022,10.322,0.019,AAA-222-111-000-0-0,,10.288,0.022,10.314,0.021,10.23,0.052,9.086,,11.4484,0.00035,11.1051,0.006,rered,spect,6667.3,139.102,3.96792,0.088098,-0.34,0.12,2.04026,0.101256,1.41,0.220868,0.166022,0.0396436,DWARF,7.41077662,0.444311,599.621,10.591,0.0281894,0.00986969,74,0.005681599,,,0.0005123199,0.00938998,0.0103494,schlegel,0.171335,0.270402,0.0914518,0.111061,0.0380229,0.0412644,0.0850227,0.0911733,0.350445,0.538177,10.407,10.775,bj2018,150.924,127.279,spect,11.7027,0.001192,11.0512,0.000895,1,,tycho2v3,tycho2b3,,0.827311607647982,0.613673814694269,358.644479923024,-70.8319952946508,0.0241019924179503,0.0203894241315488,1,0,1725951420,6.386305039858868e+18,0.89276916
238809210,20190415,,9122-00304-1,124-175892,21473405-6518060,,J214734.08-651806.0,6.402029116992301e+18,32390595,,STAR,tmgaia2,326.891892787371,-65.3016952902219,tmgaia2,9.59632,0.032283,12.6218,0.0478001,gaia2,2.14017,0.0259724,gaia2,326.887118957589,-42.2793966914691,301.516108508306,-47.9675389442165,13.343,0.389,12.665,0.027,,,,,,,,,,,11.484,0.031,11.288,0.035,11.207,0.026,AAA-222-111-000-0-0,,11.114,0.022,11.149,0.02,10.816,0.141,8.44,,12.3757,0.000173,12.0042,0.006,rered,spect,6140.7,119.34,4.33739,0.0795392,-0.163173,0.0665219,1.20939,0.0565628,1.16,0.157085,0.655774,0.142433,DWARF,1.873708,0.0881491,461.1,5.5645,0.0277497,0.009728845,81,0.0109499432,,,0.000511491147,0.0114354,0.00802229,schlegel,0.109281,0.204889,0.0506241,0.0625015,0.101289,0.183578,0.0565865,0.102492,0.0747022,0.101596,5.498,5.631,bj2018,133.303,105.378,spect,12.6517,0.001324,11.9466,0.000849,1,,tycho2v3,tycho2b3,,0.594522978187496,0.741285731922513,326.891991670844,-65.3016409463927,0.0162266034562834,0.0238627232203895,1,0,1716891232,6.402029116992301e+18,0.9882219
53812288,20190415,,,322-219978,21484665-2540353,,J214846.61-254034.7,6.811387363416152e+18,13850776,,STAR,tmgaia2,327.194350261892,-25.6764603894714,tmgaia2,-35.5699,0.0489117,47.5042,0.0461799,gaia2,6.52336,0.0326748,gaia2,24.251013299923,-49.2992051406525,320.6850034782,-11.7302071532058,14.409,0.03,13.434,0.08,,,,,,,,,,,11.32,0.021,10.723,0.021,10.594,0.019,AAA-222-111-000-0-0,,10.557,0.025,10.602,0.021,10.741,0.115,8.929,,12.9842,0.000386,12.3021,0.0061,rered,gaia2,4546.0,123.489,4.71522,0.0933578,,,0.615006,0.0468316,0.716,0.0829422,3.07805,0.868657,DWARF,0.145536035,0.007195395,152.624,0.7665,0.0156295,0.007812475,76,0.0611292869,,,0.0008042621,0.00596809,0.00965686,panstarrs,0.0714617,0.0944226,0.0377578,0.0559055,0.744523,0.99279,0.10578,0.0809356,0.00691312,0.00747767,0.763,0.77,bj2018,109.521,137.457,dered,13.608,0.001295,12.2421,0.001126,1,,ucac4,apassdr9,,0.778061482626231,0.716405083802198,327.194180334221,-25.6762558575959,0.0276716655123545,0.0297176537470998,1,0,1716973293,6.811387363416152e+18,1.1664677
204440207,20190415,,,282-216801,21420144-3344258,,J214201.49-334425.6,6.591433090233148e+18,17371226,,STAR,tmgaia2,325.506102193884,-33.7405088901132,tmgaia2,43.8893,0.0602399,16.9386,0.0466328,gaia2,3.5162,0.0447361,gaia2,11.7156248981283,-48.9951188192869,316.384850756673,-18.8005540017584,13.289,0.016,12.507,0.057,,,,,,,,,,,11.123,0.021,10.773,0.022,10.675,0.02,AAA-222-111-000-0-0,,10.629,0.024,10.692,0.021,10.513,0.093,9.083,,12.3212,0.000179,11.8166,0.006,rered,gaia2,5423.0,129.908,4.41839,0.0816671,,,0.991755,0.0544221,0.94,0.120832,0.963639,0.224409,DWARF,0.7664114,0.02991215,282.146,3.589,0.024627,0.0102335252,66,0.0256215669,,,0.000558968168,0.0108691,0.00959795,schlegel,0.118942,0.122722,0.0496367,0.0592075,0.220809,0.228008,0.069595,0.0937392,0.0294177,0.0304066,3.544,3.634,bj2018,117.497,142.318,dered,12.7372,0.00141,11.7664,0.001059,1,,ucac4,apassdr9,,0.976375516648331,0.723304159775583,325.506329438401,-33.7404359602374,0.0360841974213221,0.0267754446854229,1,0,1716346396,6.591433090233148e+18,0.9035755
150270406,20190415,,,121-009873,06175518-6553193,,J061755.19-655319.3,5.284309306084294e+18,31812065,,STAR,tmgaia2,94.4799975266928,-65.8887268092315,tmgaia2,-5.03089,0.0494176,5.50858,0.0577688,gaia2,0.808714,0.0232079,gaia2,275.696501953323,-27.981303967191,161.651325647683,-88.0734404011173,13.284,0.032,12.842,0.069,,,,,,,,,,,11.784,0.023,11.56,0.023,11.539,0.025,AAA-222-111-000-0-0,,11.481,0.022,11.515,0.02,11.478,0.08,9.632,,12.6856,0.000342,12.3252,0.006,rered,spect,6196.71,139.038,3.63883,0.0913408,-0.117474,0.1,2.73774,0.158874,1.19,0.165381,0.0579922,0.0147459,DWARF,9.956899,0.694267,1193.61,33.31,0.0498522,0.009947355,434,0.0289625879,,,0.0003905414,0.0120918,0.00780291,schlegel,0.130157,0.200605,0.163792,0.153957,0.011574,0.0179178,0.0719205,0.110761,0.753119,0.635415,32.39,34.23,bj2018,136.55,141.527,spect,12.9491,0.000645,12.264,0.000646,1,,ucac4,apassdr9,,0.913040704512489,0.895756453554527,94.4799445028413,-65.8887030917432,0.0233285338404172,0.0246798439140775,1,0,560997347,5.284309306084294e+18,1.2383807
150062772,20190415,,8893-00278-1,142-006770,06053049-6138138,,J060530.46-613813.5,5.481287054713353e+18,29858675,,STAR,tmgaia2,91.3770761875206,-61.6371939508186,tmgaia2,-20.9216,0.0726178,27.4073,0.0814364,gaia2,4.4246,0.0288086,gaia2,270.758352361774,-29.0393405628741,97.5880695753504,-85.0401741305184,11.616,0.16,11.113,0.011,,,,,,,,,,,10.243,0.023,9.978,0.025,9.906,0.022,AAA-222-111-000-0-0,,9.866,0.023,9.897,0.019,9.83,0.031,9.157,,11.1282,0.000452,10.7535,0.006,rered,gaia2,6268.0,139.943,4.51933,0.0892001,,,1.00588,0.0467839,1.22,0.187209,1.19871,0.283727,DWARF,1.40704179,0.0660357,224.552,1.4635,0.0302878,0.01020578,116,0.008254166,,,0.005156815,0.00833066,0.0120809,schlegel,0.139042,0.235376,0.049409,0.0441588,0.223226,0.344228,0.0778643,0.100536,0.0615157,0.0705557,1.454,1.473,bj2018,133.6,146.287,dered,11.4119,0.00113,10.7006,0.00071,1,,tycho2v3,tycho2b3,,1.31091867349447,1.26262441463214,91.3768865684741,-61.637075947296,0.0266881778615139,0.0301579479329262,1,0,557486603,5.481287054713353e+18,0.9075316
176935903,20190415,,,109-012774,06422918-6818518,,J064229.16-681851.9,5.280060032938927e+18,33114710,,STAR,tmgaia2,100.621626759119,-68.3143811383589,tmgaia2,-12.9733,0.0380358,-14.0914,0.0409385,gaia2,1.934,0.0211781,gaia2,278.701704094658,-25.8841629883635,208.128839568781,-85.5705473394229,12.888,0.019,12.289,0.069,,,,,,,,,,,10.993,0.026,10.664,0.022,10.575,0.019,AAA-222-111-000-0-0,,10.546,0.023,10.584,0.02,10.537,0.04,9.527,0.371,12.0946,0.000194,11.6449,0.006,rered,spect,5695.93,129.866,3.91279,0.0795617,-0.138607,0.1,1.83991,0.100837,1.01,0.125938,0.162155,0.0375961,DWARF,3.2103138,0.132245,509.493,5.5395,0.051205,0.0101907346,167,0.0300377421,,,0.00113029,0.00939997,0.0109815,schlegel,0.0919856,0.15989,0.0722372,0.129436,0.0310192,0.044173,0.0522185,0.106905,0.136822,0.127668,5.481,5.598,bj2018,168.529,91.2039,spect,12.4488,0.000796,11.5905,0.000445,1,,ucac4,apassdr9,,0.71273127084371,0.634933535123725,100.621475594793,-68.3144418097334,0.0199123865907562,0.0221588828497154,1,0,570035216,5.280060032938927e+18,1.3539125
176933645,20190415,,,116-013103,06403284-6656066,,J064032.95-665605.2,5.280453353161978e+18,32459073,,STAR,tmgaia2,100.136973697508,-66.9351436091069,tmgaia2,45.854,0.0443815,120.325,0.0429709,gaia2,18.0301,0.0219351,gaia2,277.155550220785,-25.8549857050188,189.990042812516,-85.9851815152704,15.026,0.035,13.577,0.065,,,,,,,,,,,10.299,0.026,9.675,0.026,9.395,0.021,AAA-222-111-000-0-0,,9.294,0.022,9.223,0.02,9.106,0.022,9.329,,12.7148,0.000334,11.6308,0.0072353,cdwrf,cdwrf,3615.0,157.0,4.74232,0.00791498,,,0.494395,0.0146898,0.492489,0.0202879,4.07544,0.19557,DWARF,0.0376076363,0.00881147,55.374,0.06775,0.0,0.0,183,0.03629253,,,0.008149388,0.0,0.0,,,,,,,,,,,,,,bj2018,,,cdwrf,13.8646,0.00119,11.6652,0.000457,1,,cdwrf,apassdr9,cooldwarfs_v8,0.824900041168088,0.66639655741004,100.137477629684,-66.9346255439323,0.0208007880603345,0.0215213366650458,1,0,569247472,5.280453353161978e+18,1.347025
238170975,20190415,,,104-114166,23475812-6916349,,J234758.14-691634.9,6.3869102136354e+18,31996930,,STAR,tmgaia2,356.992238551485,-69.2763638494779,tmgaia2,1.94858,0.0420261,-3.42393,0.0457119,gaia2,1.70645,0.031524,gaia2,311.062551076775,-46.8372083758236,312.246928387318,-58.291553053885,13.259,0.043,12.747,0.08,,,,,,,,,,,11.514,0.026,11.224,0.025,11.205,0.023,AAA-222-111-000-0-0,,11.125,0.023,11.147,0.02,11.053,0.118,8.51,,12.518,0.000221,12.0993,0.006,rered,spect,5893.07,118.414,4.08997,0.078285,0.0494088,0.0696762,1.54433,0.0771005,1.07,0.137637,0.29051,0.0622131,DWARF,2.59144759,0.135057,576.421,10.5565,0.0276313,0.010505625,59,0.004045465,,,0.000392399466,0.00967565,0.0113356,schlegel,0.133419,0.141856,0.0713156,0.0828854,0.0621994,0.0622268,0.0805881,0.0759819,0.127961,0.142153,10.367,10.746,bj2018,135.989,100.839,spect,12.841,0.001615,12.0443,0.00129,1,,ucac4,apassdr9,,0.792017775051642,0.709034079743671,356.992262260587,-69.2763785914005,0.0212301932911827,0.0266131433910345,1,0,1725510036,6.3869102136354e+18,1.136309
150441438,20190415,,,148-008054,06311828-6029491,,J063118.28-602948.9,5.481619206006907e+18,29875346,,STAR,tmgaia2,97.8261969013653,-60.4969854567064,tmgaia2,-0.00517053,0.0507723,27.4656,0.0481481,gaia2,1.52511,0.022935,gaia2,269.913539845011,-25.8049932284569,123.4710935942,-83.0161160719756,12.91,0.029,12.523,0.08,,,,,,,,,,,11.544,0.021,11.331,0.022,11.273,0.021,AAA-222-111-000-0-0,,11.229,0.022,11.274,0.02,11.204,0.091,9.251,,12.3848,0.000214,12.0495,0.006,rered,gaia2,6649.0,132.712,4.23945,0.0861136,,,1.48721,0.0643718,1.4,0.223169,0.425612,0.0963581,DWARF,3.89460087,0.2176915,643.576,9.5725,0.0591758,0.0101449853,133,0.0533856,,,0.00120857719,0.0108045,0.00948547,schlegel,0.163945,0.282393,0.0294226,0.0993211,0.0872392,0.105477,0.0688933,0.103334,0.244396,0.190987,9.433,9.712,bj2018,154.746,110.678,dered,12.6294,0.001447,11.9905,0.000723,1,,ucac4,apassdr9,,0.911256629086024,0.746640386075242,97.8261968561604,-60.4968672020388,0.0214300176366613,0.0226896048617953,1,0,565496740,5.481619206006907e+18,1.184847
394482474,20190415,,,180-225729,21032947-5404012,,J210329.47-540401.1,6.46418619723367e+18,26912023,,STAR,tmgaia2,315.872861795997,-54.0670212750093,tmgaia2,-9.97965,0.0364325,15.1792,0.0350833,gaia2,3.28269,0.0265006,gaia2,343.497212888488,-40.8262919529358,301.148270330024,-35.4760139181159,14.141,0.034,13.302,0.092,,,,,,,,,,,11.842,0.023,11.409,0.022,11.351,0.023,AAA-222-111-000-0-0,,11.281,0.023,11.331,0.02,11.183,0.138,8.556,,13.1071,0.000323,12.5768,0.006,rered,gaia2,5297.0,133.727,4.60664,0.0850091,,,0.785663,0.04551,0.91,0.112698,1.87643,0.459314,DWARF,0.4378113,0.01598505,301.993,2.4355,0.0295342,0.01019518,110,0.0190833881,,,0.0006284781,0.00972536,0.010665,schlegel,0.0970448,0.128352,0.0447497,0.0462704,0.481889,0.436738,0.0975489,0.0724693,0.0177446,0.0142255,2.416,2.455,bj2018,116.456,150.997,dered,13.5429,0.00116,12.5186,0.001307,1,,ucac4,apassdr9,,0.634252217778333,0.544077442080513,315.872788576641,-54.0669559201421,0.0188953570808022,0.0176478939976191,1,0,1711301410,6.46418619723367e+18,0.9672973
280911111,20190415,,,053-004753,06483173-7928442,,J064831.68-792844.3,5.210874573726782e+18,34639886,,STAR,tmgaia2,102.132043353632,-79.4789810408362,tmgaia2,-1.91289,0.0256211,1.68477,0.0260423,gaia2,1.12171,0.0138956,gaia2,291.131927230469,-26.7681299345993,260.417113737706,-76.6723635138408,14.371,0.01,13.57,0.08,,,,,,,,,,,11.755,0.023,11.406,0.024,11.269,0.025,AAA-222-111-000-0-0,,11.185,0.023,11.216,0.02,11.336,0.086,9.601,,13.2666,0.000202,12.6711,0.006,rered,gaia2,5989.0,129.79,3.77852,0.0810407,,,2.24115,0.108749,1.1,0.144952,0.0977187,0.0216922,DWARF,5.82177162,0.273808,869.109,10.576,0.299951,0.0100049,107,0.008754989,,,0.000375866162,0.0125432,0.0074666,schlegel,0.128814,0.161089,0.120096,0.0974015,0.0173805,0.026004,0.0780799,0.0840016,0.242367,0.305249,10.45,10.702,bj2018,107.132,152.449,dered,13.7605,0.001908,12.6127,0.000753,1,,ucac4,apassdr9,,0.51661503811365,0.403926766301569,102.131998248349,-79.4789737869685,0.0131545014092372,0.0147969171762188,1,0,572823236,5.210874573726782e+18,1.0994788
150441015,20190415,,8894-00140-1,150-007956,06302816-6005266,,J063028.13-600526.5,5.481877144564157e+18,29874796,,STAR,tmgaia2,97.6173221704355,-60.0907282921895,tmgaia2,-14.0474,0.0475657,10.2476,0.0541372,gaia2,2.01788,0.0243707,gaia2,269.449096921356,-25.8361809351174,121.314866841527,-82.6938198251441,11.403,0.135,10.988,0.01,,,,,,,,,,,10.496,0.024,10.374,0.026,10.309,0.021,AAA-222-111-000-0-0,,10.288,0.023,10.309,0.02,10.244,0.045,9.168,,11.0804,0.000522,10.8476,0.006,rered,gaia2,7334.0,132.891,4.20372,0.0848373,,,1.68744,0.0609448,1.66,0.282066,0.345479,0.0775034,DWARF,7.42191,0.369366,488.627,5.8635,0.0517654,0.0102151046,116,0.00723587768,,,0.00223848457,0.00943581,0.0109944,schlegel,0.210518,0.353615,0.058992,0.0628975,0.0691617,0.085845,0.0799962,0.0896785,0.393999,0.344733,5.794,5.933,bj2018,129.11,136.672,dered,11.2532,0.001444,10.8006,0.001509,1,,tycho2v3,tycho2b3,,0.851996480077822,0.839654631533397,97.6172008738784,-60.0906841706335,0.0219530880887358,0.0297733005883566,1,0,565496327,5.481877144564157e+18,0.9305938
167792318,20190415,,8912-01071-1,133-009678,06563788-6331587,,J065637.89-633158.7,5.286284059025149e+18,29893308,,STAR,tmgaia2,104.157873055368,-63.5329895212082,tmgaia2,6.2198,0.0440508,1.30319,0.0565074,gaia2,1.90727,0.0228666,gaia2,273.855831174418,-23.5284755797161,159.665652370396,-83.3238899935953,11.743,0.178,11.433,0.013,,,,,,,,,,,10.531,0.023,10.364,0.025,10.322,0.022,AAA-222-111-000-0-0,,10.293,0.023,10.313,0.021,10.218,0.046,9.474,,11.2153,0.000518,10.9445,0.006,rered,spect,6740.09,113.402,3.99166,0.0826512,-0.350165,0.0567761,2.00625,0.0858542,1.44,0.235348,0.178324,0.038757,DWARF,7.483869,0.384497,516.542,6.148,0.0651056,0.00993494,115,0.0102013648,,,0.00161546364,0.0117044,0.00816548,schlegel,0.173436,0.29726,0.0743452,0.0973633,0.0321296,0.0453843,0.0708471,0.0944553,0.351933,0.417061,6.076,6.22,bj2018,98.7738,128.031,spect,11.4149,0.001765,10.893,0.00118,1,,tycho2v3,tycho2b3,,0.803337798846992,0.876203152441062,104.157933142307,-63.5329839102638,0.0199644162483093,0.0243514197032773,1,0,576722594,5.286284059025149e+18,0.8624776
261259414,20190415,,,,06000594-8050520,,J060006.03-805051.5,5.210735141908852e+18,,,STAR,tmgaia2,90.0246213434401,-80.8478194672763,tmgaia2,25.7246,0.13668,54.6178,0.175828,gaia2,11.2657,0.0792999,gaia2,292.739228573263,-28.7915884383998,269.984109795448,-75.7128978364669,19.549,0.165,,,,,,,,,,,,,13.67,0.024,13.082,0.026,12.86,0.038,AAA-222-111-000-0-0,,12.661,0.023,12.451,0.022,12.335,0.243,9.38,,16.7314,0.000967,15.3672,0.00751268,cdwrf,cdwrf,3177.0,157.0,5.06276,0.0233453,,,0.200627,0.00664157,0.169617,0.0202547,21.004,0.431124,DWARF,0.00369438645,0.0009810417,88.5448,0.62645,0.0,0.0,127,0.0177633446,,,0.001350152,0.0,0.0,,,,,,,,,,,,0.6221,0.6308,bj2018,,,cdwrf,18.4763,0.010267,15.4629,0.00209,1,,,bpbj,cooldwarfs_v8,2.78387374472095,2.72640132496201,90.0253176882294,-80.8475843079674,0.0733260469671534,0.076280883572404,1,0,556407490,5.210735141908852e+18,0.9770727
389449839,20190415,,,250-186760,20494070-4004457,,J204940.71-400445.8,6.678517537889769e+18,21999049,,STAR,tmgaia2,312.419641825119,-40.0793746307985,tmgaia2,10.8404,0.0524753,-8.47871,0.0419215,gaia2,2.25253,0.0365418,gaia2,1.86968511036579,-39.0158819074917,303.685131716866,-21.4711777469048,13.107,0.016,12.563,0.092,,,,,,,,,,,11.419,0.023,11.142,0.025,11.114,0.025,AAA-222-111-000-0-0,,11.049,0.022,11.102,0.02,11.026,0.122,8.5,,12.385,0.000132,11.9815,0.006,rered,gaia2,6094.0,127.321,4.35748,0.0862285,,,1.17151,0.056402,1.14,0.163353,0.709026,0.164218,DWARF,1.7052958,0.08900595,438.485,7.0815,0.033355,0.0103083048,108,0.0162443612,,,0.000402760983,0.0119793,0.00863731,schlegel,0.10535,0.221355,0.0425558,0.0702482,0.1581,0.170336,0.0806294,0.0918276,0.0876262,0.0903857,6.969,7.194,bj2018,161.344,93.2985,dered,12.693,0.000853,11.9258,0.000638,1,,ucac4,apassdr9,,0.866270694472857,0.650111471185103,312.419702824594,-40.0794111363716,0.0289794145701459,0.0206555800183848,1,0,1708808420,6.678517537889769e+18,1.1392484
238177471,20190415,,9339-02037-1,109-125629,23531970-6820503,,J235319.73-682050.3,6.38847293319139e+18,31997144,,STAR,tmgaia2,358.332142266114,-68.3473190946617,tmgaia2,13.8843,0.0646688,-1.62055,0.0708767,gaia2,1.87785,0.0418269,gaia2,310.863533724033,-47.876132656723,314.177875796606,-58.0457096210597,9.363,0.034,9.302,0.003,,,,,,,,,,,9.097,0.02,9.135,0.024,9.114,0.02,AAA-122-111-000-0-0,,9.062,0.023,9.086,0.02,9.055,0.026,8.68,0.264,9.26552,0.000339,9.2343,0.006,rered,gaia2,9020.0,170.904,3.87065,0.0692908,,,2.90187,0.102807,2.28,0.309586,0.0933042,0.0171115,DWARF,50.2199821,3.752085,524.709,11.608,0.0213672,0.01004569,84,0.00193236838,,,0.0009179304,0.0106413,0.00945008,schlegel,0.21722,0.401951,0.101285,0.104328,0.0176954,0.0165275,0.0667831,0.0717986,3.21607,4.2881,11.356,11.86,bj2018,182.0,159.808,dered,9.31378,0.001258,9.2068,0.001509,1,,tycho2v3,tycho2b3,,1.21205553949835,1.099167644358,358.332304279614,-68.3473260721084,0.0348315190897728,0.0356657967693079,1,0,1725949529,6.38847293319139e+18,0.9458112
150272291,20190415,,,137-007496,06182806-6240593,,J061828.05-624059.1,5.477972916212554e+18,29867041,,STAR,tmgaia2,94.6169806499833,-62.6831439872133,tmgaia2,-12.3172,0.0433638,28.6735,0.0436357,gaia2,7.37493,0.0220085,gaia2,272.094208612513,-27.6252551125341,119.140128795405,-85.6493602893588,13.725,0.042,12.522,0.069,,,,,,,,,,,10.642,0.024,10.103,0.027,9.999,0.025,AAA-222-111-000-0-0,,9.91,0.022,9.978,0.02,9.874,0.03,9.367,,12.2635,0.000451,11.5921,0.006,rered,spect,4592.8,120.688,4.55617,0.0929242,-0.05,0.08,0.745775,0.0557185,0.73,0.0830028,1.75994,0.479848,DWARF,0.2229569,0.0108940154,135.066,0.4045,0.0251184,0.009394225,105,0.0241635814,,,0.004534835,0.00806875,0.0107197,schlegel,0.115118,0.0508875,0.0523085,0.0591286,0.417949,0.541747,0.0915304,0.094318,0.01264,0.00914803,0.404,0.405,bj2018,140.922,100.455,spect,12.8799,0.002047,11.5416,0.001385,1,,ucac4,apassdr9,,0.787241518364126,0.676796577570463,94.6168650885915,-62.6830205319129,0.0205924099604066,0.0244898622876851,1,0,561571302,5.477972916212554e+18,1.1262796
204445243,20190415,,7487-00501-1,296-234894,21424379-3058297,,J214243.84-305829.4,6.593110463940087e+18,17371612,,STAR,tmgaia2,325.68253584465,-30.9749225240384,tmgaia2,44.8733,0.116656,14.7094,0.0882635,gaia2,4.17281,0.0961908,gaia2,15.9290833790622,-48.8826205360256,317.529973735485,-16.2552519567953,11.633,0.157,10.965,0.011,,,,,,,,,,,9.756,0.022,9.482,0.026,9.377,0.02,AAA-222-111-000-0-0,,9.336,0.023,9.377,0.02,9.367,0.041,8.649,0.444,10.7908,0.000551,10.3519,0.0068,rered,gaia2,5801.0,121.553,4.13439,0.0813895,,,1.44662,0.0760477,1.04,0.130921,0.343532,0.0775718,DWARF,2.13509321,0.1213245,238.205,5.5035,0.0189661,0.00498845,71,0.00647720369,,,0.00087903766,0.00551713,0.00445977,panstarrs,0.109504,0.152339,0.0613226,0.0907729,0.0861721,0.0689715,0.0878598,0.0749192,0.119157,0.123492,5.379,5.628,bj2018,156.095,87.0102,dered,11.1439,0.001287,10.3068,0.001649,1,,tycho2v3,tycho2b3,,1.87712342349743,1.36900654399384,325.682761184214,-30.9748591920955,0.055654706266484,0.0502434314103382,1,0,1716349660,6.593110463940087e+18,1.2787606
201294815,20190415,,,175-000229,00132864-5509032,,J001328.63-550903.0,4.922905327290054e+18,27130357,,STAR,tmgaia2,3.36939734965922,-55.1508693187277,tmgaia2,-9.59885,0.0502422,8.99551,0.0466834,gaia2,3.65806,0.0338806,gaia2,314.187884465135,-61.1400591601327,332.604427721983,-50.0227367340492,13.754,0.042,12.937,0.103,,,,,,,,,,,11.45,0.023,11.015,0.024,10.919,0.023,AAA-222-111-000-0-0,,10.885,0.023,10.96,0.02,10.832,0.102,8.575,,12.7063,0.000513,12.1629,0.006,rered,gaia2,5168.0,121.539,4.48619,0.083707,,,0.882462,0.0496231,0.87,0.106302,1.26599,0.302381,DWARF,0.500469,0.01882775,271.253,2.512,0.0131876,0.009639785,43,0.0182580315,,,0.0007672394,0.00914907,0.0101305,schlegel,0.083177,0.129426,0.0555799,0.0436663,0.267541,0.337221,0.0729147,0.0944992,0.0138134,0.0238421,2.489,2.535,bj2018,117.1,125.979,dered,13.1633,0.001569,12.1093,0.001998,1,,ucac4,apassdr9,,0.878888547295518,0.723941858222639,3.36932502358723,-55.1508305880807,0.0241723186149881,0.0224815167094715,1,0,508156981,4.922905327290054e+18,0.98092544
238174084,20190415,,,103-117501,23504310-6924478,,J235043.15-692448.0,6.386893038061829e+18,31997043,,STAR,tmgaia2,357.679597550915,-69.4132753180275,tmgaia2,6.56404,0.0200822,-4.27176,0.0229853,gaia2,1.0056,0.0129111,gaia2,310.660781479897,-46.7932508343647,312.350024647692,-58.564714769375,13.942,0.044,13.367,0.092,,,,,,,,,,,12.107,,11.875,,11.863,0.058,UUA-662-002-00c-0-0,,11.684,0.023,11.724,0.021,11.475,0.139,9.201,,13.2173,0.000261,12.7989,0.006,rered,gaia2,5973.0,134.543,3.95742,0.082251,,,1.82398,0.0892236,1.1,0.145982,0.181273,0.0410303,DWARF,3.81508112,0.1756345,966.62,12.155,0.0278605,0.010152,47,0.0272180326,,,0.000207020479,0.011211,0.009093,schlegel,0.166079,0.125885,0.0907462,0.087701,0.0417064,0.0403542,0.0899996,0.0745024,0.204424,0.146845,12.005,12.305,bj2018,138.481,130.605,dered,13.5339,0.001119,12.7377,0.001101,1,,ucac4,apassdr9,,0.378794471494279,0.356434971365198,357.679677925913,-69.4132937103461,0.0107101319208786,0.0107723695855186,1,0,1725729891,6.386893038061829e+18,1.0404174
350430934,20190415,,,171-006256,05393205-5555337,,J053932.06-555533.8,4.766719155105343e+18,27261657,,STAR,tmgaia2,84.8835851109899,-55.9260520800489,tmgaia2,-2.31934,0.0423235,4.39104,0.0473143,gaia2,1.26458,0.0226193,gaia2,263.942741646755,-32.112470463916,74.6888652893114,-79.0930912317445,13.552,0.038,12.881,0.092,,,,,,,,,,,11.817,0.023,11.552,0.025,11.5,0.023,AAA-222-111-000-0-0,,11.392,0.023,11.429,0.021,11.415,0.086,9.593,,12.8409,0.00034,12.4249,0.006,rered,gaia2,6063.0,132.512,4.0215,0.0814191,,,1.71721,0.0837437,1.13,0.149983,0.223156,0.050417,DWARF,3.58997631,0.194722,773.164,13.625,0.0449525,0.00976037,73,0.0236413255,,,0.0008067655,0.0107156,0.00880514,schlegel,0.149942,0.150025,0.096401,0.0710864,0.0392418,0.0615922,0.0543283,0.10851,0.191944,0.1975,13.39,13.86,bj2018,115.939,149.084,dered,13.1585,0.001686,12.3668,0.002709,1,,ucac4,apassdr9,,0.743056649827635,0.733764135137296,84.883567287115,-55.9260331741834,0.022119270655784,0.02399643702847,1,0,547929129,4.766719155105343e+18,1.1350807
201293802,20190415,,8467-00377-1,164-000168,00122256-5714585,,J001222.55-571458.7,4.919307763899832e+18,27129923,,STAR,tmgaia2,3.09404689079045,-57.2495865715526,tmgaia2,-6.68714,0.0401885,-24.5997,0.0367479,gaia2,3.6818,0.0273301,gaia2,313.222085288499,-59.0914626502389,330.329265630907,-51.5590773356407,12.219,0.176,11.311,0.014,,,,,,,,,,,10.277,0.024,9.961,0.024,9.904,0.021,AAA-222-111-000-0-0,,9.862,0.022,9.911,0.02,9.844,0.044,8.794,,11.3053,0.000439,10.8561,0.006,rered,gaia2,5695.0,134.416,4.1958,0.0782388,,,1.3283,0.0675377,1.01,0.125855,0.430959,0.092972,DWARF,1.67209017,0.0586441,269.506,2.0,0.0090467,0.009941375,47,0.000587933639,,,0.00101242168,0.00820625,0.0116765,schlegel,0.0929538,0.158757,0.0569824,0.078093,0.0958381,0.0901058,0.0771498,0.0793278,0.0603454,0.0569428,1.986,2.014,bj2018,151.131,117.701,dered,11.6677,0.001277,10.81,0.000792,1,,tycho2v3,tycho2b3,,0.709968386072633,0.569881536904907,3.09399366918502,-57.2496924869391,0.0209337966608731,0.018149573220768,1,0,508155968,4.919307763899832e+18,0.9564462
238170977,20190415,,,104-114169,23481419-6915551,,J234814.20-691555.0,6.386909530736246e+18,33469203,,STAR,tmgaia2,357.059214648548,-69.2653150116693,tmgaia2,-2.99838,0.023938,5.33754,0.0250419,gaia2,1.09624,0.0158669,gaia2,311.035884013838,-46.8559540426513,312.292353913303,-58.3022392344345,13.751,0.04,13.373,0.092,,,,,,,,,,,12.3,0.024,12.056,0.025,12.049,0.026,AAA-222-111-000-0-0,,11.988,0.023,11.999,0.022,11.817,0.204,9.311,,13.1543,0.000368,12.8013,0.006,rered,spect,6241.01,124.299,4.12667,0.0825637,-0.137755,0.0794136,1.57432,0.0767638,1.21,0.164817,0.310103,0.0696774,DWARF,3.3876617,0.1801065,888.796,12.6295,0.0275881,0.0102435,51,0.0178620033,,,0.000257433916,0.0102498,0.0102372,schlegel,0.148039,0.181595,0.0504296,0.103098,0.0619102,0.0774445,0.0698555,0.0952719,0.132095,0.228118,12.454,12.805,bj2018,147.452,101.145,spect,13.4131,0.001539,12.7434,0.000884,1,,ucac4,apassdr9,,0.451122635634418,0.388393561526396,357.059178184722,-69.265292030598,0.0128418362955871,0.01376819159716,1,0,1725726954,6.386909530736246e+18,1.0528281
201291092,20190415,,,159-000176,00112147-5822299,,J001121.51-582229.9,4.918381528432757e+18,27129538,,STAR,tmgaia2,2.839449983869,-58.3749861395088,tmgaia2,32.065,0.0301637,-1.84876,0.0292043,gaia2,1.68122,0.020504,gaia2,312.838933142415,-57.9757018911534,328.98429705552,-52.3321674389977,14.163,0.033,13.585,0.103,,,,,,,,,,,12.315,0.023,11.959,0.025,11.925,0.025,AAA-222-111-000-0-0,,11.882,0.023,11.932,0.022,12.144,0.26,9.167,,13.3614,0.000232,12.912,0.006,rered,spect,5681.94,119.107,4.34125,0.0768334,0.0930373,0.0759962,1.12349,0.0571206,1.01,0.128143,0.712217,0.154629,DWARF,1.185279,0.05280665,584.797,7.0655,0.00879625,0.01048936,39,7.57973248e-05,,,0.000376082258,0.0111715,0.00980722,schlegel,0.117638,0.138647,0.0486588,0.0655824,0.116668,0.192589,0.0967963,0.0568705,0.0496017,0.0560116,6.982,7.149,bj2018,161.488,76.7262,spect,13.7157,0.001347,12.8574,0.000761,1,,ucac4,apassdr9,,0.53580008676712,0.452880404085163,2.83971327291869,-58.3749940997179,0.0168511700715398,0.0139127417182286,1,0,507941093,4.918381528432757e+18,1.0126414
139196601,20190415,,8011-00505-1,236-183907,23014872-4249480,,J230148.77-424947.4,6.542644529491991e+18,22081553,,STAR,tmgaia2,345.452964716916,-42.8300047504039,tmgaia2,61.471,0.107242,47.6385,0.103579,gaia2,5.59302,0.0969666,gaia2,350.539648015892,-62.8013431646615,328.241422678576,-33.3982522198995,11.792,0.166,11.232,0.011,,,,,,,,,,,9.989,0.023,9.658,0.025,9.616,0.025,AAA-222-111-000-0-0,,9.541,0.023,9.583,0.02,9.492,0.04,8.416,,10.992,0.000666,10.5656,0.006,rered,gaia2,5832.0,131.271,4.49524,0.0755093,,,0.959418,0.047598,1.05,0.129945,1.18895,0.245743,DWARF,0.959358156,0.0475392,177.962,3.096,0.00710131,0.009994935,33,0.00139025308,,,0.001631231,0.00708397,0.0129059,schlegel,0.125724,0.134166,0.0446538,0.0505422,0.225619,0.265868,0.0830583,0.0679602,0.0395912,0.0554872,3.043,3.149,bj2018,112.344,150.198,dered,11.3329,0.001765,10.5209,0.001119,1,,tycho2v3,tycho2b3,,1.78611071261151,1.60630769550984,345.453325606209,-42.8297996407605,0.0458573278541768,0.0517304794475003,1,0,1722800627,6.542644529491991e+18,1.1105711
204445717,20190415,,7487-01090-1,300-264109,21434499-3011089,,J214345.00-301108.9,6.785415112062048e+18,17372209,,STAR,tmgaia2,325.937539382454,-30.1858087303433,tmgaia2,-5.5313,0.0822593,-8.12533,0.0763185,gaia2,1.52814,0.0573124,gaia2,17.1633795173739,-48.9993580081728,318.025266071578,-15.5888843891204,12.8,0.429,12.121,0.03,,,,,,,,,,,10.828,0.021,10.591,0.023,10.538,0.021,AAA-222-111-000-0-0,,10.479,0.023,10.499,0.02,10.487,0.082,8.578,,11.7569,0.00038,11.3618,0.0081,rered,gaia2,6179.0,133.406,3.80539,0.0923361,,,2.2505,0.133658,1.18,0.169499,0.103525,0.0270576,DWARF,6.65159,0.5614415,643.23,23.9275,0.0405817,0.007787525,64,0.0151169235,,,0.000217114619,0.00527275,0.0103023,panstarrs,0.128781,0.210216,0.137686,0.12963,0.0201623,0.033953,0.0733403,0.111332,0.409895,0.712988,23.055,24.8,bj2018,139.499,127.313,dered,12.0596,0.00182,11.3086,0.000694,1,,tycho2v3,tycho2b3,,1.32129484401414,1.18382481039345,325.937511831162,-30.1858437144062,0.0436821410238297,0.0458456890286794,1,0,1716459719,6.785415112062048e+18,1.0066534
350823687,20190415,,,159-006609,05582991-5819226,,J055829.91-581922.2,4.765411973218562e+18,27274695,,STAR,tmgaia2,89.6246255024633,-58.3229620702934,tmgaia2,5.62865,0.0384231,37.341,0.0410534,gaia2,1.29027,0.0199207,gaia2,266.892982743518,-29.6731074726985,88.6244559189233,-81.7604511016601,13.337,0.016,12.807,0.092,,,,,,,,,,,11.712,0.021,11.458,0.025,11.443,0.023,AAA-222-111-000-0-0,,11.378,0.023,11.411,0.02,11.411,0.107,9.49,,12.6726,0.000182,12.2846,0.006,rered,gaia2,6215.0,130.277,4.0495,0.0834534,,,1.71346,0.0782412,1.2,0.1715,0.238541,0.0535522,DWARF,3.946434,0.1951945,758.094,11.5355,0.0380503,0.009938405,114,0.0163399167,,,0.000863592839,0.010908,0.00896881,schlegel,0.180514,0.162485,0.0600256,0.0964568,0.0485193,0.058585,0.0706774,0.0962294,0.177473,0.212916,11.363,11.708,bj2018,132.735,127.818,dered,12.9679,0.001027,12.2307,0.00062,1,,ucac4,apassdr9,,0.682250209101033,0.636659272250107,89.6246716518667,-58.3228012965504,0.0184251699704114,0.0205447597879827,1,0,555381883,4.765411973218562e+18,1.0808672
183802224,20190415,,9352-00361-1,066-001051,01243382-7652369,,J012433.87-765237.2,4.636816013812038e+18,34562761,,STAR,tmgaia2,21.1410911026462,-76.8769488641099,tmgaia2,10.6005,0.0419279,-16.7747,0.0355812,gaia2,2.50733,0.0215635,gaia2,300.481830661893,-40.0933028576805,304.143568400431,-67.8339757131939,13.129,0.34,12.03,0.032,,,,,,,,,,,11.184,0.022,10.84,0.021,10.821,0.021,AAA-222-111-000-0-0,,10.769,0.022,10.819,0.02,10.662,0.072,9.232,,12.2591,0.000177,11.8044,0.006,rered,gaia2,5777.0,128.358,4.25642,0.0778411,,,1.25702,0.0609146,1.04,0.127597,0.523608,0.111115,DWARF,1.58558249,0.06079115,394.309,3.3785,0.0369076,0.01033065,115,0.00390364439,,,0.0007840457,0.0107749,0.0098864,schlegel,0.0898067,0.165388,0.0398759,0.0819533,0.0978067,0.124423,0.0928017,0.0628805,0.0714081,0.0501742,3.35,3.407,bj2018,165.148,91.5673,dered,12.6222,0.000885,11.7539,0.000851,1,,tycho2v3,tycho2b3,,0.829996414479669,0.551788220635513,21.1412921263044,-76.8770210885912,0.0222492114247489,0.0175642978267155,1,0,515446928,4.636816013812038e+18,1.0115569
389448296,20190415,,,266-190701,20493602-3656273,,J204936.04-365627.5,6.778348623846861e+18,19573719,,STAR,tmgaia2,312.400083458883,-36.9409735799227,tmgaia2,18.2365,0.0462835,3.07972,0.0300054,gaia2,1.05433,0.0341496,gaia2,5.87397886925719,-38.6642576706174,304.622901093161,-18.4590085809159,13.793,0.023,13.326,0.08,,,,,,,,,,,12.282,0.023,11.992,0.025,11.96,0.025,AAA-222-111-000-0-0,,11.936,0.023,11.949,0.022,11.849,0.258,8.506,,13.1775,0.000214,12.8161,0.006,rered,gaia2,6390.0,135.818,4.15618,0.0907009,,,1.56513,0.085402,1.28,0.192082,0.333856,0.0815846,DWARF,3.67958045,0.289251,924.179,29.42,0.0386821,0.01031592,131,0.06356769,,,0.000165293939,0.0116688,0.00896304,schlegel,0.158554,0.225611,0.0801839,0.0906201,0.0554452,0.107724,0.0753059,0.106096,0.192796,0.385706,28.501,30.339,bj2018,143.63,128.007,dered,13.4398,0.001079,12.7534,0.000732,1,,ucac4,apassdr9,,0.756725097551908,0.465321149964506,312.400181698189,-36.9409603200575,0.0236181792028967,0.0148635325074711,1,0,1708806877,6.778348623846861e+18,1.3820193
238177935,20190415,117783,9133-00337-1,117-144514,23530988-6638505,,J235309.82-663851.7,6.389132227851207e+18,31798506,,STAR,tmgaia2,358.291053959482,-66.647401807042,tmgaia2,-19.1669,0.0470025,-104.301,0.0470711,gaia2,13.68,0.030765,gaia2,311.757741964771,-49.4703088390124,316.496442684334,-56.88990294536,9.68,0.032,9.08,0.03,,,,,,,,,,,7.965,0.021,7.672,0.031,7.63,0.029,AAA-111-111-000-0-0,,7.531,0.03,7.605,0.02,7.61,0.018,7.623,0.121,8.9308,0.000287,8.5237,0.006,gbprp,spect,5706.0,117.076,4.39901,0.0737749,-0.53,0.08,1.0564,0.0485628,1.02,0.127332,0.865198,0.17602,DWARF,1.06580615,0.02696245,72.9456,0.16495,0.0,0.0,53,0.0062648356,,,0.00557259144,0.0,0.0,,0.125523,0.129142,0.0515623,0.0455633,0.151713,0.200327,0.0772492,0.0703006,0.0256506,0.0282743,0.1646,0.1653,bj2018,129.515,104.636,spect,9.25606,0.001193,8.48233,0.00215,1,,hipvmag,tycho2b3,,0.872258210767545,0.730065748149308,358.290845769392,-66.6478508809333,0.0250666737832116,0.026016249856716,1,0,1725949993,6.389132227851207e+18,1.1582692
260370094,20190415,,8538-00512-1,174-008139,06205696-5516432,,J062056.97-551643.6,5.499496509161298e+18,27293077,,STAR,tmgaia2,95.2373441054472,-55.2787029445797,tmgaia2,-0.395512,0.0470199,-21.0279,0.0578126,gaia2,2.44617,0.0251817,gaia2,263.927765811055,-26.2332126953925,105.043163514728,-78.4442394661796,12.253,0.314,12.051,0.025,,,,,,,,,,,10.685,0.027,10.404,0.026,10.312,0.023,AAA-222-111-000-0-0,,10.269,0.023,10.312,0.02,10.262,0.04,9.585,,11.668,0.000262,11.2564,0.006,rered,spect,6012.7,127.448,4.09032,0.0829128,-0.25,0.12,1.57231,0.0797789,1.11,0.147485,0.285569,0.0649803,DWARF,2.911033,0.1339815,404.065,4.1425,0.0473756,0.01041405,85,0.08081924,,,0.00187981967,0.0106268,0.0102013,schlegel,0.157692,0.137279,0.0658668,0.093691,0.0494322,0.0805283,0.0608506,0.104975,0.105542,0.162421,4.101,4.184,bj2018,87.8283,167.068,spect,11.9873,0.001584,11.2041,0.00088,1,,tycho2v3,tycho2b3,,0.823018823804786,0.896440553594146,95.237341115729,-55.2787934813721,0.023266412689128,0.0248772877558852,1,0,562289720,5.499496509161298e+18,0.90953
389446589,20190415,,,260-195729,20484455-3808553,,J204844.55-380855.3,6.777945893353914e+18,19572548,,STAR,tmgaia2,312.185634439174,-38.1487095918803,tmgaia2,5.01486,0.0680006,-2.80581,0.0499133,gaia2,1.64484,0.0479437,gaia2,4.3124422966868,-38.6424602189507,304.088736569013,-19.5691888351737,13.556,0.081,12.85,0.069,,,,,,,,,,,11.63,0.024,11.311,0.024,11.261,0.023,AAA-222-111-000-0-0,,11.239,0.022,11.29,0.021,11.243,0.143,9.076,0.516,12.7068,0.00016,12.2544,0.006,rered,gaia2,5802.0,135.861,4.07906,0.0806518,,,1.54176,0.0870754,1.04,0.134318,0.283778,0.0655863,DWARF,2.4268434,0.165503,598.156,17.303,0.0394603,0.01010862,114,0.0162970573,,,0.000224965057,0.0113556,0.00886164,schlegel,0.119345,0.149291,0.0702467,0.103904,0.0515561,0.0796165,0.0608315,0.100472,0.160296,0.17071,16.812,17.794,bj2018,145.969,125.752,dered,13.0658,0.00092,12.202,0.000719,1,,ucac4,apassdr9,,1.11573883042997,0.774023147928068,312.185661895277,-38.1487216724544,0.0333141067557927,0.023832647684486,1,0,1708599193,6.777945893353914e+18,0.9822583
260371445,20190415,,,174-008158,06212656-5512023,,J062126.56-551202.2,5.499503385404656e+18,27293517,,STAR,tmgaia2,95.3606517636092,-55.2006478554116,tmgaia2,5.38186,0.0510056,9.65848,0.0497454,gaia2,1.27988,0.0230356,gaia2,263.856540036248,-26.1498441302094,105.315985053688,-78.3546545505923,13.092,0.026,12.598,0.092,,,,,,,,,,,11.516,0.024,11.276,0.022,11.226,0.023,AAA-222-111-000-0-0,,11.179,0.023,11.204,0.021,11.213,0.084,8.997,,12.4478,0.0002,12.0715,0.006,rered,gaia2,6394.0,138.683,4.00522,0.0851701,,,1.86222,0.0895276,1.28,0.187698,0.198206,0.0459871,DWARF,5.22212172,0.308542,764.152,13.5545,0.0619554,0.009809825,95,0.006032588,,,0.0008633173,0.0101261,0.00949355,schlegel,0.150187,0.225209,0.0922095,0.0868457,0.0390129,0.0529612,0.0769254,0.0934147,0.35919,0.257894,13.319,13.79,bj2018,131.031,146.335,dered,12.7313,0.001461,12.0154,0.001291,1,,ucac4,apassdr9,,0.892416187108218,0.771392000680834,95.3606923658933,-55.2006062702958,0.0234640674948297,0.0228431703292314,1,0,562290936,5.499503385404656e+18,1.1744252
234331383,20190415,,,107-002121,02235037-6838083,,J022350.43-683808.1,4.693794974105638e+18,32005845,,STAR,tmgaia2,35.959937651671,-68.6356513844134,tmgaia2,25.7183,0.0516748,23.8151,0.0334796,gaia2,5.3905,0.0205405,gaia2,290.99403925043,-46.2922447889543,329.430854518961,-69.9725563202046,14.113,0.0,13.142,0.114,,,,,,,,,,,11.362,0.021,10.827,0.025,10.742,0.024,AAA-222-111-000-0-0,,10.671,0.023,10.722,0.021,10.645,0.062,9.35,,12.8588,0.000545,12.234,0.006,rered,gaia2,4777.0,123.555,4.65176,0.0905176,,,0.686115,0.0473366,0.77,0.0909763,2.38396,0.61968,DWARF,0.220856428,0.00911875,184.523,0.705,0.0150083,0.0100875553,69,0.0172259472,,,0.001592403,0.0106262,0.00954891,schlegel,0.0653905,0.116562,0.0426497,0.0520236,0.550834,0.688526,0.0724352,0.1086,0.0077707,0.0104668,0.702,0.708,bj2018,104.998,142.112,dered,13.4128,0.001502,12.1798,0.000862,1,,ucac4,apassdr9,,0.970054616665489,0.519197418961878,35.960241610953,-68.6355488474505,0.0233140905380162,0.0165430068075995,1,0,518383829,4.693794974105638e+18,1.1798439
293527366,20190415,,9477-00047-1,073-044181,23284011-7534001,,J232840.16-753400.1,6.377642090823342e+18,35111291,,STAR,tmgaia2,352.166987737887,-75.5667135371797,tmgaia2,27.4022,0.037199,1.56647,0.032883,gaia2,1.59322,0.0211828,gaia2,309.580625289695,-40.4748191243361,300.66875893998,-61.0464766778457,12.285,0.277,12.026,0.021,,,,,,,,,,,10.588,0.024,10.329,0.023,10.259,0.021,AAA-222-111-000-0-0,,10.226,0.023,10.25,0.02,10.163,0.046,9.113,0.433,11.4916,0.000257,11.1149,0.006,rered,gaia2,6311.0,136.083,3.79231,0.0891695,,,2.34201,0.108588,1.24,0.190773,0.0965288,0.023186,DWARF,7.83905745,0.382172,616.555,8.1145,0.0435296,0.010156285,83,0.02343749,,,0.0004228272,0.0107774,0.00953517,schlegel,0.174009,0.207536,0.13793,0.0792462,0.0176948,0.0286772,0.069516,0.108823,0.341207,0.423137,8.01,8.219,bj2018,161.948,110.217,dered,11.7757,0.000978,11.0598,0.00101,1,,tycho2v3,tycho2b3,,0.729814959738631,0.51000580960521,352.167461079863,-75.566706793128,0.0198026382523837,0.0180443217887406,1,0,1724586683,6.377642090823342e+18,0.96372604
350823035,20190415,,,151-006560,05581683-5951254,,J055816.81-595124.9,4.764849641741001e+18,27274547,,STAR,tmgaia2,89.5702235955316,-59.8570936420723,tmgaia2,-17.3322,0.033736,37.2489,0.0298179,gaia2,3.55612,0.0162179,gaia2,268.653557382984,-29.8053378105715,88.1517151111023,-83.2936176009461,14.053,0.038,13.116,0.126,,,,,,,,,,,11.668,0.024,11.269,0.025,11.162,0.021,AAA-222-111-000-0-0,,11.082,0.023,11.147,0.02,11.069,0.077,9.568,,12.9764,0.000305,12.436,0.006,rered,gaia2,5261.0,131.316,4.59849,0.0860538,,,0.788699,0.0447965,0.9,0.11103,1.83446,0.451046,DWARF,0.4293294,0.0135056,278.939,1.271,0.0348641,0.0101052346,100,0.05259096,,,0.00255041383,0.0112494,0.00896107,schlegel,0.100557,0.121504,0.0483513,0.0412417,0.442808,0.459283,0.0755745,0.0965332,0.0128785,0.0141327,1.265,1.277,bj2018,147.046,115.587,dered,13.4293,0.000943,12.3841,0.000873,1,,ucac4,apassdr9,,0.603567477681152,0.462443406711341,89.5700749875625,-59.8569332649464,0.0155276804465231,0.0156814897981097,1,0,556076327,4.764849641741001e+18,1.0203297
201293234,20190415,,8470-00527-1,151-000172,00115938-5950464,,J001159.38-595046.3,4.905999859272838e+18,27129765,,STAR,tmgaia2,2.99738116393885,-59.846251044116,tmgaia2,14.1481,0.0545502,9.2101,0.0505503,gaia2,1.3275,0.0327781,gaia2,311.920908509683,-56.5882284548804,327.477721770598,-53.4923339814578,11.74,0.154,11.37,0.011,,,,,,,,,,,11.046,0.026,10.98,0.026,10.937,0.023,AAA-222-111-000-0-0,,10.931,0.022,10.962,0.02,10.825,0.099,9.168,,11.4403,0.000417,11.3019,0.006,rered,gaia2,7856.0,147.436,4.19299,0.0798908,,,1.81325,0.0666934,1.87,0.298804,0.313665,0.0647461,DWARF,11.2828188,0.6801785,737.485,17.968,0.010139,0.01014916,56,0.004302367,,,0.0004908356,0.00670622,0.0135921,schlegel,0.218186,0.379423,0.0619673,0.0714196,0.0562365,0.0732558,0.0654697,0.0943118,0.680174,0.680183,17.539,18.397,bj2018,167.077,127.796,dered,11.5407,0.001901,11.2584,0.000977,1,,tycho2v3,tycho2b3,,0.975956603980388,0.783926939284132,2.99750243160449,-59.846211389575,0.0272268331394995,0.0249546329619384,1,0,507942860,4.905999859272838e+18,1.3020774
141945907,20190415,,,088-011932,06223144-7224121,,J062231.45-722411.7,5.266033150785649e+18,33616331,,STAR,tmgaia2,95.6310637651808,-72.4033555448792,tmgaia2,2.59541,0.0400702,30.1052,0.0431212,gaia2,1.50531,0.0260539,gaia2,283.087177070312,-27.9370767650289,253.953612537789,-83.8393632674728,12.943,0.021,12.425,0.057,,,,,,,,,,,11.239,0.024,10.977,0.028,10.88,0.024,AAA-222-111-000-0-0,,10.833,0.023,10.851,0.02,10.783,0.053,9.421,,12.2719,0.000224,11.8547,0.006,rered,spect,5906.21,114.519,3.84133,0.0754789,-0.341444,0.1,2.05617,0.101146,1.07,0.132402,0.123085,0.0257108,DWARF,4.63500071,0.2398805,651.928,11.159,0.0713332,0.0108738,550,0.0440272726,,,0.0008386134,0.0109104,0.0108372,schlegel,0.0987209,0.166083,0.0758693,0.126422,0.0211396,0.0302819,0.0590082,0.0919495,0.255371,0.22439,10.971,11.347,bj2018,86.5735,142.464,spect,12.5911,0.001384,11.7963,0.000965,1,,ucac4,apassdr9,,0.770093778331639,0.668794392268718,95.6311007289985,-72.4032259252705,0.0252523751927281,0.023579359451092,1,0,562839588,5.266033150785649e+18,1.2852075
141941279,20190415,,,076-006103,06194413-7456094,,J061944.12-745608.7,5.261777014291156e+18,33615103,,STAR,tmgaia2,94.9339205982363,-74.9359578750967,tmgaia2,-5.50758,0.0286723,65.4545,0.0372794,gaia2,1.71577,0.0182305,gaia2,285.952711471816,-28.1777429078981,261.326935452689,-81.4753937131424,13.759,0.053,13.07,0.08,,,,,,,,,,,11.701,0.022,11.403,0.024,11.318,0.025,AAA-222-111-000-0-0,,11.264,0.021,11.299,0.019,11.208,0.098,9.277,,12.8988,0.000351,12.4258,0.006,rered,gaia2,5952.0,127.904,4.18884,0.0756096,,,1.391,0.0639121,1.09,0.145856,0.404989,0.0843906,DWARF,2.18777,0.0947315,573.208,6.0355,0.105604,0.01015205,165,0.0353933722,,,0.0011014014,0.0108973,0.0094068,schlegel,0.12356,0.168151,0.0565307,0.0712935,0.0675591,0.101222,0.0543932,0.0968261,0.0704,0.119063,5.973,6.098,bj2018,100.865,154.942,dered,13.2701,0.001475,12.3656,0.000564,1,,ucac4,apassdr9,,0.560148858163473,0.578136686046931,94.9338293580645,-74.9356760571761,0.0153354773987621,0.0188071765780455,1,0,561568214,5.261777014291156e+18,1.0405687
234338690,20190415,,9144-01383-1,104-002164,02291865-6913051,,J022918.75-691305.2,4.693563282093565e+18,32006210,,STAR,tmgaia2,37.3277701180277,-69.2181005029269,tmgaia2,41.073,0.0372643,-4.81474,0.0379477,gaia2,2.08008,0.0209922,gaia2,290.820289753984,-45.5396058312119,328.263365242815,-70.625412452747,12.868,0.441,12.283,0.03,,,,,,,,,,,10.928,0.022,10.607,0.022,10.529,0.023,AAA-222-111-000-0-0,,10.481,0.022,10.542,0.02,10.438,0.055,8.784,,12.118,0.000172,11.6173,0.006,rered,spect,5541.07,102.462,3.92849,0.0760939,0.43553,0.0565071,1.77992,0.0839849,0.98,0.123425,0.173789,0.0353308,DWARF,2.69074273,0.108353347,474.19,4.756,0.0418818,0.01026384,53,0.0148075772,,,0.0005696814,0.0113028,0.00922488,schlegel,0.109276,0.137575,0.0808668,0.087103,0.0295146,0.041147,0.0609194,0.0912683,0.121193,0.0955137,4.709,4.803,bj2018,117.293,87.6308,spect,12.5318,0.00151,11.5699,0.001068,1,,tycho2v3,tycho2b3,,0.702104246924628,0.588488632489675,37.3282685292252,-69.2181212337768,0.0213734837698199,0.0187659030197005,1,0,518779484,4.693563282093565e+18,1.2136046
201292507,20190415,,,169-000161,00114915-5623595,,J001149.19-562359.4,4.919579686869276e+18,27129701,,STAR,tmgaia2,2.95489940984969,-56.3998561944536,tmgaia2,21.3256,0.041013,2.77564,0.03757,gaia2,2.15542,0.0270702,gaia2,313.866324778721,-59.8794028398631,331.095272400323,-50.853713990106,12.921,0.017,12.253,0.057,,,,,,,,,,,10.966,0.02,10.683,0.021,10.61,0.021,AAA-222-111-000-0-0,,10.586,0.022,10.625,0.02,10.575,0.101,9.205,,12.0894,0.000151,11.6319,0.006,rered,gaia2,5653.0,124.378,4.02809,0.0774392,,,1.60321,0.0783392,1.0,0.124323,0.242676,0.0517459,DWARF,2.364789,0.09643185,457.867,5.719,0.0114648,0.01042271,33,0.028618,,,0.0004423478,0.00876152,0.0120839,schlegel,0.0828663,0.16578,0.101719,0.0549593,0.0479242,0.0555676,0.0747645,0.0801139,0.109693,0.0831707,5.649,5.789,bj2018,128.54,120.216,dered,12.455,0.00123,11.5805,0.000825,1,,ucac4,apassdr9,,0.721610685082298,0.582609158381642,2.95506532891653,-56.399844243892,0.0205105271179108,0.0178711836531744,1,0,507942364,4.919579686869276e+18,0.9792102
280911644,20190415,,9392-00778-1,047-003990,06475594-8038270,,J064755.91-803826.6,5.207748387291455e+18,35134347,,STAR,tmgaia2,101.983108454542,-80.6408470787041,tmgaia2,-8.42003,0.0405818,39.8295,0.0481814,gaia2,7.4854,0.0220282,gaia2,292.42813731555,-26.8802697545278,262.201385105056,-75.591632014135,10.942,0.075,10.239,0.005,,,,,,,,,,,8.986,0.037,8.717,0.038,8.607,0.023,AAA-112-111-000-0-0,,8.534,0.023,8.569,0.02,8.53,0.02,9.057,0.307,10.0809,0.000373,9.6223,0.006,rered,gaia2,5958.0,126.751,4.35394,0.0783323,,,1.15021,0.0524246,1.09,0.142382,0.716302,0.152579,DWARF,1.50193143,0.059076,133.08,0.393,0.0852799,0.0105279954,117,0.0209620968,,,0.00569351064,0.0115674,0.00948859,schlegel,0.13485,0.149913,0.0726291,0.0322201,0.137836,0.167322,0.0806665,0.0759981,0.0683395,0.0498125,0.392,0.394,bj2018,127.03,126.472,dered,10.4506,0.000788,9.57459,0.001143,1,,tycho2v3,tycho2b3,,0.825268941192649,0.747151118905068,101.982885527888,-80.6406755906479,0.0207558817602092,0.0225184196649114,1,0,571930990,5.207748387291455e+18,1.0448596
350822283,20190415,,8532-00044-1,158-006819,05575749-5826310,,J055757.49-582630.8,4.765388196279621e+18,27274298,,STAR,tmgaia2,89.4895661909292,-58.4419901684532,tmgaia2,2.93066,0.0443593,25.7777,0.0439457,gaia2,1.59078,0.0204558,gaia2,267.023579492356,-29.7525775138976,88.1088959222084,-81.8779207744058,12.321,0.333,11.958,0.023,,,,,,,,,,,10.723,0.023,10.486,0.022,10.467,0.023,AAA-222-111-000-0-0,,10.413,0.023,10.442,0.02,10.445,0.053,8.808,,11.5931,0.000255,11.2357,0.006,rered,gaia2,6424.0,134.536,3.88667,0.0878951,,,2.15115,0.100824,1.3,0.199022,0.130596,0.0298303,DWARF,7.099999,0.36873,617.45,7.858,0.0405282,0.01008624,99,0.09008207,,,0.00118455116,0.0112211,0.00895138,schlegel,0.148439,0.249604,0.100794,0.100854,0.0246424,0.0350183,0.0851137,0.0906764,0.257482,0.479978,7.76,7.956,bj2018,144.781,124.291,dered,11.862,0.000715,11.1831,0.000939,1,,tycho2v3,tycho2b3,,0.788064016503922,0.681488015021317,89.4895903006844,-58.4418791811386,0.0194151725109671,0.0211947362090843,1,0,555937237,4.765388196279621e+18,0.8329084
53814586,20190415,,,302-273273,21491898-2939196,,J214919.01-293919.6,6.617359368256534e+18,13150676,,STAR,tmgaia2,327.329148301442,-29.6554646223205,tmgaia2,26.2578,0.0403688,2.61497,0.0418307,gaia2,1.38065,0.0255017,gaia2,18.2260919285374,-50.1222583013881,319.390233825366,-15.5069661562869,14.094,0.014,13.518,0.057,,,,,,,,,,,12.146,0.026,11.82,0.024,11.762,0.026,AAA-222-111-000-0-0,,11.693,0.024,11.737,0.022,11.774,0.278,8.587,,13.2464,0.000255,12.7869,0.0075,rered,spect,5571.59,129.95,4.03985,0.0809636,-0.1545,0.0802077,1.56575,0.0877387,0.98,0.122061,0.255303,0.0591048,DWARF,2.128426,0.09659765,709.644,12.9435,0.0424058,0.006847265,75,0.03707508,,,0.000161539516,0.00712119,0.00657334,panstarrs,0.141793,0.10233,0.0818965,0.0935809,0.0561844,0.0620251,0.0821521,0.0797752,0.10001,0.0931853,12.712,13.175,bj2018,98.4623,161.437,spect,13.6076,0.001497,12.7296,0.00134,1,,ucac4,apassdr9,,0.647625629216891,0.648697811077983,327.329278396135,-29.6554533634853,0.0214370298256024,0.0204354406398353,1,0,1717072351,6.617359368256534e+18,1.0148993
261256961,20190415,,,044-003417,05580010-8113104,,J055800.15-811310.1,4.621444360219875e+18,35223675,,STAR,tmgaia2,89.5005214432013,-81.2195347168855,tmgaia2,5.78733,0.0295791,21.2741,0.0389341,gaia2,3.94547,0.0174632,gaia2,293.172499383602,-28.8180358562185,270.301255110989,-75.3406616080788,13.194,0.026,12.528,0.08,,,,,,,,,,,11.045,0.023,10.728,0.026,10.649,0.021,AAA-222-111-000-0-0,,10.569,0.024,10.607,0.02,10.533,0.058,8.991,0.359,12.2847,0.000869,11.7724,0.0061,rered,gaia2,5714.0,130.533,4.54904,0.0771537,,,0.888815,0.0434422,1.02,0.125684,1.45267,0.305821,DWARF,0.7587149,0.02618215,251.614,1.114,0.109273,0.01001303,110,0.0277439058,,,0.00205050036,0.00914236,0.0108837,schlegel,0.180094,0.0712738,0.0458925,0.040992,0.310872,0.30077,0.0821054,0.072202,0.0285944,0.0237699,1.109,1.119,bj2018,117.006,144.059,dered,12.703,0.003277,11.7201,0.002257,1,,ucac4,apassdr9,,0.604117025152421,0.603751919071383,89.5006846783877,-81.2194431201007,0.0152392426475073,0.0181664380734349,1,0,556073333,4.621444360219875e+18,1.1176444
150440102,20190415,,8894-01709-1,142-007678,06302370-6144091,,J063023.72-614409.0,5.478491370305013e+18,29874740,,STAR,tmgaia2,97.5988292133799,-61.7358769106612,tmgaia2,-0.17196,0.0530805,11.8133,0.0479351,gaia2,1.10729,0.0227817,gaia2,271.251676645667,-26.1204290431569,127.949364672692,-84.1557295604796,12.168,0.368,11.83,0.026,,,,,,,,,,,11.328,0.024,11.202,0.027,11.129,0.023,AAA-222-111-000-0-0,,11.083,0.022,11.113,0.02,10.996,0.061,9.351,,11.98,0.000975,11.7152,0.0061,rered,gaia2,7097.0,132.372,3.97554,0.0857173,,,2.13409,0.0925829,1.57,0.274493,0.161534,0.0359967,DWARF,10.4092274,0.638153,880.217,17.7865,0.0505873,0.01001213,132,0.0354093127,,,0.0008715567,0.00798576,0.0120385,schlegel,0.174325,0.37466,0.0959296,0.0892362,0.0266183,0.0453751,0.109621,0.0618135,0.819073,0.457233,17.434,18.139,bj2018,128.259,136.485,dered,12.171,0.003473,11.6617,0.00221,1,,tycho2v3,tycho2b3,,0.958822187019853,0.743403890258822,97.5988276498618,-61.735826047842,0.0240768782476197,0.0246816878788351,1,0,565495536,5.478491370305013e+18,1.2426592
238809626,20190415,107614,9119-01548-1,131-177960,21474719-6355265,,J214747.30-635526.1,6.402534621759565e+18,31752745,,STAR,tmgaia2,326.946700538558,-63.9240075800344,tmgaia2,64.1678,0.0380054,28.3139,0.0567262,gaia2,22.5062,0.0337381,gaia2,328.499214910573,-42.980737665964,302.547724052782,-46.7798580893947,9.251,0.024,8.58,0.03,,,,,,,,,,,7.366,0.024,7.025,0.036,6.946,0.023,AAA-111-111-000-0-0,,6.849,0.058,6.931,0.021,6.932,0.018,7.057,0.124,8.40374,0.000293,7.9561,0.006,gbprp,spect,5685.73,120.847,4.60904,0.0743636,,,0.825417,0.0392462,1.01,0.126091,1.79598,0.363778,DWARF,0.641485155,0.01558805,44.3753,0.0669,0.0,0.0,84,0.00490825856,,,0.008637223,0.0,0.0,,0.148155,0.104027,0.0342075,0.0442849,0.280828,0.446728,0.0676373,0.08109,0.0156353,0.0155408,0.0668,0.067,bj2018,140.809,100.885,spect,8.76782,0.00104,7.91294,0.001063,1,,hipvmag,tycho2b3,,0.694612359118243,0.879778822084604,326.947329067633,-63.9238856743251,0.0192064714635233,0.0303230341714657,1,0,1716891602,6.402534621759565e+18,0.8837237
201294582,20190415,,,,00132585-5405149,,J001325.90-540513.5,4.923815624135426e+18,,,STAR,tmgaia2,3.35770230846852,-54.0874182576896,tmgaia2,53.635,0.0869596,114.904,0.0958642,gaia2,20.2827,0.0742125,gaia2,314.893899664078,-62.1493028410668,333.601617345712,-49.1781510717617,18.756,0.164,17.56,0.2,,,,,,,,,,,12.757,0.023,12.206,0.026,11.941,0.024,AAA-222-111-000-0-0,,11.732,0.023,11.529,0.02,11.137,0.147,9.025,,15.9784,0.000863,14.5583,0.00754933,cdwrf,cdwrf,3082.0,157.0,5.11412,0.0341202,,,0.174656,0.00532518,0.144684,0.0200624,27.1563,1.29498,DWARF,0.00247966079,0.000660609861,49.2339,0.18125,0.0,0.0,50,0.001587302,,,0.00149677182,0.0,0.0,,,,,,,,,,,,0.1806,0.1819,bj2018,,,cdwrf,17.8887,0.014432,14.6704,0.002095,1,,cdwrf,bpbj,cooldwarfs_v8,1.5140334760024,1.48665075667936,3.35809601469429,-54.0869235327726,0.0458321644715945,0.0473943470396674,1,0,508156748,4.923815624135426e+18,1.0865858
201294917,20190415,,,173-000232,00132486-5532503,,J001324.94-553250.1,4.922689071392859e+18,27130331,,STAR,tmgaia2,3.35364958803442,-55.5473011975321,tmgaia2,60.017,0.0215468,14.0604,0.0233155,gaia2,2.9301,0.0165903,gaia2,313.958532312572,-60.7594857943336,332.209651902727,-50.3282142853935,14.55,0.029,13.702,0.149,,,,,,,,,,,12.218,0.026,11.779,0.025,11.734,0.025,AAA-222-111-000-0-0,,11.633,0.023,11.678,0.022,11.717,0.292,8.725,,13.5005,0.000201,12.9562,0.006,rered,gaia2,5163.0,123.656,4.61096,0.0835642,,,0.764385,0.0452713,0.87,0.102864,1.94798,0.46593,DWARF,0.374047726,0.01339815,337.955,1.909,0.01306,0.0101462752,52,0.0307249185,,,0.000614566437,0.00930275,0.0109898,schlegel,0.0708043,0.134923,0.0452633,0.0452794,0.458288,0.473571,0.0848687,0.0822597,0.0140311,0.0127652,1.899,1.919,bj2018,115.162,132.15,dered,13.9553,0.001503,12.8996,0.000853,1,,ucac4,apassdr9,,0.37763858038793,0.361580806886326,3.35410635805634,-55.5472406605476,0.0115957539223445,0.0117374236314492,1,0,508157083,4.922689071392859e+18,1.025979
389449952,20190415,,,249-180199,20492463-4018467,,J204924.61-401846.8,6.678505718139763e+18,21998811,,STAR,tmgaia2,312.352629869208,-40.3129862717632,tmgaia2,-18.4591,0.052706,-6.29804,0.0411499,gaia2,2.22283,0.0357885,gaia2,1.56461532097065,-38.9844801997665,303.559987935282,-21.6801065321709,13.467,0.027,12.913,0.057,,,,,,,,,,,11.796,0.023,11.534,0.027,11.481,0.026,AAA-222-111-000-0-0,,11.432,0.022,11.453,0.021,11.536,0.22,8.709,,12.7591,0.00016,12.3661,0.006,rered,gaia2,6168.0,130.714,4.53112,0.0839384,,,0.975927,0.046196,1.18,0.16476,1.26949,0.288785,DWARF,1.24195719,0.0657208,444.264,7.119,0.034618,0.0100250551,122,0.013499802,,,0.0004311132,0.00818931,0.0118608,schlegel,0.130407,0.199113,0.0366628,0.0557291,0.228341,0.349228,0.070721,0.0971558,0.0572605,0.0741811,7.007,7.231,bj2018,135.609,125.82,dered,13.0537,0.000936,12.307,0.000691,1,,ucac4,apassdr9,,0.870655398496297,0.63816140888868,312.352525640463,-40.3130133883713,0.0268582686156808,0.0207660883385102,1,0,1708808533,6.678505718139763e+18,1.0171564
389449078,20190415,,,258-197405,20494329-3832368,,J204943.30-383237.4,6.774922644396969e+18,19573877,,STAR,tmgaia2,312.430359267922,-38.5435467443911,tmgaia2,17.712,0.0644094,-64.657,0.0428138,gaia2,4.72622,0.0446502,gaia2,3.83638920593284,-38.876838646601,304.164878267487,-20.0023177434686,13.341,0.036,12.473,0.046,,,,,,,,,,,11.03,0.023,10.598,0.024,10.523,0.023,AAA-222-111-000-0-0,,10.465,0.023,10.522,0.02,10.42,0.088,8.479,,12.3284,0.000118,11.7802,0.006,rered,gaia2,5196.0,126.834,4.55585,0.0831587,,,0.819122,0.0469925,0.88,0.107717,1.60117,0.386176,DWARF,0.440624833,0.0159114,210.329,1.9905,0.028337,0.01015747,114,0.0399213955,,,0.000770731131,0.0105214,0.00979354,schlegel,0.10425,0.111183,0.0461462,0.0478387,0.379586,0.392766,0.0760957,0.0902218,0.0157199,0.0161029,1.972,2.009,bj2018,142.332,111.336,dered,12.792,0.001094,11.7294,0.000708,1,,ucac4,apassdr9,,1.05804166473002,0.664003146184431,312.430456770297,-38.5438251287393,0.0301775580687402,0.022732572877095,1,0,1708807659,6.774922644396969e+18,0.8775753
167792716,20190415,,8916-01542-1,129-009418,06564983-6421349,,J065649.83-642134.8,5.285425958919134e+18,29893463,,STAR,tmgaia2,104.207666707325,-64.3597032029371,tmgaia2,-1.75501,0.0450523,11.5292,0.0410449,gaia2,1.52316,0.0207015,gaia2,274.737724767007,-23.7046007988595,166.110849230277,-83.7190172812085,12.563,0.315,11.925,0.022,,,,,,,,,,,11.375,0.023,11.22,0.027,11.139,0.025,AAA-222-111-000-0-0,,11.092,0.023,11.114,0.02,11.198,0.08,9.318,,12.1713,0.000297,11.8424,0.006,rered,spect,6485.72,130.062,4.08532,0.0946096,-0.0470197,0.1,1.72449,0.0858343,1.32,0.213297,0.25739,0.0656288,DWARF,4.740768,0.256338,644.377,8.6615,0.0581697,0.0104235,145,0.0131801618,,,0.00110621983,0.0106169,0.0102301,schlegel,0.155158,0.271436,0.0680317,0.103637,0.0602025,0.071055,0.102108,0.0871113,0.27289,0.239786,8.547,8.776,bj2018,129.697,130.428,spect,12.4123,0.001344,11.7855,0.000576,1,,tycho2v3,tycho2b3,,0.825310785529747,0.636612056516878,104.207649245006,-64.3596535633266,0.0205454886751783,0.0230135548372207,1,0,576722991,5.285425958919134e+18,1.1554381
350433811,20190415,,,167-006140,05403275-5643286,,J054032.76-564328.5,4.766531172976953e+18,27262282,,STAR,tmgaia2,85.1365064054191,-56.7246362334098,tmgaia2,3.9728,0.0441672,10.7819,0.0370503,gaia2,1.37126,0.0195243,gaia2,264.889580112901,-31.9966210885305,74.6121270961771,-79.9037735171294,12.884,0.029,12.322,0.08,,,,,,,,,,,11.286,0.023,11.04,0.023,10.982,0.019,AAA-222-111-000-0-0,,10.928,0.023,10.963,0.021,10.888,0.063,9.77,,12.2269,0.000185,11.8353,0.006,rered,gaia2,6221.0,133.053,3.91715,0.0862983,,,1.9955,0.0973869,1.2,0.175031,0.151018,0.0355403,DWARF,5.37325335,0.2774145,714.24,10.036,0.0449531,0.0103668552,67,0.08946618,,,0.000888679351,0.00892971,0.011804,schlegel,0.125408,0.224654,0.0973497,0.0974241,0.027266,0.0438147,0.0758001,0.0967966,0.277386,0.277443,9.897,10.175,bj2018,156.446,109.66,dered,12.5278,0.000881,11.7834,0.000846,1,,ucac4,apassdr9,,0.778233263281023,0.574637235465114,85.1365375813853,-56.7245898113443,0.0198858617992311,0.0202690892461055,1,0,550459484,4.766531172976953e+18,1.076905
150062423,20190415,,,139-006613,06050590-6221513,,J060505.89-622150.9,5.48100860339416e+18,29858431,,STAR,tmgaia2,91.2745741453848,-62.3642531055935,tmgaia2,-4.31044,0.0348826,35.8648,0.040832,gaia2,3.23441,0.018209,gaia2,271.584984986089,-29.1347366035331,98.037133373981,-85.7679403007931,13.369,0.026,12.73,0.103,,,,,,,,,,,11.43,0.023,11.097,0.024,11.058,0.021,AAA-222-111-s00-0-0,,11.002,0.022,11.034,0.02,11.009,0.061,9.329,,12.5312,0.000321,12.0718,0.006,rered,gaia2,5726.0,133.154,4.56473,0.0790403,,,0.872908,0.0428392,1.02,0.130226,1.53354,0.326822,DWARF,0.737966835,0.0259479,306.442,1.723,0.0318201,0.009800215,171,0.0182708818,,,0.00262911012,0.00924643,0.010354,schlegel,0.0966153,0.163837,0.0482482,0.0374302,0.358416,0.295229,0.0705564,0.0875243,0.0266798,0.025216,1.714,1.732,bj2018,140.985,125.323,dered,12.8976,0.00152,12.0198,0.00108,1,,ucac4,apassdr9,,0.632207478768965,0.633215663063024,91.2745341348531,-62.3640986877091,0.0167535904599948,0.020117880910896,1,0,557486254,5.48100860339416e+18,0.99105287
150440176,20190415,31034,8894-02012-1,142-007688,06304476-6136303,,J063044.72-613630.7,5.478501819961731e+18,29874969,,STAR,tmgaia2,97.6865782075396,-61.6084539348618,tmgaia2,-31.9901,0.0471413,-25.1593,0.0519709,gaia2,10.1698,0.0238316,gaia2,271.119154682803,-26.0587456416187,127.660360622176,-84.0250197340288,9.435,0.037,8.86,0.03,,,,,,,,,,,7.659,0.027,7.336,0.034,7.266,0.018,AAA-111-111-000-0-0,,7.139,0.049,7.244,0.02,7.225,0.016,7.169,0.065,8.69605,0.000405,8.2712,0.006,gbprp,gaia2,5812.0,126.083,4.09597,0.0792067,,,1.5193,0.0730251,1.05,0.131838,0.299402,0.0649538,DWARF,2.37293983,0.0623912,98.0513,0.23085,0.0,0.0,114,0.00250792224,,,0.009949317,0.0,0.0,,0.10145,0.162226,0.0677693,0.0782809,0.0515136,0.0783939,0.0578204,0.100593,0.0690913,0.0556911,0.2303,0.2314,bj2018,106.313,145.853,dered0,9.03269,0.001616,8.22364,0.001704,1,,hipvmag,tycho2b3,,0.850953209206038,0.805969590733855,97.6862885403001,-61.6085622599329,0.0204913715916649,0.0260359432630122,1,0,565495598,5.478501819961731e+18,1.0899836
260371000,20190415,30213,8534-01209-1,179-007570,06212274-5421063,,J062122.74-542105.7,5.499788639952559e+18,25183089,,STAR,tmgaia2,95.3447947421858,-54.3517506443221,tmgaia2,-5.86436,0.0649418,59.8894,0.0625728,gaia2,10.0592,0.0320943,gaia2,262.926225651999,-26.0000393925786,104.550683285607,-77.5208898479283,8.693,0.0,8.36,0.03,,,,,,,,,,,7.546,0.021,7.382,0.026,7.297,0.023,AAA-111-111-000-0-0,,7.242,0.036,7.29,0.019,7.308,0.016,7.31,0.082,8.24462,0.000344,7.9431,0.006,gbprp,spect,6690.0,129.216,4.28941,0.0837091,,,1.41407,0.060804,1.42,0.233884,0.502197,0.113273,DWARF,3.60862756,0.144086,99.1277,0.31775,0.0,0.0,108,0.00268064439,,,0.0107618468,0.0,0.0,,0.15852,0.309248,0.0708035,0.0508045,0.082391,0.144154,0.0699637,0.0974544,0.109771,0.178401,0.3167,0.3188,bj2018,98.8822,159.549,spect,8.47924,0.001946,7.908,0.001628,1,,hipvmag,apassdr9,,1.13186054688868,0.970467489876803,95.3447514185692,-54.3514927871889,0.0283669508998325,0.03380884678929,1,0,562290585,5.499788639952559e+18,0.91420424
280910766,20190415,,,057-004744,06481875-7846260,,J064818.76-784625.8,5.211527026502687e+18,34639818,,STAR,tmgaia2,102.078069695973,-78.7738914869495,tmgaia2,5.98904,0.0248381,13.5209,0.0340192,gaia2,4.91445,0.0137633,gaia2,290.344178286189,-26.7194469694114,259.29582957282,-77.3309154410743,14.422,0.041,13.333,0.08,,,,,,,,,,,11.314,0.023,10.782,0.023,10.636,0.021,AAA-222-111-000-0-0,,10.575,0.023,10.611,0.02,10.478,0.05,9.643,,13.1761,0.002887,12.4783,0.0067,rered,gaia2,4987.0,127.421,4.63529,0.090125,,,0.725989,0.0458794,0.83,0.100461,2.16914,0.567178,DWARF,0.29370594,0.01014485,202.291,0.5675,0.193382,0.01032181,96,0.0152835734,,,0.00239760685,0.00765532,0.0129883,schlegel,0.0626175,0.138305,0.0354121,0.0563467,0.417887,0.716469,0.0841582,0.0960918,0.0105699,0.0097198,0.566,0.569,bj2018,137.448,117.394,dered,13.7975,0.010388,12.4306,0.008544,1,,ucac4,apassdr9,,0.498276066646643,0.52751135014107,102.078202149066,-78.7738332719921,0.0122444713431451,0.015015510710428,1,0,572822957,5.211527026502687e+18,1.043651
340007052,20190415,,,155-010886,07305277-5906105,,J073052.83-590610.9,5.293740779383575e+18,27371585,,STAR,tmgaia2,112.719899055623,-59.1029130841516,tmgaia2,37.9448,0.0815577,-51.7466,0.088605,gaia2,10.8108,0.0423031,gaia2,270.745206826175,-18.2409540071139,154.82051695219,-77.3408734882981,18.341,0.167,16.361,1.133,,,,,,,,,,,12.572,0.024,12.089,0.022,11.866,0.023,AAA-222-111-000-0-0,,11.728,0.023,11.542,0.02,11.359,0.084,9.281,,15.3358,0.000637,14.1079,0.00738041,cdwrf,cdwrf,3402.0,157.0,4.91921,0.00473542,,,0.305935,0.00928393,0.283401,0.020261,9.89723,0.192303,DWARF,0.0112951053,0.00278569828,92.2557,0.36275,0.0,0.0,186,0.009794883,,,0.00263697677,0.0,0.0,,,,,,,,,,,,0.3614,0.3641,bj2018,,,cdwrf,16.7248,0.005112,14.1686,0.001594,1,,ucac4,bpbj,cooldwarfs_v8,1.45374419066334,1.37400880015922,112.720217213756,-59.1031358824038,0.0402685943630562,0.041646433325315,1,0,598944523,5.293740779383575e+18,1.0325074
139198923,20190415,,,231-186020,23025909-4354138,,J230259.08-435413.7,6.540325380295918e+18,22082038,,STAR,tmgaia2,345.746201901167,-43.903863339489,tmgaia2,4.4268,0.0499141,10.822,0.0478016,gaia2,2.71355,0.0539924,gaia2,348.251470216794,-62.4955254694828,327.868022370988,-34.4483070483069,14.524,0.024,13.679,0.114,,,,,,,,,,,12.139,0.025,11.685,0.024,11.649,0.022,AAA-222-111-000-0-0,,11.586,0.024,11.659,0.022,11.503,0.201,9.126,,13.4606,0.000234,12.909,0.006,rered,gaia2,5110.0,125.475,4.50644,0.0886,,,0.857159,0.0535151,0.86,0.109079,1.36557,0.354305,DWARF,0.451337457,0.02278635,364.821,7.244,0.00862289,0.01000106,49,0.00016802887,,,0.0004483142,0.0108844,0.00911772,schlegel,0.0954418,0.122716,0.0362965,0.0707337,0.360115,0.348495,0.10576,0.0714401,0.0183371,0.0272356,7.103,7.385,bj2018,104.232,146.718,dered,13.9258,0.001658,12.8538,0.001147,1,,ucac4,apassdr9,,0.834507800083156,0.741664063523637,345.746228354627,-43.9038167447694,0.0245761720767719,0.0331062511824231,1,0,1722802949,6.540325380295918e+18,1.08616
204445771,20190415,,7487-00974-1,299-245522,21433586-3019202,,J214335.88-301920.4,6.78541181352717e+18,17372126,,STAR,tmgaia2,325.899431843053,-30.3223105432301,tmgaia2,19.0058,0.0675127,-7.44208,0.0645312,gaia2,2.31953,0.0436471,gaia2,16.9505093358321,-48.9849864340186,317.944645453259,-15.7058862772905,12.166,0.258,11.431,0.018,,,,,,,,,,,10.618,0.021,10.354,0.021,10.309,0.021,AAA-222-111-000-0-0,,10.252,0.022,10.28,0.021,10.095,0.064,8.352,,11.5604,0.000615,11.2041,0.0073,rered,spect,6187.6,131.21,4.10477,0.0868236,-0.47,0.12,1.59438,0.0796055,1.18,0.166282,0.291145,0.0692862,DWARF,3.357111,0.178053,426.012,7.9845,0.0243401,0.00561595,76,0.0288888961,,,0.000407869869,0.00434783,0.00688407,panstarrs,0.1343,0.198263,0.0863739,0.0728372,0.0693274,0.069245,0.0897261,0.0839212,0.190744,0.165362,7.838,8.131,bj2018,150.732,111.689,spect,11.8239,0.002278,11.1481,0.001141,1,,tycho2v3,tycho2b3,,1.08486255159007,1.00102755012482,325.899526642197,-30.3223425855534,0.0383928968427276,0.0398610278334554,1,0,1716459773,6.78541181352717e+18,1.2291616
389448858,20190415,,,260-195778,20494049-3805598,,J204940.48-380559.9,6.777958327281281e+18,19573807,,STAR,tmgaia2,312.418738399488,-38.0999481346075,tmgaia2,-10.3493,0.0482462,-11.15,0.0332951,gaia2,1.23002,0.0305051,gaia2,4.40125065722675,-38.8191097915971,304.29004087397,-19.574541195748,13.968,0.037,13.244,0.08,,,,,,,,,,,12.111,0.022,11.816,0.027,11.793,0.027,AAA-222-111-000-0-0,,11.742,0.024,11.789,0.022,11.503,0.176,8.909,,13.1386,0.000328,12.7157,0.006,rered,gaia2,5995.0,131.487,4.08983,0.0808481,,,1.56609,0.084598,1.1,0.144642,0.28638,0.0641181,DWARF,2.85419917,0.181261,794.881,19.4335,0.0396324,0.01005453,94,0.00337357447,,,0.000187129554,0.0105668,0.00954226,schlegel,0.167434,0.121849,0.0729251,0.0962709,0.0489422,0.0792941,0.0704247,0.0912715,0.153578,0.208944,18.967,19.9,bj2018,103.871,159.103,dered,13.4646,0.001051,12.6595,0.000701,1,,ucac4,apassdr9,,0.7916218041873,0.516318146647737,312.418681775429,-38.0999961415659,0.02750596526573,0.0158746172978037,1,0,1708807439,6.777958327281281e+18,1.0070877
141945465,20190415,,9172-00794-1,086-011725,06214008-7252109,,J062140.07-725210.9,5.265234669125446e+18,33615966,,STAR,tmgaia2,95.4170040577055,-72.8697148698509,tmgaia2,-1.07546,0.0360318,8.71619,0.0550248,gaia2,4.13251,0.0232436,gaia2,283.612724115098,-28.015515524762,255.948232627998,-83.4238171709371,11.644,0.122,10.867,0.009,,,,,,,,,,,9.899,0.022,9.63,0.024,9.57,0.021,AAA-222-111-000-0-0,,9.532,0.023,9.573,0.02,9.525,0.03,9.442,0.432,10.7961,0.000258,10.4029,0.006,rered,spect,6021.36,122.5,4.20011,0.0795007,0.255534,0.0614059,1.38561,0.0659548,1.11,0.148328,0.417252,0.0905444,DWARF,2.27382016,0.0882654,240.309,1.3525,0.0430662,0.009977755,520,0.05661553,,,0.00397800654,0.0116026,0.00835291,schlegel,0.131308,0.165348,0.0697724,0.0621372,0.0875186,0.0935701,0.0869896,0.0720119,0.0941054,0.0824254,1.345,1.36,bj2018,115.313,129.687,spect,11.1036,0.000733,10.3561,0.000671,1,,tycho2v3,tycho2b3,,0.694462040836933,0.85328205451164,95.4169883370344,-72.8696773418109,0.0196878815218916,0.0260473566460172,1,0,562194155,5.265234669125446e+18,0.7979625
176936230,20190415,,,106-017264,06421401-6851001,,J064213.97-685100.1,5.279236984062782e+18,32019023,,STAR,tmgaia2,100.558360849349,-68.8500402081895,tmgaia2,-13.4966,0.0426311,3.79692,0.0462671,gaia2,1.98672,0.0226533,gaia2,279.286913692029,-25.9866465354886,214.565654863912,-85.3949795974662,12.761,0.014,12.34,0.057,,,,,,,,,,,11.301,0.026,11.103,0.023,11.048,0.021,AAA-222-111-000-0-0,,11.022,0.023,11.049,0.02,11.013,0.058,9.582,,12.1821,0.000197,11.833,0.006,rered,gaia2,6478.0,133.911,4.33378,0.0885357,,,1.29548,0.0587287,1.32,0.209166,0.607137,0.141616,DWARF,2.66266537,0.1359095,496.172,5.6195,0.0405258,0.009875595,201,0.06627972,,,0.00167899474,0.00984318,0.00990801,schlegel,0.172277,0.246055,0.054893,0.0625643,0.0878607,0.195372,0.0563684,0.120703,0.128592,0.143227,5.557,5.682,bj2018,152.104,115.717,dered,12.4405,0.001747,11.7772,0.001076,1,,ucac4,apassdr9,,0.80132604424133,0.717536310684437,100.558199794129,-68.8500238604155,0.019963936131939,0.0238433604307546,1,0,570035471,5.279236984062782e+18,1.1139808
201291371,20190415,,,165-000167,00110488-5701049,,J001104.85-570105.1,4.919492825450752e+18,27129450,,STAR,tmgaia2,2.77033176035815,-57.0180527945704,tmgaia2,-18.489,0.023777,-12.0603,0.0218864,gaia2,2.3363,0.0156635,gaia2,313.684500077346,-59.2597664610913,330.348583520869,-51.2686923437513,14.376,0.029,13.622,0.137,,,,,,,,,,,12.284,0.023,11.93,0.026,11.829,0.024,AAA-222-111-000-0-0,,11.802,0.024,11.84,0.022,11.655,0.192,9.177,,13.4477,0.000214,12.9609,0.006,rered,gaia2,5477.0,125.904,4.5609,0.076511,,,0.850587,0.0430125,0.96,0.115171,1.55996,0.328624,DWARF,0.5865477,0.019107,422.802,2.8215,0.0116813,0.00983896,40,0.00180937478,,,0.0005307237,0.00734462,0.0123333,schlegel,0.120703,0.109639,0.0405362,0.0454889,0.271949,0.385299,0.0918025,0.0612196,0.0217728,0.0164412,2.803,2.84,bj2018,125.793,126.014,dered,13.8404,0.001174,12.9056,0.001001,1,,ucac4,apassdr9,,0.41957604983464,0.339426435630868,2.77018552760949,-57.0181047209477,0.0121835634505007,0.0112725502188167,1,0,507941372,4.919492825450752e+18,0.9957517
238170691,20190415,,9342-01346-1,099-099595,23475793-7022027,,J234757.91-702202.8,6.386382001377498e+18,34541124,,STAR,tmgaia2,356.991393843668,-70.3674320216222,tmgaia2,-9.47831,0.0354599,2.85433,0.0397145,gaia2,2.76911,0.0237328,gaia2,310.506109593397,-45.8160324996804,310.645608467313,-58.9959833576237,12.655,0.285,11.797,0.021,,,,,,,,,,,10.862,0.029,10.594,0.029,10.534,0.026,AAA-222-111-000-0-0,,10.423,0.022,10.453,0.02,10.407,0.056,8.778,,11.8655,0.000212,11.4447,0.006,rered,spect,5556.9,129.52,4.09734,0.0806986,-0.3,0.1,1.46546,0.0803116,0.98,0.12363,0.311387,0.0719943,DWARF,1.8449105,0.07046695,357.42,3.055,0.0244647,0.01000313,76,0.0256234575,,,0.0006541436,0.0112714,0.00873486,schlegel,0.12365,0.123609,0.0842427,0.0763804,0.0719754,0.0720131,0.0725876,0.0888097,0.0726873,0.0682466,3.029,3.081,bj2018,118.582,140.457,spect,12.1924,0.000882,11.3914,0.000611,1,,tycho2v3,tycho2b3,,0.672792359480986,0.615954931342424,356.991272382449,-70.3674197321865,0.0203104676221794,0.0216380361282597,1,0,1725509978,6.386382001377498e+18,0.92007005
260372117,20190415,,8542-01163-1,168-007783,06220303-5629031,,J062203.05-562903.4,5.496146748204067e+18,27294020,,STAR,tmgaia2,95.5126322737367,-56.4842209705477,tmgaia2,19.65,0.039364,-33.818,0.041438,gaia2,3.69489,0.0217501,gaia2,265.281241523117,-26.2960849390074,107.081594441946,-79.5961073129558,11.51,0.121,10.927,0.008,,,,,,,,,,,9.497,0.024,9.162,0.024,9.1,0.021,AAA-222-111-000-0-0,,9.036,0.023,9.087,0.02,9.052,0.024,9.152,0.312,10.5185,0.00024,10.0677,0.006,rered,gaia2,5783.0,123.165,3.90078,0.0734401,,,1.89304,0.0848493,1.04,0.12539,0.153304,0.0307491,DWARF,3.6110034,0.1357515,268.551,1.5805,0.0325132,0.0098932,98,0.003102481,,,0.00311945076,0.0081581,0.0116283,schlegel,0.136343,0.114438,0.0832995,0.086399,0.0283568,0.0331413,0.0696963,0.0771838,0.105587,0.165916,1.572,1.589,bj2018,117.189,129.141,dered,10.8837,0.001232,10.023,0.00048,1,,tycho2v3,tycho2b3,,0.69284787772884,0.64265727535115,95.5127854959058,-56.484366575919,0.0188526347225025,0.0217534834167639,1,0,562922431,5.496146748204067e+18,0.96099484
183802334,20190415,,,071-001143,01222351-7550219,,J012223.59-755021.8,4.637685315192621e+18,34562301,,STAR,tmgaia2,20.5980485869308,-75.8394148808219,tmgaia2,27.3455,0.0398385,1.63879,0.032659,gaia2,1.83895,0.0205645,gaia2,300.425026826494,-41.13781138237,306.744991797946,-67.4939103602299,13.544,0.035,12.965,0.057,,,,,,,,,,,11.831,0.024,11.573,0.028,11.483,0.026,AAA-222-111-000-0-0,,11.442,0.023,11.463,0.02,11.286,0.125,9.031,,12.8284,0.00028,12.4158,0.006,rered,spect,6090.68,127.443,4.34542,0.0809434,-0.117628,0.0791535,1.18789,0.0571357,1.14,0.161215,0.680101,0.149624,DWARF,1.74949288,0.085072,535.418,5.9405,0.0471381,0.00997231,150,0.00939105,,,0.0005969708,0.0129293,0.00701532,schlegel,0.135242,0.187187,0.0570925,0.0571789,0.162058,0.13719,0.0937535,0.0681333,0.0777695,0.0923745,5.876,6.005,bj2018,129.383,125.503,spect,13.1416,0.001213,12.3564,0.000908,1,,ucac4,apassdr9,,0.783046125482251,0.506499144339299,20.5985298547718,-75.8394078253999,0.0212271386507701,0.0169783157642883,1,0,515214049,4.637685315192621e+18,1.0431266
204447070,20190415,,,281-221443,21434750-3356213,,J214347.52-335621.4,6.591368695786772e+18,17372226,,STAR,tmgaia2,325.947955248421,-33.9392636930976,tmgaia2,19.0059,0.0401994,-5.75151,0.0334994,gaia2,1.05101,0.0279334,gaia2,11.447863847959,-49.3740166510849,316.675667391492,-19.1144729287034,13.989,0.019,13.425,0.08,,,,,,,,,,,12.32,0.025,12.015,0.026,11.979,0.025,AAA-222-111-000-0-0,,11.948,0.023,11.992,0.023,11.827,0.255,8.75,,13.2936,0.000369,12.8959,0.006,rered,gaia2,6117.0,137.896,4.08521,0.0847021,,,1.60983,0.0849347,1.15,0.159738,0.27565,0.0632166,DWARF,3.2689538,0.213353,926.438,24.168,0.029978,0.00996584,65,0.000726153958,,,0.0001537221,0.00954138,0.0103903,schlegel,0.124495,0.194982,0.0912161,0.0786533,0.0474305,0.0790027,0.0753327,0.0940715,0.173801,0.252905,23.549,24.787,bj2018,124.3,151.492,dered,13.5925,0.002015,12.8367,0.000894,1,,ucac4,apassdr9,,0.651887416467828,0.5195887700749,325.948053883922,-33.939288456583,0.0237295316924283,0.0190154003759432,1,0,1716461072,6.591368695786772e+18,0.9674556
204441625,20190415,,7487-01010-1,299-245483,21421468-3018266,,J214214.67-301826.7,6.785403124808838e+18,17371361,,STAR,tmgaia2,325.56117281326,-30.3074262945943,tmgaia2,-1.22196,0.0736889,-3.65389,0.0700518,gaia2,2.64182,0.0507614,gaia2,16.9135974833126,-48.6936114530757,317.664891338496,-15.5922122285897,11.854,0.178,11.214,0.012,,,,,,,,,,,10.116,0.021,9.865,0.023,9.805,0.022,AAA-222-111-000-0-0,,9.773,0.023,9.809,0.02,9.75,0.053,8.823,0.466,11.0842,0.000456,10.6897,0.0087,rered,gaia2,6133.0,131.598,3.99782,0.0836604,,,1.78795,0.0856761,1.16,0.164237,0.202953,0.0457456,DWARF,4.07469368,0.229862,374.624,7.181,0.0288454,0.00948933,73,0.002275635,,,0.0005008738,0.00846106,0.0105176,panstarrs,0.157626,0.170847,0.0674482,0.103904,0.0534647,0.0380265,0.0963841,0.0709367,0.215459,0.244265,7.046,7.316,bj2018,129.566,133.631,dered,11.3888,0.001388,10.6394,0.001207,1,,tycho2v3,tycho2b3,,1.18406729004885,1.086626627532,325.561166719164,-30.307442026621,0.0419318924269849,0.0423023641557062,1,0,1716346929,6.785403124808838e+18,0.91089433
201295231,20190415,,8467-00212-1,166-000245,00133242-5655145,,J001332.46-565514.2,4.919328448462306e+18,27130374,,STAR,tmgaia2,3.38518045962048,-56.9207064619094,tmgaia2,19.7172,0.0354175,24.1285,0.0346173,gaia2,2.30676,0.0235824,gaia2,313.113216276653,-59.4521484551033,330.861728487762,-51.4066397647663,13.362,0.459,12.742,0.032,,,,,,,,,,,11.455,0.024,11.151,0.022,11.119,0.026,AAA-222-111-000-0-0,,11.056,0.023,11.105,0.021,11.218,0.139,9.146,,12.453,0.000168,12.0307,0.006,rered,gaia2,5866.0,128.122,4.33039,0.0774036,,,1.16545,0.0537437,1.06,0.13124,0.669614,0.140391,DWARF,1.448941,0.05999025,428.178,4.3565,0.00864156,0.01013031,41,0.00207029656,,,0.000557147141,0.0115648,0.00869582,schlegel,0.104079,0.1584,0.0529859,0.0545015,0.137754,0.143028,0.072046,0.0827612,0.0589769,0.0610036,4.313,4.4,bj2018,131.862,124.383,dered,12.7797,0.001262,11.9759,0.000814,1,,tycho2v3,tycho2b3,,0.624692718303399,0.536824201050528,3.38533599943116,-56.9206025754079,0.01791128822279,0.0165783967594839,1,0,508157397,4.919328448462306e+18,0.9875056
389447207,20190415,,7469-00322-1,266-190658,20484209-3656162,,J204842.09-365616.2,6.778346557965081e+18,19572485,,STAR,tmgaia2,312.175307726038,-36.9378353807751,tmgaia2,10.5211,0.0679313,-1.9071,0.0491018,gaia2,1.25625,0.0482596,gaia2,5.84807620049781,-38.4857182269015,304.442154848614,-18.4053133048143,12.362,0.24,11.894,0.017,,,,,,,,,,,10.972,0.024,10.713,0.024,10.649,0.023,AAA-222-111-000-0-0,,10.629,0.023,10.65,0.021,10.593,0.084,8.483,,11.8417,0.000323,11.4789,0.006,rered,gaia2,6364.0,128.852,3.76352,0.0940726,,,2.45007,0.142249,1.27,0.199577,0.0863517,0.0221497,DWARF,8.870961,0.8025635,779.517,29.598,0.0347422,0.0104545848,127,0.088040635,,,0.000179481547,0.00719837,0.0137108,schlegel,0.163954,0.2352,0.118896,0.165602,0.0177684,0.0265311,0.0698161,0.118329,0.839604,0.765523,28.496,30.7,bj2018,130.827,126.876,dered,12.1115,0.001029,11.4227,0.000648,1,,tycho2v3,tycho2b3,,1.11062824573143,0.761484851679577,312.175364400455,-36.9378435919136,0.0339012688199061,0.0248919559106418,1,0,1708599536,6.778346557965081e+18,0.93439645
167796170,20190415,,8908-00373-1,144-008596,06572005-6116398,,J065720.05-611639.4,5.479270511731029e+18,29893863,,STAR,tmgaia2,104.333599412772,-61.2777233712923,tmgaia2,-4.60405,0.0546018,30.4579,0.0452632,gaia2,1.64015,0.0248376,gaia2,271.50244343926,-22.8846163593936,146.632835942425,-81.8101415259571,12.131,0.295,11.887,0.023,,,,,,,,,,,10.92,0.021,10.769,0.025,10.716,0.025,AAA-222-111-000-0-0,,10.694,0.023,10.713,0.02,10.571,0.055,8.987,,11.665,0.000243,11.3812,0.006,rered,spect,7090.78,111.107,4.11974,0.0839664,-0.54325,0.0554973,1.80764,0.0721935,1.57,0.267464,0.265805,0.058707,DWARF,7.44209528,0.411406,599.251,8.988,0.107792,0.01005826,147,0.06163735,,,0.0014031789,0.00750932,0.0126072,schlegel,0.181086,0.353842,0.075902,0.0684849,0.0566741,0.0607398,0.0826846,0.0852483,0.392437,0.430375,8.856,9.12,bj2018,107.602,114.612,spect,11.8748,0.001252,11.3239,0.000968,1,,tycho2v3,tycho2b3,,0.983976812036818,0.702024912035052,104.333558163382,-61.2775922331225,0.0254362384477011,0.025000839619153,1,0,576726412,5.479270511731029e+18,0.8654384
238173165,20190415,,,096-088171,23500231-7056383,,J235002.28-705638.5,6.386323834635911e+18,34541642,,STAR,tmgaia2,357.509681780029,-70.9440040642294,tmgaia2,-17.4267,0.0431754,-11.3786,0.0447228,gaia2,1.29255,0.0279621,gaia2,309.993826450747,-45.3329997867314,309.980854724033,-59.4923196986662,13.366,0.066,12.769,0.069,,,,,,,,,,,11.577,0.023,11.26,0.023,11.233,0.023,AAA-222-111-000-0-0,,11.182,0.023,11.227,0.021,11.075,0.101,8.8,,12.6012,0.000219,12.1788,0.006,rered,spect,5842.61,191.456,3.8645,0.102342,-0.111936,0.0877922,1.98326,0.150905,1.05,0.138656,0.134603,0.0395192,DWARF,4.12933,0.2234955,756.955,16.1475,0.0255694,0.00980755,71,0.008307474,,,0.000263343652,0.012281,0.0073341,schlegel,0.147566,0.129746,0.165992,0.135817,0.0326149,0.0464235,0.0902718,0.114413,0.181841,0.26515,15.809,16.486,bj2018,198.306,184.607,spect,12.9278,0.001453,12.1236,0.0009869999,1,,ucac4,apassdr9,,0.822099759797433,0.693566874616965,357.509451968547,-70.9440530555665,0.0245438334436665,0.0224511869259818,1,0,1725728972,6.386323834635911e+18,1.0753129
176933102,20190415,,9177-00395-1,112-012248,06410041-6741059,,J064100.40-674105.6,5.280152293133886e+18,32459171,,STAR,tmgaia2,100.251781453219,-67.6849764145168,tmgaia2,-9.5786,0.0396936,29.6599,0.0369959,gaia2,2.16428,0.0192908,gaia2,277.986753544125,-25.9260040248636,200.437849048069,-85.8644522056339,12.132,0.276,11.687,0.019,,,,,,,,,,,10.653,0.023,10.449,0.024,10.375,0.019,AAA-222-111-000-0-0,,10.363,0.022,10.392,0.02,10.33,0.037,9.601,,11.5641,0.000175,11.1986,0.006,rered,spect,6167.98,129.65,4.02012,0.0859445,0.0514579,0.1,1.75757,0.0857864,1.18,0.170445,0.217341,0.0510523,DWARF,4.028042,0.1903165,455.98,4.0415,0.0441566,0.0100641847,185,0.0070549557,,,0.00163944624,0.0123463,0.00778207,schlegel,0.159462,0.181428,0.0932975,0.0782754,0.0520993,0.0500053,0.0951261,0.0767629,0.208182,0.172451,4.006,4.077,bj2018,140.35,118.949,spect,11.8403,0.001152,11.1457,0.001473,1,,tycho2v3,tycho2b3,,0.740991421168326,0.573753289156071,100.251672837654,-67.6848487122079,0.0187070072262898,0.0190650105902989,1,0,569246929,5.280152293133886e+18,0.92270803
139191469,20190415,113708,8011-00172-1,233-188170,23014506-4334255,,J230145.12-433425.6,6.540349741350417e+18,22081530,,STAR,tmgaia2,345.437849788901,-43.573770608224,tmgaia2,50.9015,0.0905781,-7.50123,0.0994658,gaia2,4.30096,0.0933176,gaia2,349.108580662222,-62.4543101981799,327.815699677375,-34.0524246116829,10.717,0.01,10.15,0.03,,,,,,,,,,,9.017,0.024,8.758,0.042,8.668,0.023,AAA-112-111-000-0-0,,8.642,0.022,8.686,0.02,8.627,0.026,8.439,0.322,9.98978,0.000326,9.5856,0.006,rered,spect,5445.6,117.405,3.68845,0.0787596,-0.7,0.07,2.31032,0.12496,0.95,0.118087,0.0770384,0.017241,DWARF,4.2288475,0.218832,231.122,5.026,0.00960609,0.01007784,49,0.00299932575,,,0.000817259541,0.00816758,0.0119881,schlegel,0.106975,0.129198,0.0971648,0.152755,0.0160917,0.0183903,0.0524982,0.105021,0.23562,0.202044,4.918,5.134,bj2018,141.277,93.5329,spect,10.3092,0.001323,9.54115,0.001167,1,,hipvmag,apassdr9,,1.51251613799271,1.54284458542749,345.438152291344,-43.573802905585,0.0410571185841582,0.0588996156771321,1,0,1722800469,6.540349741350417e+18,0.90581024
183801899,20190415,,,,01225567-7735141,,J012255.29-773515.0,4.635235672005261e+18,,,STAR,tmgaia2,20.7318871742696,-77.5872763412303,tmgaia2,-105.536,0.101368,-85.88,0.0699874,gaia2,11.6004,0.0406055,gaia2,300.748179170376,-39.4071509934194,302.246181917569,-67.8657083573731,,,18.09,0.2,,,,,,,,,,,13.086,0.024,12.565,0.022,12.287,0.024,AAA-222-111-000-0-0,,12.119,0.023,11.932,0.021,11.957,0.201,9.014,,15.884,0.000789,14.6336,0.00742377,cdwrf,cdwrf,3349.0,157.0,4.99278,0.0141851,,,0.245248,0.00748991,0.215735,0.0201686,14.6253,0.0436243,DWARF,0.0068165753,0.00170408981,85.991,0.30255,0.0,0.0,105,0.0219059773,,,0.00119216018,0.0,0.0,,,,,,,,,,,,0.3015,0.3036,bj2018,,,cdwrf,17.3611,0.006251,14.702,0.001793,1,,cdwrf,,cooldwarfs_v8,2.01643145712809,1.08535898417094,20.7297732573903,-77.5876461105248,0.0462582930629833,0.0346826668307408,1,0,515213724,4.635235672005261e+18,1.0684987
238809527,20190415,,,129-172662,21473442-6414108,,J214734.42-641410.8,6.402519739695904e+18,31752650,,STAR,tmgaia2,326.89342765825,-64.2363460221278,tmgaia2,5.77152,0.021324,4.26807,0.0280917,gaia2,2.2165,0.0197213,gaia2,328.14253553959,-42.8080626921357,302.294896665773,-47.0411372518659,13.816,0.022,13.295,0.114,,,,,,,,,,,11.988,0.027,11.688,0.023,11.64,0.019,AAA-222-111-000-0-0,,11.633,0.022,11.658,0.022,11.313,0.221,8.605,,13.0536,0.000296,12.6178,0.006,rered,spect,5712.69,112.27,4.44577,0.0756589,-0.106225,0.0722901,1.00104,0.0482789,1.02,0.131647,1.01684,0.20797,DWARF,0.961516,0.038178,445.384,3.9415,0.0306317,0.00984411,91,0.004259609,,,0.00049811753,0.0097039,0.00998432,schlegel,0.113981,0.149314,0.0459276,0.0506302,0.133366,0.282574,0.0743917,0.0769262,0.0410047,0.0353513,3.907,3.976,bj2018,112.583,111.957,spect,13.3904,0.000862,12.5597,0.00083,1,,ucac4,apassdr9,,0.390402378354747,0.43571526110045,326.893484828467,-64.2363276457263,0.010972608809825,0.0160011474591827,1,0,1716891517,6.402519739695904e+18,0.9965646
53812266,20190415,,,322-219980,21484850-2543354,,J214848.46-254335.0,6.811340226151024e+18,13850788,,STAR,tmgaia2,327.202067453407,-25.7265332419296,tmgaia2,21.2597,0.0349093,10.4123,0.0309601,gaia2,1.41968,0.0253867,gaia2,24.1783423360721,-49.3168316602095,320.674212219464,-11.7796442486747,14.155,0.026,13.631,0.15,,,,,,,,,,,12.288,,11.951,0.037,11.829,,UAU-626-030-0c0-0-0,,11.769,0.027,11.8,0.027,11.31,0.188,8.419,,13.3453,0.000213,12.8857,0.0084,rered,gaia2,5744.0,128.402,4.18953,0.0798571,,,1.3511,0.0657236,1.03,0.135187,0.417613,0.0908653,DWARF,1.79030728,0.08991545,690.512,12.1995,0.0366775,0.009177045,72,0.0110837836,,,0.000189169,0.00752289,0.0108312,panstarrs,0.0822839,0.188091,0.0589211,0.0725261,0.097863,0.0838676,0.086692,0.0730223,0.0898837,0.0899472,11.988,12.411,bj2018,119.518,137.286,dered,13.7066,0.000893,12.8282,0.000795,1,,ucac4,apassdr9,,0.55537774786968,0.480299104490077,327.202169059854,-25.7264884112284,0.0198503420261915,0.0200231801562041,1,0,1716973271,6.811340226151024e+18,0.9662054
260370506,20190415,,8538-00670-1,178-008073,06204359-5426389,,J062043.59-542638.5,5.499784997820348e+18,25182960,,STAR,tmgaia2,95.1816315162718,-54.444133028489,tmgaia2,6.88648,0.0402646,30.426,0.0408307,gaia2,4.73202,0.0210012,gaia2,263.007222190902,-26.110773652603,104.188436592468,-77.6280417470552,10.21,0.056,9.818,0.004,,,,,,,,,,,9.13,0.02,8.969,0.022,8.892,0.023,AAA-122-111-000-0-0,,8.836,0.023,8.859,0.02,8.844,0.023,9.001,0.33,9.7379,0.000267,9.4603,0.006,rered,gaia2,6958.0,137.186,4.2873,0.0863723,,,1.46658,0.058,1.52,0.26493,0.481863,0.106255,DWARF,4.54198837,0.214387,210.046,0.9335,0.0402364,0.00968209,93,0.0118084438,,,0.00567944348,0.00888388,0.0104803,schlegel,0.191884,0.337975,0.046,0.07,0.0756764,0.136833,0.0585636,0.114181,0.170065,0.258709,0.93,0.937,bj2018,191.3,83.0714,dered,9.95268,0.001992,9.42139,0.001839,1,,tycho2v3,tycho2b3,,0.702107101005434,0.633247736931223,95.1816825056119,-54.4440020276653,0.0195046358416472,0.0216991892773199,1,0,562290132,5.499784997820348e+18,0.9630097
53813315,20190415,,6956-00332-1,322-219985,21485349-2537221,,J214853.50-253722.1,6.8113892875615e+18,13850817,,STAR,tmgaia2,327.22286631597,-25.6228470772402,tmgaia2,19.5643,0.0595896,5.22557,0.0574705,gaia2,2.59715,0.0403893,gaia2,24.3398442641665,-49.3126405644791,320.72837551061,-11.6885954567804,12.144,0.296,11.53,0.02,,,,,,,,,,,10.606,0.022,10.255,0.021,10.171,0.023,AAA-222-111-000-0-0,,10.131,0.024,10.154,0.021,10.177,0.073,8.761,,11.784,0.000355,11.3027,0.0082,rered,gaia2,5596.0,127.019,4.01761,0.0792149,,,1.61452,0.0850706,0.99,0.124072,0.235234,0.0513901,DWARF,2.303006,0.1040523,380.919,5.9065,0.0336671,0.00884451,72,0.08698541,,,0.0003574021,0.00632282,0.0113662,panstarrs,0.122338,0.125807,0.100815,0.0693261,0.0419258,0.0608545,0.0682814,0.0901484,0.0819826,0.126122,5.816,5.997,bj2018,91.7795,162.259,dered,12.1698,0.000991,11.2473,0.000795,1,,tycho2v3,tycho2b3,,0.947826576680275,0.891573693031409,327.222959738287,-25.6228245782878,0.033914105250208,0.0373085332478131,1,0,1716974019,6.8113892875615e+18,1.3641438
389447249,20190415,,,266-190670,20490472-3650529,,J204904.72-365052.8,6.778352953173925e+18,19573007,,STAR,tmgaia2,312.269681417408,-36.848044880361,tmgaia2,-5.29136,0.040851,7.09318,0.0266406,gaia2,2.9786,0.0294044,gaia2,5.97450488559108,-38.5487557917433,304.545114618219,-18.3404175405092,14.122,0.04,13.27,0.08,,,,,,,,,,,11.912,0.026,11.511,0.025,11.443,0.023,AAA-222-111-000-0-0,,11.362,0.023,11.418,0.022,11.599,0.236,8.97,,13.1202,0.000473,12.6015,0.006,rered,gaia2,5358.0,121.402,4.56193,0.0799471,,,0.8362,0.0435678,0.93,0.119647,1.59057,0.352975,DWARF,0.519189358,0.0181365,332.546,3.2765,0.0287705,0.0100968052,105,0.0260653626,,,0.0004809769,0.0125791,0.00761451,schlegel,0.107677,0.131617,0.0474482,0.0396874,0.271478,0.434472,0.0768332,0.083061,0.0172856,0.0189874,3.245,3.308,bj2018,101.363,141.442,dered,13.5471,0.001371,12.5469,0.000966,1,,ucac4,apassdr9,,0.667701112712981,0.413144035421503,312.269652947744,-36.8480143402836,0.0200862122571053,0.013318678833665,1,0,1708806101,6.778352953173925e+18,1.001875
389442087,20190415,,9167-00661-1,098-011891,05440766-7025202,,J054407.68-702520.0,4.657160655469212e+18,33601037,,STAR,tmgaia2,86.0319886336067,-70.4222824886311,tmgaia2,9.3325,0.0499528,21.5554,0.056249,gaia2,5.06176,0.0283671,gaia2,280.943238176137,-31.0613067600596,288.807769097796,-85.8755394048597,10.215,0.054,9.663,0.004,,,,,,,,,,,8.54,0.029,8.247,0.034,8.225,0.021,AAA-112-111-000-0-0,,8.157,0.022,8.196,0.019,8.209,0.02,8.186,0.127,9.52706,0.000256,9.1288,0.0061,rered,gaia2,7499.0,131.475,4.1184,0.0771841,,,1.90046,0.0626859,1.73,0.287115,0.25204,0.0493217,DWARF,10.29024,0.4448035,196.444,1.103,0.335636,0.01049965,6289,0.0438123271,,,0.00493052229,0.0100327,0.0109666,schlegel,0.214279,0.35995,0.0493678,0.076004,0.0318363,0.0668071,0.0498583,0.10451,0.398754,0.490853,1.097,1.109,bj2018,147.921,115.03,dered,9.86095,0.002532,9.07467,0.002627,1,,tycho2v3,tycho2b3,,0.948012133210304,0.872340871525633,86.0321085481851,-70.4221896806977,0.0258946299102957,0.0289759968569,1,0,551448738,4.657160655469212e+18,0.7454314
238173524,20190415,,,093-080703,23504320-7128143,,J235043.35-712814.5,6.386214875609524e+18,34541799,,STAR,tmgaia2,357.680055776229,-71.4706476434485,tmgaia2,66.4478,0.041864,-24.995,0.0356831,gaia2,6.15458,0.0197211,gaia2,309.67286586185,-44.8544319517429,309.226754930639,-59.8603058758386,13.295,0.057,12.368,0.069,,,,,,,,,,,10.725,0.026,10.26,0.023,10.192,0.027,AAA-222-111-000-0-0,,10.125,0.023,10.201,0.02,10.128,0.047,8.818,,12.1347,0.000391,11.5454,0.006,rered,spect,5006.37,125.025,4.61068,0.0913782,0.0308271,0.0770859,0.746847,0.0487588,0.83,0.0993605,1.99243,0.518197,DWARF,0.315681815,0.01229895,161.721,0.52,0.0194823,0.01006077,93,0.00446904637,,,0.00171451457,0.00917474,0.0109468,schlegel,0.0993249,0.0993962,0.036201,0.0613166,0.422252,0.614143,0.0897445,0.0930119,0.0127262,0.0118717,0.518,0.522,bj2018,135.823,114.228,spect,12.6493,0.001681,11.4965,0.00121,1,,ucac4,apassdr9,,0.799655702787839,0.553377977747396,357.68095603835,-71.4707552629399,0.0201915480351131,0.0179107566282267,1,0,1725729331,6.386214875609524e+18,1.043629
201291603,20190415,,,171-000195,00110233-5555234,,J001102.37-555523.3,4.922656704519349e+18,27129431,,STAR,tmgaia2,2.75973157469908,-55.9231386048669,tmgaia2,32.8661,0.0309113,0.806998,0.0327871,gaia2,1.38421,0.021845,gaia2,314.36992591651,-60.2989402046193,331.432488430561,-50.4140277095622,13.891,0.023,13.107,0.103,,,,,,,,,,,11.796,0.023,11.468,0.024,11.373,0.023,AAA-222-111-000-0-0,,11.338,0.023,11.412,0.021,11.443,0.155,9.027,,12.9483,0.000279,12.4516,0.006,rered,gaia2,5415.0,129.658,3.88292,0.0846884,,,1.83712,0.104683,0.94,0.118603,0.151607,0.0362784,DWARF,2.614336,0.1149395,707.719,11.025,0.0104409,0.0103636,49,0.0012325712,,,0.000222252493,0.0105634,0.0101638,schlegel,0.112782,0.124425,0.0972236,0.112143,0.0223842,0.0501727,0.103188,0.0661889,0.111215,0.118664,10.856,11.194,bj2018,109.132,150.185,dered,13.355,0.001285,12.3996,0.001007,1,,ucac4,apassdr9,,0.542688086918021,0.508459589673175,2.75998412810577,-55.9231351305505,0.0160918472625961,0.0162438760956666,1,0,507941604,4.922656704519349e+18,1.0663681
350824057,20190415,,,163-006734,05581975-5730058,,J055819.75-573006.0,4.765555180311699e+18,27274589,,STAR,tmgaia2,89.5823232011187,-57.5016133604696,tmgaia2,3.13424,0.0525071,-25.9093,0.0461979,gaia2,1.69293,0.0237202,gaia2,265.948818554713,-29.6299871188351,88.5749930745053,-80.9388286917595,12.813,0.0,12.271,0.057,,,,,,,,,,,11.205,0.026,10.975,0.024,10.948,0.023,AAA-222-111-000-0-0,,10.863,0.023,10.887,0.021,10.862,0.07,9.116,,12.1677,0.000199,11.7811,0.006,rered,gaia2,6376.0,125.346,4.1105,0.0830732,,,1.64318,0.0726105,1.27,0.190286,0.286251,0.0632925,DWARF,4.02030849,0.2085425,580.842,8.064,0.0735509,0.0100356154,89,0.0337614641,,,0.00123978488,0.00787043,0.0122008,schlegel,0.172471,0.208101,0.0637357,0.0814854,0.0586011,0.0679838,0.0975424,0.068604,0.211718,0.205367,7.954,8.174,bj2018,101.349,149.343,dered,12.461,0.001258,11.7249,0.00066,1,,ucac4,apassdr9,,0.928574116945183,0.716504801537107,89.582348317908,-57.5017249144036,0.022497890039316,0.0250307346321787,1,0,555451121,4.765555180311699e+18,1.0534539
150442000,20190415,,8894-01056-1,143-007810,06313824-6125505,,J063138.23-612550.2,5.478516899589722e+18,29875565,,STAR,tmgaia2,97.9093484541489,-61.4307159320561,tmgaia2,-0.430837,0.0427111,26.3112,0.0421902,gaia2,2.17719,0.0217863,gaia2,270.943646267831,-25.9246255739913,127.667925140075,-83.8179573650166,12.024,0.374,11.873,0.032,,,,,,,,,,,10.554,0.022,10.259,0.025,10.194,0.021,AAA-222-111-000-0-0,,10.154,0.023,10.193,0.02,10.169,0.037,9.856,,11.5697,0.000246,11.1496,0.006,rered,gaia2,6045.0,127.121,3.96489,0.0785443,,,1.82473,0.0848995,1.12,0.148687,0.18434,0.039658,DWARF,4.005703,0.1808205,453.324,4.5115,0.0471887,0.00973645,121,0.0623401739,,,0.00160508626,0.0072492,0.0122237,schlegel,0.151586,0.145788,0.0821266,0.0876724,0.0380476,0.0412684,0.0873204,0.0697682,0.201592,0.160049,4.468,4.555,bj2018,129.079,125.164,dered,11.8973,0.001555,11.0974,0.00099,1,,tycho2v3,tycho2b3,,0.770318330675709,0.654300291593941,97.9093445752054,-61.4306026477219,0.0204254118514892,0.0214651831184099,1,0,565497302,5.478516899589722e+18,0.8355993
201291761,20190415,,,175-000184,00105437-5508253,,J001054.38-550825.5,4.92293842001462e+18,27129386,,STAR,tmgaia2,2.72655357277721,-55.1403728362813,tmgaia2,12.633,0.0362122,-4.95977,0.0341567,gaia2,7.55706,0.0254383,gaia2,314.916218378486,-61.0347827831356,332.165463347889,-49.7878962935854,16.062,0.184,14.879,0.126,,,,,,,,,,,11.841,0.026,11.205,0.022,11.024,0.021,AAA-222-111-000-0-0,,10.909,0.022,10.866,0.018,10.784,0.086,8.642,,14.105,0.000303,13.1011,0.00738026,cdwrf,cdwrf,3776.0,157.0,4.70562,0.00929196,,,0.536497,0.015958,0.532948,0.0203017,3.4513,0.176714,DWARF,0.0527177975,0.0119593134,131.823,0.4455,0.00810897,1.48345e-05,40,0.025222091,,,0.000930212031,1.48128e-05,1.48562e-05,schlegel,,,,,,,,,,,0.444,0.447,bj2018,,,cdwrf,15.1121,0.002095,13.1185,0.001634,1,,ucac4,bpbj,cooldwarfs_v8,0.633478905980436,0.529694768275884,2.72664873573395,-55.1403941908838,0.0190793913807876,0.0167821430848417,1,0,507941762,4.92293842001462e+18,1.0998411
350824806,20190415,,8524-01051-1,171-006924,05583482-5553216,,J055834.81-555321.4,4.7672498412642e+18,27274771,,STAR,tmgaia2,89.6450676175324,-55.8893400700255,tmgaia2,-0.0233157,0.0434861,16.2555,0.0394647,gaia2,3.37837,0.0220696,gaia2,264.107135453107,-29.4475405864112,88.9252182721682,-79.327297271683,11.984,0.256,11.636,0.018,,,,,,,,,,,10.416,0.024,10.227,0.027,10.141,0.021,AAA-222-111-000-0-0,,10.093,0.023,10.118,0.021,10.067,0.04,9.386,,11.2073,0.000398,10.8708,0.006,rered,gaia2,6626.0,133.592,4.44513,0.0919819,,,1.16944,0.048603,1.39,0.237828,0.869126,0.206616,DWARF,2.37495375,0.1137164,293.499,1.9155,0.0556635,0.0102865,99,0.06934406,,,0.00379012246,0.0104226,0.0101504,schlegel,0.199435,0.276222,0.0376261,0.0595799,0.202763,0.210469,0.0948204,0.0891433,0.128864,0.0985688,1.903,1.928,bj2018,150.948,116.236,dered,11.4588,0.001283,10.8179,0.000948,1,,tycho2v3,tycho2b3,,0.763287642139442,0.612047471492477,89.6450674385233,-55.8892700810666,0.0209641676334059,0.0205360819586472,1,0,556214859,4.7672498412642e+18,0.84102994
238177099,20190415,,9342-01622-1,100-105318,23530578-7000170,,J235305.79-700017.3,6.386775596475687e+18,34542360,,STAR,tmgaia2,358.274099096232,-70.004747173386,tmgaia2,2.63525,0.0425313,-18.9847,0.0417849,gaia2,3.06964,0.0267098,gaia2,310.092172514555,-46.3039498800071,311.727107776987,-59.1017568352658,11.528,0.124,11.15,0.009,,,,,,,,,,,10.18,0.023,9.964,0.022,9.923,0.023,AAA-222-111-000-0-0,,9.869,0.022,9.902,0.02,9.852,0.043,9.324,,11.0388,0.000431,10.6906,0.006,rered,spect,6098.5,111.485,4.10041,0.0780706,-0.79,0.12,1.58189,0.0686357,1.15,0.149123,0.290516,0.0609518,DWARF,3.11844587,0.130816,322.758,2.8035,0.0239928,0.01020093,54,0.004770806,,,0.0009870256,0.0113714,0.00903046,schlegel,0.122828,0.175418,0.0674553,0.0698161,0.0551589,0.0667446,0.0753132,0.0808281,0.137057,0.124575,2.78,2.827,bj2018,78.5422,144.427,spect,11.3018,0.001285,10.6414,0.000658,1,,tycho2v3,tycho2b3,,0.80517883462897,0.648064982511376,358.2741322779,-70.0048289130703,0.0246542911384999,0.022738486494653,1,0,1725949157,6.386775596475687e+18,0.9470766
204441989,20190415,,7487-01364-1,293-232442,21421471-3125371,,J214214.70-312537.0,6.593023224564276e+18,17371362,,STAR,tmgaia2,325.561278241082,-31.427003260217,tmgaia2,-0.739112,0.0865346,13.7884,0.0619349,gaia2,2.31228,0.0662605,gaia2,15.2282313209928,-48.8325203070273,317.267005779152,-16.6445176555232,12.383,0.274,11.548,0.02,,,,,,,,,,,10.473,0.024,10.12,0.023,10.064,0.023,AAA-222-111-000-0-0,,9.999,0.023,10.04,0.02,9.987,0.063,8.365,,11.6877,0.000432,11.1959,0.006,rered,gaia2,5506.0,127.77,3.84567,0.083298,,,1.94799,0.118593,0.97,0.123661,0.131224,0.0308171,DWARF,3.14203477,0.218511,427.617,12.221,0.026637,0.01020259,53,0.00206262525,,,0.000307281181,0.0132841,0.00712108,schlegel,0.113568,0.133754,0.120575,0.116611,0.0244999,0.0371342,0.10603,0.0605659,0.192065,0.244957,11.878,12.564,bj2018,123.842,131.698,dered,12.0878,0.00119,11.1436,0.000898,1,,tycho2v3,tycho2b3,,1.39421121629995,0.960628156291331,325.561274511715,-31.4269438934943,0.0487462666794685,0.0349832899793589,1,0,1716347293,6.593023224564276e+18,0.9921774
234336576,20190415,,,092-003481,02284812-7137285,,J022848.10-713728.5,4.644984663651211e+18,33531188,,STAR,tmgaia2,37.2004282581082,-71.6245969007004,tmgaia2,3.56121,0.0323415,2.25089,0.0273773,gaia2,0.815375,0.0160854,gaia2,292.613183613909,-43.5000943295597,321.097874660357,-71.1763291237884,13.651,0.017,13.156,0.08,,,,,,,,,,,11.992,0.024,11.721,0.027,11.668,0.025,AAA-222-111-000-0-0,,11.628,0.022,11.671,0.021,11.547,0.141,9.375,,12.9813,0.000458,12.5773,0.006,rered,spect,5934.38,131.404,3.66811,0.0822433,-0.0983497,0.0831329,2.52168,0.138508,1.08,0.136846,0.0673527,0.0152942,DWARF,7.10518551,0.3846765,1184.23,22.725,0.026492,0.0100820754,63,0.007262346,,,0.000199845861,0.0119712,0.00819295,schlegel,0.106958,0.166735,0.141778,0.135237,0.0133905,0.0171979,0.0767667,0.0877199,0.474431,0.294922,22.29,23.16,bj2018,136.814,125.993,spect,13.2866,0.000983,12.5185,0.001378,1,,ucac4,apassdr9,,0.618387416197904,0.424563680227441,37.200476896945,-71.6245872093746,0.0166028557044852,0.0135264984325657,1,0,518777768,4.644984663651211e+18,1.0738628
238809641,20190415,,,131-177948,21471684-6352114,,J214716.84-635211.4,6.402721916693191e+18,31752553,,STAR,tmgaia2,326.820213361635,-63.869844191981,tmgaia2,0.227238,0.031939,5.63445,0.0502967,gaia2,1.22887,0.0292686,gaia2,328.600832315105,-42.9583274679504,302.515182303493,-46.7054698890585,13.547,0.011,13.046,0.08,,,,,,,,,,,11.914,0.027,11.673,0.022,11.611,0.021,AAA-222-111-000-0-0,,11.605,0.024,11.612,0.022,11.702,0.268,8.621,,12.8965,0.000301,12.5101,0.006,rered,spect,6010.87,123.681,4.0057,0.0814334,-0.332135,0.0748785,1.73319,0.0884924,1.11,0.139935,0.213199,0.0493433,DWARF,3.53293347,0.21995,795.435,18.6675,0.0355938,0.00958278,82,0.0402384959,,,0.000224386618,0.00729866,0.0118669,schlegel,0.102864,0.177007,0.0737648,0.10322,0.0348611,0.0638255,0.0552568,0.10761,0.274063,0.165837,18.238,19.097,bj2018,96.9832,150.379,spect,13.1843,0.001169,12.4502,0.000648,1,,ucac4,apassdr9,,0.583565240604456,0.779946527879397,326.82021558316,-63.8698199325433,0.0160722164648253,0.0232856056353304,1,0,1716891617,6.402721916693191e+18,0.9725143
115191330,20190415,,,264-186573,21101261-3721324,,J211012.63-372132.6,6.775985395401424e+18,19591753,,STAR,tmgaia2,317.552588858983,-37.3590085841233,tmgaia2,2.22744,0.0628746,-11.6016,0.0549781,gaia2,2.45395,0.0406179,gaia2,5.87864608236184,-42.791792341299,308.643990304761,-20.0808533237085,13.27,0.025,12.625,0.057,,,,,,,,,,,11.44,0.024,11.173,0.023,11.118,0.026,AAA-222-111-000-0-0,,10.993,0.024,11.043,0.02,11.103,0.125,8.99,,12.4782,0.000128,12.0376,0.006,rered,gaia2,5893.0,130.092,4.36841,0.0769788,,,1.12078,0.0558593,1.07,0.132099,0.760021,0.161515,DWARF,1.36483264,0.0631469,402.92,6.6465,0.0429428,0.00977666,91,0.07401851,,,0.0004086426,0.0126035,0.00694982,schlegel,0.138737,0.125462,0.0598965,0.0518221,0.142471,0.180558,0.069681,0.0842767,0.0577952,0.0684986,6.539,6.754,bj2018,109.737,150.448,dered,12.8241,0.001051,11.9838,0.000547,1,,ucac4,apassdr9,,1.02929066588755,0.852604918876701,317.55260092463,-37.3590585354576,0.0334886290459077,0.0275235302322088,1,0,1712338738,6.775985395401424e+18,0.90554917
139190424,20190415,,8448-01175-1,213-203316,23003942-4725081,,J230039.41-472508.0,6.515499339751119e+18,24600157,,STAR,tmgaia2,345.16424070765,-47.4188947732451,tmgaia2,-2.14652,0.0479533,1.17885,0.0674722,gaia2,4.0854,0.0626607,gaia2,342.384907812352,-60.3372462121215,325.362688674949,-37.3473336701115,13.323,0.431,11.88,0.068,,,,,,,,,,,10.921,0.023,10.604,0.025,10.532,0.023,AAA-222-111-000-0-0,,10.48,0.023,10.514,0.021,10.421,0.087,8.74,,12.0143,0.000222,11.5695,0.006,rered,gaia2,5718.0,131.954,4.5822,0.0802813,,,0.855528,0.0448643,1.02,0.126603,1.62891,0.368948,DWARF,0.704920352,0.0344148,243.139,3.7335,0.00785919,0.01021713,51,0.0240385979,,,0.0009943886,0.00832696,0.0121073,schlegel,0.10918,0.144026,0.042002,0.0477266,0.399238,0.338659,0.0866617,0.0739008,0.0237376,0.045092,3.677,3.79,bj2018,168.669,95.2397,dered,12.3636,0.001325,11.5146,0.000744,1,,tycho2v3,tycho2b3,,0.8121910925294,1.04663330891623,345.164227048903,-47.4188896976417,0.0253742897040064,0.0412758211079506,1,0,1722799424,6.515499339751119e+18,0.95678836
238176437,20190415,,9342-01280-1,094-080115,23512598-7119106,,J235125.99-711910.6,6.386220579326088e+18,34541986,,STAR,tmgaia2,357.858260244289,-71.3196139428516,tmgaia2,3.54482,0.0377266,0.557088,0.0344063,gaia2,1.23069,0.0219538,gaia2,309.666806888237,-45.0157550510322,309.533751000956,-59.8128844622028,12.3,0.3,11.983,0.022,,,,,,,,,,,11.2,0.026,10.975,0.025,10.904,0.023,AAA-222-111-000-0-0,,10.862,0.023,10.902,0.019,10.79,0.086,8.935,,12.1235,0.000155,11.7361,0.006,rered,spect,6077.66,119.89,3.73813,0.0798652,0.166566,0.0758529,2.39012,0.115457,1.14,0.153232,0.0834923,0.0184146,DWARF,7.02230024,0.36735,794.026,13.9485,0.0277665,0.009955325,63,0.009813569,,,0.000263749884,0.00990965,0.010001,schlegel,0.141052,0.165413,0.101022,0.129892,0.0160737,0.0207555,0.0839739,0.0757564,0.34651,0.38819,13.708,14.189,bj2018,130.148,109.632,spect,12.4195,0.00123,11.6838,0.000534,1,,tycho2v3,tycho2b3,,0.719992887118536,0.533603592979465,357.858307896357,-71.3196115442843,0.0200402022712283,0.0180668465724305,1,0,1725731594,6.386220579326088e+18,0.97134954
350824794,20190415,,,171-006914,05581897-5555179,,J055818.97-555517.7,4.76724458422423e+18,27274569,,STAR,tmgaia2,89.5790699409202,-55.9216539202888,tmgaia2,-2.22186,0.0451414,18.8889,0.0401069,gaia2,1.17533,0.0230782,gaia2,264.139833919613,-29.4875707092404,88.7226379145554,-79.3590688981873,13.382,0.031,12.929,0.114,,,,,,,,,,,11.904,0.029,11.729,0.031,11.64,0.026,AAA-222-111-000-0-0,,11.618,0.023,11.642,0.022,11.735,0.186,9.418,,12.7954,0.000217,12.4473,0.006,rered,gaia2,6650.0,130.403,4.16128,0.0884285,,,1.62726,0.0772488,1.4,0.228782,0.324905,0.0761418,DWARF,4.66547728,0.2943675,830.468,16.0385,0.0786859,0.0101558352,84,0.003892739,,,0.0008638916,0.00743297,0.0128787,schlegel,0.193,0.264563,0.0730573,0.0814402,0.064457,0.0878265,0.0940932,0.0827639,0.324866,0.263869,15.735,16.342,bj2018,140.104,120.702,dered,13.0553,0.001414,12.391,0.001041,1,,ucac4,apassdr9,,0.792469762109162,0.6220079550355,89.579052868106,-55.921572593081,0.0220912026067002,0.0208933636387737,1,0,555451164,4.76724458422423e+18,1.0382481
167797289,20190415,,,149-008781,06584463-6018158,,J065844.63-601815.8,5.479580539650543e+18,29895021,,STAR,tmgaia2,104.685953137344,-60.3044023247976,tmgaia2,2.33823,0.0419483,5.1536,0.0434817,gaia2,1.27312,0.0202928,gaia2,270.534885863295,-22.4605277310115,143.149586474223,-80.9700749195961,13.095,0.066,12.66,0.103,,,,,,,,,,,11.533,0.024,11.272,0.025,11.222,0.025,AAA-222-111-000-0-0,,11.154,0.023,11.174,0.02,11.262,0.103,9.216,,12.4569,0.000185,12.0757,0.006,rered,gaia2,6490.0,136.517,4.01461,0.0899625,,,1.87782,0.0886482,1.33,0.216791,0.200857,0.0471113,DWARF,5.636156,0.308701,768.134,12.0655,0.0919752,0.01031594,139,0.0281988,,,0.000845934439,0.00873288,0.011899,schlegel,0.157684,0.275898,0.0871085,0.0901879,0.0422663,0.0519563,0.100248,0.079677,0.288082,0.32932,11.88,12.251,bj2018,119.359,153.675,dered,12.743,0.001552,12.0158,0.001196,1,,ucac4,apassdr9,,0.752181450074882,0.674291924233862,104.685973459394,-60.3043801356879,0.01903520337988,0.0209513282319255,1,0,577771900,5.479580539650543e+18,1.3717833
234338145,20190415,,,116-002197,02290561-6649452,,J022905.69-664945.0,4.696292480408339e+18,31803925,,STAR,tmgaia2,37.2734229967003,-66.8292165139689,tmgaia2,37.9016,0.0404597,13.8278,0.0380741,gaia2,1.89912,0.0217492,gaia2,288.984095890626,-47.5677957063283,334.841669767486,-69.7618220286459,13.38,0.014,12.786,0.103,,,,,,,,,,,11.524,0.023,11.2,0.027,11.175,0.028,AAA-222-111-000-0-0,,11.105,0.023,11.155,0.021,10.961,0.078,9.391,,12.6005,0.000239,12.1579,0.006,rered,gaia2,5816.0,132.269,4.18167,0.0792208,,,1.37656,0.0702814,1.05,0.127725,0.402534,0.0894051,DWARF,1.95336616,0.0831643,518.702,5.8965,0.0278932,0.0101265348,59,0.00694395229,,,0.0005811371,0.0104883,0.00976477,schlegel,0.152417,0.103034,0.0780487,0.0625141,0.106128,0.0726823,0.0866505,0.0717911,0.0724758,0.0938528,5.831,5.962,bj2018,150.069,114.469,dered,12.9468,0.001517,12.1025,0.000881,1,,ucac4,apassdr9,,0.751590520798638,0.590444828020413,37.2738377325926,-66.8291569781503,0.0204858146815892,0.0187025096966279,1,0,518778939,4.696292480408339e+18,1.2118025
280914253,20190415,,,049-004375,06500224-8022517,,J065002.23-802251.6,5.207772507827634e+18,35118395,,STAR,tmgaia2,102.509323200175,-80.3810369112554,tmgaia2,-1.44559,0.034795,8.4658,0.034396,gaia2,1.03884,0.0204333,gaia2,292.144951472281,-26.7746044377466,261.511973686906,-75.8061701611548,13.52,0.036,13.057,0.046,,,,,,,,,,,11.681,0.024,11.463,0.026,11.366,0.023,AAA-222-111-000-0-0,,11.33,0.023,11.343,0.02,11.194,0.082,9.733,,12.8172,0.00022,12.3949,0.006,rered,gaia2,6742.0,131.904,3.95621,0.0886794,,,2.08983,0.0945778,1.44,0.245529,0.157773,0.0365456,DWARF,8.129607,0.508909,936.651,18.064,0.211943,0.009997555,117,0.008986586,,,0.00042022203,0.00720921,0.0127859,schlegel,0.152405,0.338653,0.0815055,0.10765,0.0327319,0.0403594,0.081608,0.0957508,0.61072,0.407098,17.722,18.406,bj2018,147.441,116.368,dered,13.1427,0.001575,12.3292,0.00075,1,,ucac4,apassdr9,,0.706227843681988,0.533498396932403,102.509285951512,-80.3810004612852,0.01757490012108,0.0196064398972206,1,0,573719002,5.207772507827634e+18,1.0578928
260370660,20190415,,8534-01023-1,180-007940,06212004-5409597,,J062120.04-540959.6,5.499803277201086e+18,25183080,,STAR,tmgaia2,95.3335116440926,-54.1666285738267,tmgaia2,-0.317244,0.0458496,19.5571,0.0424562,gaia2,2.69185,0.02417,gaia2,262.722678917598,-25.9711264833866,104.376157951309,-77.3395859910662,13.523,0.474,12.606,0.037,,,,,,,,,,,11.336,0.024,10.955,0.022,10.927,0.023,AAA-222-111-000-0-0,,10.875,0.022,10.915,0.02,10.886,0.068,9.475,,12.3982,0.000188,11.9406,0.006,rered,gaia2,5876.0,128.973,4.38317,0.0767322,,,1.09674,0.05201,1.06,0.135514,0.803522,0.170329,DWARF,1.29189539,0.05319265,367.571,3.2905,0.0645449,0.00993426,95,0.0176593885,,,0.00173563242,0.0120411,0.00782742,schlegel,0.14214,0.128889,0.0502769,0.0537432,0.1626,0.178058,0.0725369,0.0809276,0.0436449,0.0627404,3.261,3.32,bj2018,144.867,113.079,dered,12.7615,0.001427,11.8875,0.000838,1,,tycho2v3,tycho2b3,,0.798477050755638,0.658570739560844,95.3335093109157,-54.1665443696455,0.0212519041998184,0.0256485155614662,1,0,562290286,5.499803277201086e+18,1.0660142
238809137,20190415,,,123-181072,21474764-6534251,,J214747.71-653425.3,6.401918517290522e+18,33060065,,STAR,tmgaia2,326.948541832208,-65.5736621885218,tmgaia2,36.5123,0.0378569,-22.4374,0.046561,gaia2,1.85353,0.0321681,gaia2,326.553931631558,-42.1626160197943,301.343482795794,-48.2149766593932,13.329,0.033,12.905,0.195,,,,,,,,,,,11.611,0.028,11.285,0.025,11.245,0.028,AAA-222-111-000-0-0,,11.188,0.023,11.216,0.021,11.156,0.19,8.282,,12.6306,0.000169,12.2084,0.006,rered,spect,5747.62,125.4,4.14159,0.0802531,-0.483172,0.0716174,1.42776,0.0766532,1.03,0.131271,0.353889,0.0792383,DWARF,2.00428867,0.1071625,531.408,9.156,0.0280736,0.01016085,82,0.00732497824,,,0.0003553014,0.0102914,0.0100303,schlegel,0.084507,0.178035,0.0661095,0.087197,0.0707352,0.0877413,0.0773838,0.0831224,0.087715,0.12661,9.001,9.311,bj2018,102.229,148.572,spect,12.9523,0.001048,12.1486,0.000703,1,,ucac4,apassdr9,,0.698241884986677,0.722188361841912,326.94892199419,-65.5737587944634,0.0192637131822232,0.0266764926415458,1,0,1716891167,6.401918517290522e+18,1.0679207
280911367,20190415,,,050-004520,06482626-8003042,,J064826.30-800304.0,5.207841811419836e+18,35222702,,STAR,tmgaia2,102.109491947447,-80.051197198967,tmgaia2,2.50131,0.0272279,24.6029,0.0296921,gaia2,3.50328,0.0164319,gaia2,291.770652881493,-26.8168235181502,261.298505107275,-76.1389350671458,14.513,0.081,13.56,0.057,,,,,,,,,,,11.745,0.024,11.238,0.022,11.137,0.023,AAA-222-111-000-0-0,,11.051,0.023,11.113,0.021,11.005,0.076,9.135,,13.2414,0.00032,12.6193,0.006,rered,gaia2,5167.0,125.582,4.53352,0.0828977,,,0.835671,0.0470075,0.87,0.104412,1.49078,0.359209,DWARF,0.448455185,0.01488725,283.113,1.327,0.131948,0.0102099748,109,0.03870437,,,0.0015597624,0.012636,0.00778395,schlegel,0.0863929,0.122431,0.0532327,0.0407824,0.352955,0.365463,0.0872493,0.0785461,0.0143265,0.015448,1.321,1.333,bj2018,97.1875,153.976,dered,13.7765,0.002673,12.5664,0.001823,1,,ucac4,apassdr9,,0.551299163508111,0.460562282384967,102.109554282611,-80.0510912698191,0.0136363029030864,0.0175561435585178,1,0,572823438,5.207841811419836e+18,0.9471753
261259695,20190415,,,043-003484,05590379-8133115,,J055903.82-813311.3,4.621432162512787e+18,35223716,,STAR,tmgaia2,89.7657655136209,-81.5532232045235,tmgaia2,7.68891,0.0322224,23.5902,0.0398641,gaia2,1.29181,0.0175223,gaia2,293.541900793418,-28.7281242877575,270.132981690477,-75.0073873281731,13.591,0.031,12.919,0.08,,,,,,,,,,,11.594,0.022,11.292,0.022,11.224,0.021,AAA-222-111-000-0-0,,11.175,0.023,11.203,0.02,11.266,0.106,9.352,,12.7677,0.000204,12.2903,0.006,rered,gaia2,6211.0,127.868,3.94112,0.0834925,,,1.94117,0.0910174,1.2,0.162287,0.164055,0.0361843,DWARF,5.05205774,0.2438255,757.224,10.1235,0.172518,0.0102061,119,0.0858978555,,,0.000446433027,0.0100264,0.0103858,schlegel,0.129867,0.194707,0.113461,0.0685739,0.0287246,0.0436441,0.0877455,0.0792396,0.231396,0.256255,9.991,10.256,bj2018,115.807,139.928,dered,13.1467,0.001228,12.2321,0.000759,1,,ucac4,apassdr9,,0.659767051285406,0.618241837498287,89.7659908855815,-81.5531216356704,0.0171840618954398,0.0207492289412291,1,0,555656846,4.621432162512787e+18,1.005051
350820253,20190415,,8520-01288-1,180-006954,05574444-5410347,,J055744.44-541034.4,4.767828145724242e+18,26161340,,STAR,tmgaia2,89.4351595624875,-54.1763216110788,tmgaia2,8.55735,0.0405981,26.9733,0.0484472,gaia2,2.18687,0.0213507,gaia2,262.137090956863,-29.3836479643092,88.4587725532494,-77.6125811316107,12.686,0.355,11.978,0.025,,,,,,,,,,,10.917,0.023,10.693,0.022,10.622,0.019,AAA-222-111-000-0-0,,10.593,0.023,10.635,0.02,10.645,0.058,9.195,,11.8183,0.000197,11.4367,0.006,rered,gaia2,6403.0,134.594,4.20531,0.0912758,,,1.48482,0.0683819,1.29,0.200576,0.394064,0.0943815,DWARF,3.33869958,0.1675025,451.337,4.382,0.0723304,0.0107663553,63,0.0105567556,,,0.00161276734,0.0148219,0.00671081,schlegel,0.166519,0.234634,0.0694819,0.0672819,0.0838471,0.104916,0.0926831,0.0898684,0.121864,0.213141,4.34,4.424,bj2018,146.242,122.946,dered,12.113,0.001273,11.3863,0.001058,1,,tycho2v3,tycho2b3,,0.707053532337659,0.751246005111724,89.4352225124256,-54.1762054760526,0.0188779592182987,0.0217322874489708,1,0,555381692,4.767828145724242e+18,0.91011316
167089685,20190415,,,094-010400,06225013-7115131,,J062250.12-711512.8,5.266384620852733e+18,33616476,,STAR,tmgaia2,95.7088693992798,-71.2536395618181,tmgaia2,-3.81127,0.0417688,20.6783,0.0454159,gaia2,1.39329,0.0224482,gaia2,281.788459375075,-27.8655122579717,248.999067824547,-84.8822317943051,13.52,0.037,13.048,0.057,,,,,,,,,,,11.887,0.022,11.652,0.025,11.574,0.026,AAA-222-111-000-0-0,,11.559,0.023,11.576,0.021,11.509,0.077,9.648,,12.8369,0.000249,12.4527,0.006,rered,spect,6202.77,120.82,4.13553,0.0861281,-0.0162717,0.1,1.54541,0.0748719,1.19,0.17101,0.322415,0.0761021,DWARF,3.185118,0.1737795,703.228,11.1865,0.0728798,0.01003484,643,0.0473556221,,,0.0009118617,0.00998908,0.0100806,schlegel,0.146573,0.195447,0.0546945,0.0950492,0.0760946,0.0761096,0.0809227,0.0913335,0.158449,0.18911,11.012,11.361,bj2018,102.377,139.263,spect,13.1278,0.0012,12.3963,0.001262,1,,ucac4,apassdr9,,0.796840614036131,0.704316655475879,95.7088183392577,-71.2535505302549,0.0233627144549506,0.0228330180467959,1,0,562857010,5.266384620852733e+18,1.1452645
389449537,20190415,,,253-192452,20491997-3925369,,J204919.94-392537.0,6.678755685236864e+18,19573342,,STAR,tmgaia2,312.333231280316,-39.4269375257523,tmgaia2,-41.6135,0.0478877,-3.83401,0.0353478,gaia2,1.29917,0.0358678,gaia2,2.69753653639751,-38.8908565441183,303.8180079426,-20.8271824871493,13.522,0.011,13.15,0.069,,,,,,,,,,,12.203,0.024,11.998,0.028,11.892,0.023,AAA-222-111-000-0-0,,11.9,0.023,11.916,0.022,11.784,0.26,8.459,,13.0002,0.000275,12.6752,0.006,rered,gaia2,6647.0,126.114,4.36559,0.0907897,,,1.28619,0.0624674,1.4,0.229055,0.657982,0.155365,DWARF,2.90942335,0.209263,753.658,20.5455,0.042958,0.0108235,98,0.002192129,,,0.0002562183,0.0122318,0.0094152,schlegel,0.190173,0.267938,0.0504106,0.0745241,0.183132,0.127599,0.0982503,0.0833291,0.249667,0.168859,19.996,21.095,bj2018,120.094,132.134,dered,13.2319,0.001248,12.6136,0.000794,1,,ucac4,apassdr9,,0.788798854586409,0.548189639355603,312.332999326532,-39.4269540335258,0.0227522522722702,0.0180953694081124,1,0,1708808118,6.678755685236864e+18,1.1366491
53815476,20190415,,,315-245912,21494417-2706566,,J214944.18-270657.0,6.81035148602377e+18,13851066,,STAR,tmgaia2,327.434081873655,-27.1157821492145,tmgaia2,5.41615,0.180365,-25.6937,0.211628,gaia2,1.98591,0.0845932,gaia2,22.145335555507,-49.8008291979801,320.386219234902,-13.1559114713944,12.868,0.014,12.3,0.069,,,,,,,,,,,11.02,0.024,10.668,0.023,10.601,0.022,AAA-222-111-000-0-0,,10.57,0.022,10.609,0.021,10.619,0.107,8.384,,12.0812,0.0002,11.6441,0.0076,rered,gaia2,5842.0,128.583,4.02088,0.0865616,,,1.65648,0.106614,1.05,0.132788,0.23101,0.0574072,DWARF,2.87947583,0.2664105,497.471,21.14,0.0256047,0.0070529,68,0.0132945832,,,0.000275773084,0.00831261,0.00579319,panstarrs,0.122133,0.143443,0.109916,0.103311,0.0492228,0.0655916,0.0699241,0.103199,0.228349,0.304472,20.259,22.021,bj2018,116.115,141.052,dered,12.4189,0.00145,11.5857,0.000906,1,,ucac4,apassdr9,,2.87769867235448,3.28291189427373,327.43410807281,-27.1158927748706,0.104609771632264,0.132572285217947,1,0,1717073207,6.81035148602377e+18,1.2028006
261257244,20190415,,,041-003231,05580835-8154377,,J055808.28-815437.7,4.621397253018642e+18,35318391,,STAR,tmgaia2,89.5349851337077,-81.9104944134288,tmgaia2,-20.0204,0.029921,8.94626,0.033432,gaia2,6.82273,0.0153906,gaia2,293.950226550104,-28.7056392761153,270.247173547226,-74.6498252517857,14.784,0.023,13.361,0.069,,,,,,,,,,,11.211,0.024,10.597,0.026,10.445,0.023,AAA-222-111-000-0-0,,10.37,0.024,10.431,0.02,10.35,0.055,9.199,,13.0453,0.000386,12.2717,0.006,rered,gaia2,4339.0,128.051,4.58571,0.105775,,,0.695722,0.0611005,0.68,0.0822908,2.0193,0.64203,DWARF,0.154569834,0.009809485,145.95,0.3305,0.0625336,0.00957813,110,0.00501938537,,,0.00204503164,0.00872206,0.0104342,schlegel,0.0540235,0.110558,0.0445945,0.0776065,0.522365,0.761694,0.0852502,0.1263,0.00948737,0.0101316,0.33,0.331,bj2018,125.998,130.104,dered,13.7918,0.001878,12.2178,0.000713,1,,ucac4,apassdr9,,0.614292739398343,0.518483046783915,89.5343725767898,-81.9104558952653,0.015717420091398,0.0172503735128082,1,0,555656742,4.621397253018642e+18,1.0949334
53811916,20190415,,,317-235740,21484159-2645479,,J214841.57-264548.8,6.810504077621861e+18,13850755,,STAR,tmgaia2,327.173286745013,-26.7633599266538,tmgaia2,-17.4727,0.0387921,-76.7617,0.0391866,gaia2,3.95455,0.0266669,gaia2,22.6107135545036,-49.5050611020886,320.286382349951,-12.7450730151408,14.325,0.016,13.51,0.08,,,,,,,,,,,11.802,0.021,11.293,0.023,11.196,0.022,AAA-222-111-000-0-0,,11.16,0.023,11.212,0.022,11.248,0.197,8.501,,13.2067,0.000219,12.6317,0.006,rered,gaia2,5023.0,129.969,4.66875,0.0902801,,,0.70065,0.0464723,0.835,0.0988035,2.42763,0.634041,DWARF,0.281546116,0.00944326,251.051,1.6935,0.0182956,0.00418004,67,0.000953292,,,0.000598911254,0.00542138,0.0029387,panstarrs,0.111512,0.086095,0.0423266,0.0506181,0.546271,0.721811,0.0758872,0.104673,0.00994625,0.00894027,1.682,1.705,bj2018,131.552,128.386,dered,13.6939,0.001164,12.5721,0.001034,1,,ucac4,apassdr9,,0.618479710230504,0.607906734211395,327.173202489358,-26.7636904284453,0.0228276284750344,0.0250038277124487,1,0,1716972921,6.810504077621861e+18,1.0189276
260372065,20190415,,8542-01339-1,169-007503,06220538-5622027,,J062205.38-562202.5,5.496195985708862e+18,27294065,,STAR,tmgaia2,95.5224197990484,-56.3674324852083,tmgaia2,-2.25677,0.0472846,11.9014,0.0469564,gaia2,1.76827,0.0233923,gaia2,265.154069618688,-26.2702532327502,106.97525118847,-79.4807989965287,11.691,0.155,11.208,0.011,,,,,,,,,,,10.435,0.024,10.165,0.022,10.142,0.023,AAA-222-111-000-0-0,,10.107,0.022,10.126,0.019,10.129,0.042,9.165,,11.2655,0.000432,10.9178,0.006,rered,spect,6257.53,131.648,3.7647,0.0839287,0.0,0.12,2.39809,0.117739,1.22,0.168603,0.0884635,0.0204126,DWARF,7.94395828,0.3905995,556.492,7.3,0.0471683,0.009861325,101,0.020590594,,,0.00126418856,0.0103102,0.00941245,schlegel,0.127207,0.21,0.153024,0.0824533,0.0192524,0.0215729,0.0908056,0.0770519,0.42366,0.357539,7.206,7.394,bj2018,135.716,127.581,spect,11.5252,0.001013,10.864,0.000985,1,,tycho2v3,tycho2b3,,0.831751177872578,0.728252202650097,95.5224022556933,-56.3673812430705,0.0206379020268589,0.0249640653555993,1,0,562922421,5.496195985708862e+18,0.9394533
150275309,20190415,,8898-00588-1,135-008122,06200563-6306299,,J062005.69-630629.5,5.478088403589515e+18,29868134,,STAR,tmgaia2,95.023542980653,-63.1083131944724,tmgaia2,27.5521,0.0492417,32.4016,0.0454532,gaia2,7.19647,0.0233278,gaia2,272.593754313498,-27.4876298108564,124.042263067905,-85.9429239201419,10.189,0.055,9.662,0.004,,,,,,,,,,,8.672,0.024,8.447,0.033,8.377,0.023,AAA-112-111-000-0-0,,8.352,0.023,8.386,0.02,8.364,0.019,8.394,0.154,9.49508,0.000294,9.1441,0.006,rered,gaia2,6387.0,126.833,4.34965,0.0879945,,,1.2526,0.0539498,1.28,0.208764,0.651285,0.147757,DWARF,2.35238457,0.105873048,138.402,0.45,0.0221099,0.009985005,146,0.03112553,,,0.009180056,0.0113905,0.00857951,schlegel,0.146986,0.270543,0.0460236,0.0618759,0.116784,0.17873,0.068148,0.107841,0.126455,0.0852911,0.449,0.451,bj2018,139.507,114.159,dered,9.76919,0.001367,9.10355,0.001457,1,,tycho2v3,tycho2b3,,0.895956336149276,0.704984441976053,95.0238052528279,-63.1081736878251,0.0224505049219197,0.0254588181800923,1,0,562194993,5.478088403589515e+18,0.87849194
293527873,20190415,,,063-032242,23292805-7728517,,J232928.09-772851.7,6.353372948620169e+18,35111424,,STAR,tmgaia2,352.366739380219,-77.4810255424584,tmgaia2,19.5811,0.0293939,-4.01953,0.0247049,gaia2,1.38602,0.0155411,gaia2,308.515474978312,-38.7446367130723,297.385076878947,-62.1550922710513,13.718,0.023,13.21,0.114,,,,,,,,,,,12.106,0.026,11.889,0.022,11.8,0.026,AAA-222-111-000-0-0,,11.794,0.023,11.825,0.021,11.882,0.229,9.235,,13.0649,0.000365,12.6787,0.006,rered,spect,6255.5,124.179,4.26515,0.0863908,-0.00178982,0.0758556,1.34784,0.0659899,1.22,0.170988,0.498244,0.116834,DWARF,2.50623226,0.127115145,706.781,7.8225,0.0573636,0.0107495,95,0.0261379462,,,0.000395685434,0.0112477,0.0102513,schlegel,0.153526,0.18845,0.0630502,0.0689296,0.103377,0.130292,0.0690686,0.103713,0.0991123,0.155118,7.737,7.908,bj2018,124.612,123.747,spect,13.351,0.001243,12.6163,0.000803,1,,ucac4,apassdr9,,0.584328807700268,0.383136940999102,352.367128319042,-77.4810428490476,0.0156747264216656,0.0127134721751027,1,0,1724587183,6.353372948620169e+18,0.9953966
260372309,20190415,,,166-007803,06214963-5653335,,J062149.63-565333.4,5.495367469337687e+18,27293843,,STAR,tmgaia2,95.4567943688847,-56.8926783019832,tmgaia2,-1.39392,0.0412411,16.5523,0.036636,gaia2,1.08487,0.018082,gaia2,265.724261957009,-26.3969169218673,107.407735431378,-80.0016227010805,13.743,0.03,13.06,0.103,,,,,,,,,,,11.808,0.024,11.46,0.024,11.392,0.023,AAA-222-111-000-0-0,,11.357,0.023,11.408,0.021,11.407,0.089,9.691,,12.9047,0.000232,12.4372,0.006,rered,gaia2,5766.0,131.667,3.77408,0.0765394,,,2.17977,0.109914,1.03,0.127203,0.0994496,0.0212594,DWARF,4.731687,0.2303945,897.854,14.6875,0.0537542,0.009885525,99,0.0377299562,,,0.0005595176,0.009852,0.00991905,schlegel,0.117059,0.137347,0.0796457,0.140183,0.0202325,0.0222862,0.0914056,0.0616732,0.256698,0.204091,14.451,14.924,bj2018,123.692,139.641,dered,13.278,0.00132,12.3843,0.000789,1,,ucac4,apassdr9,,0.727280734130184,0.56820285930346,95.4567833811493,-56.8926070351359,0.0197001771886625,0.0197934624719208,1,0,562291626,5.495367469337687e+18,0.9687993
183802276,20190415,,,068-001017,01231852-7627462,,J012318.65-762746.5,4.637596048592461e+18,34562500,,STAR,tmgaia2,20.8272577470658,-76.4628411465419,tmgaia2,44.3311,0.0422601,-27.093,0.0333322,gaia2,2.12978,0.0195507,gaia2,300.485858204961,-40.5136719312547,305.18030557171,-67.6831941090459,13.868,0.032,13.158,0.046,,,,,,,,,,,11.652,0.024,11.241,0.022,11.15,0.021,AAA-222-111-000-0-0,,11.097,0.022,11.109,0.02,11.104,0.113,8.83,,12.9478,0.00051,12.442,0.006,rered,spect,5516.06,100.916,4.26899,0.0759215,-0.666543,0.0840436,1.19653,0.0543668,0.97,0.121481,0.566243,0.115741,DWARF,1.19414437,0.04475745,463.271,4.2275,0.0401715,0.0105880853,116,0.0112864375,,,0.000586336129,0.0116261,0.00955007,schlegel,0.107629,0.135333,0.0578739,0.0508598,0.105246,0.126236,0.0728081,0.0790348,0.0457552,0.0437597,4.19,4.265,bj2018,85.2349,116.598,spect,13.3548,0.00214,12.3822,0.001443,1,,ucac4,apassdr9,,0.834204129926144,0.516901527572179,20.8280731662656,-76.46295779828,0.0230396726142529,0.0161522962962636,1,0,515213998,4.637596048592461e+18,1.2870625
350825312,20190415,,8524-00208-1,176-006873,05582766-5449130,,J055827.66-544912.8,4.767771765690418e+18,26947765,,STAR,tmgaia2,89.6152787285146,-54.820286119657,tmgaia2,2.05646,0.0510665,8.53575,0.0461311,gaia2,3.60856,0.0241003,gaia2,262.884812944936,-29.3519023231372,88.9107782523942,-78.2581129024057,11.178,0.096,10.577,0.007,,,,,,,,,,,9.432,0.024,9.147,0.028,9.043,0.021,AAA-222-111-000-0-0,,8.999,0.023,9.042,0.019,9.037,0.026,8.854,0.294,10.3892,0.000382,9.9766,0.006,rered,gaia2,6095.0,137.995,3.94969,0.0825488,,,1.87345,0.0888845,1.14,0.15268,0.173371,0.0384874,DWARF,4.36390734,0.179209,274.927,1.8355,0.0473536,0.00968951,103,0.00552914245,,,0.00334256329,0.00892302,0.010456,schlegel,0.129948,0.175411,0.0835312,0.0942377,0.0337048,0.04327,0.0868886,0.0782089,0.161853,0.196565,1.823,1.848,bj2018,110.97,165.02,dered,10.7177,0.001702,9.93258,0.001462,1,,tycho2v3,tycho2b3,,0.891915786519439,0.715429433982701,89.6152940965802,-54.8202493685118,0.0225565174619764,0.0238420318262924,1,0,555867782,4.767771765690418e+18,1.0017877
139197129,20190415,,,234-183306,23022723-4323439,,J230227.26-432344.0,6.541853254782535e+18,22081821,,STAR,tmgaia2,345.613516419983,-43.3955436577663,tmgaia2,25.954,0.0477935,-3.41616,0.0521904,gaia2,1.65988,0.046249,gaia2,349.323468974198,-62.6497556226454,328.051727549949,-33.953815774494,14.048,0.052,13.5,0.149,,,,,,,,,,,12.365,0.024,12.061,0.027,12.056,0.026,AAA-222-111-000-0-0,,12.013,0.023,12.043,0.022,12.335,0.387,8.668,,13.3555,0.000256,12.9542,0.006,rered,gaia2,6010.0,131.44,4.47226,0.0826228,,,1.01289,0.0557211,1.11,0.142532,1.06815,0.246529,DWARF,1.2059207,0.08302415,592.554,16.3725,0.0103519,0.0102761,38,0.0142890895,,,0.000334681652,0.0113386,0.0092136,schlegel,0.109624,0.17544,0.0632141,0.0482281,0.184892,0.308166,0.103666,0.0615797,0.0843958,0.0816525,15.929,16.816,bj2018,117.786,145.094,dered,13.6577,0.001789,12.8954,0.001473,1,,ucac4,apassdr9,,0.797650259747264,0.80962392199918,345.613670207574,-43.3955583663357,0.0239803881173905,0.0329977437394433,1,0,1722801155,6.541853254782535e+18,0.9496219
139199360,20190415,,8008-00514-1,240-183127,23030728-4200230,,J230307.33-420024.2,6.542783755152081e+18,22082099,,STAR,tmgaia2,345.780334766727,-42.006401753754,tmgaia2,58.0808,0.0562034,-116.721,0.0614032,gaia2,7.17219,0.0486209,gaia2,351.945313069866,-63.377565675168,328.949650141114,-32.7780575617066,11.328,0.102,10.671,0.007,,,,,,,,,,,9.513,0.023,9.18,0.023,9.119,0.025,AAA-222-111-000-0-0,,9.071,0.023,9.097,0.02,9.083,0.033,8.504,0.389,10.5637,0.000305,10.1184,0.006,rered,gaia2,5711.0,128.072,4.48727,0.0789808,,,0.95433,0.0470528,1.02,0.130977,1.17356,0.254259,DWARF,0.872852564,0.0323604,138.877,0.9445,0.00694875,0.0100922948,39,0.010233948,,,0.00219586771,0.00907759,0.011107,schlegel,0.1039,0.158054,0.0308101,0.0632955,0.277408,0.231109,0.0984189,0.0595427,0.0285926,0.0361282,0.938,0.951,bj2018,130.146,125.998,dered,10.9204,0.000737,10.0704,0.001348,1,,tycho2v3,tycho2b3,,0.933674844411551,0.952235797271807,345.780671303115,-42.0069043029996,0.0312283053262778,0.0304255239184922,1,0,1722803386,6.542783755152081e+18,0.9974322
176937468,20190415,,,096-012590,06420820-7059288,,J064208.16-705928.7,5.266626925721538e+18,33624696,,STAR,tmgaia2,100.534057871902,-70.9913685533829,tmgaia2,-3.63404,0.0333403,14.0668,0.0361145,gaia2,3.35089,0.0184278,gaia2,281.648497959879,-26.2878226383073,234.109441757247,-84.1701971407476,12.481,0.029,11.881,0.046,,,,,,,,,,,10.751,0.023,10.465,0.021,10.411,0.019,AAA-222-111-000-0-0,,10.386,0.023,10.407,0.02,10.41,0.048,9.267,,11.7614,0.000227,11.3482,0.006,rered,spect,5945.75,128.784,4.35961,0.0790077,-0.000377457,0.1,1.14273,0.0574749,1.09,0.143304,0.730457,0.162787,DWARF,1.4703114,0.05844335,295.881,1.6255,0.0567419,0.01050672,176,0.01580308,,,0.002856972,0.0113543,0.00965914,schlegel,0.150843,0.135765,0.0490256,0.0659241,0.159441,0.166134,0.0887128,0.0693026,0.0531275,0.0637592,1.617,1.634,bj2018,133.349,124.219,spect,12.0836,0.001225,11.297,0.001171,1,,ucac4,apassdr9,,0.634959303042673,0.560108232634272,100.534009833669,-70.9913079879997,0.0169177817961629,0.0193251527063762,1,0,570036427,5.266626925721538e+18,0.9162517
280913820,20190415,,,053-004789,06513252-7931429,,J065132.52-793142.8,5.211245482806471e+18,34640668,,STAR,tmgaia2,102.885582420871,-79.5286445328008,tmgaia2,-5.04141,0.0357628,26.9561,0.0349152,gaia2,2.33035,0.0192687,gaia2,291.200673472728,-26.6356988621407,259.946364706065,-76.5751542069976,12.981,0.027,12.262,0.046,,,,,,,,,,,10.566,0.027,10.2,0.024,10.102,0.021,AAA-222-111-000-0-0,,10.02,0.023,10.043,0.02,10.054,0.04,9.453,,11.9708,0.000163,11.4115,0.006,rered,gaia2,6013.0,130.048,3.94894,0.0780898,,,1.85024,0.0865854,1.11,0.149683,0.175243,0.0372073,DWARF,4.0319376,0.1690335,423.883,3.4885,0.250498,0.00976364,113,0.02423154,,,0.00100540021,0.00889238,0.0106349,schlegel,0.168773,0.130593,0.0879141,0.0852568,0.0409548,0.0334598,0.09487,0.0613096,0.210632,0.127435,3.46,3.517,bj2018,117.933,142.162,dered,12.4313,0.001425,11.3554,0.000706,1,,ucac4,apassdr9,,0.721359439580127,0.54155435545365,102.885462988708,-79.528528471836,0.0180202073348561,0.0199816481667154,1,0,573718636,5.211245482806471e+18,0.93926835
238809521,20190415,,,129-172668,21474322-6415258,,J214743.42-641526.1,6.402519537834315e+18,31752728,,STAR,tmgaia2,326.930141216393,-64.2571999635229,tmgaia2,116.427,0.0315075,-18.3705,0.0411691,gaia2,6.90935,0.0272196,gaia2,328.107102778314,-42.8117594980427,302.300345241346,-47.0671289747183,14.079,0.029,12.89,0.103,,,,,,,,,,,10.908,0.027,10.294,0.022,10.194,0.021,AAA-222-111-000-0-0,,10.135,0.022,10.215,0.02,10.224,0.074,8.42,,12.5688,0.000194,11.8698,0.006,rered,spect,4527.66,107.404,4.5817,0.0915368,-0.0700959,0.0655117,0.714191,0.0504397,0.71,0.0871525,1.94901,0.521085,DWARF,0.193116412,0.009809605,144.131,0.5695,0.0185886,0.0104386546,86,0.02008815,,,0.00120891945,0.0109739,0.00990341,schlegel,0.071284,0.103021,0.0494915,0.0513879,0.434247,0.607923,0.091503,0.0915707,0.00902071,0.0105985,0.568,0.571,bj2018,103.94,110.867,spect,13.2203,0.000938,11.815,0.000648,1,,ucac4,apassdr9,,0.576888459430232,0.638518905427143,326.931295363084,-64.2572790632796,0.015452945178254,0.0225370391749628,1,0,1716891511,6.402519537834315e+18,1.2064826
204440909,20190415,,7487-01242-1,292-219489,21413649-3141021,,J214136.50-314102.1,6.593012813563451e+18,17370983,,STAR,tmgaia2,325.402085509248,-31.6839168954233,tmgaia2,10.8821,0.0776927,-2.54822,0.0593136,gaia2,1.73422,0.0575981,gaia2,14.8179055182003,-48.7262337677972,317.042080794045,-16.8394876740789,13.047,0.429,12.147,0.033,,,,,,,,,,,11.52,0.021,11.287,0.023,11.242,0.022,AAA-222-111-000-0-0,,11.207,0.023,11.246,0.022,11.355,0.172,8.738,,12.35,0.000245,12.0018,0.006,rered,gaia2,6445.0,130.562,4.28092,0.0932955,,,1.37155,0.0765076,1.31,0.211827,0.507739,0.130147,DWARF,2.92420077,0.2384835,567.925,18.742,0.031457,0.0100428751,60,0.009894836,,,0.000299136038,0.010674,0.00941175,schlegel,0.162952,0.260701,0.0656035,0.0874116,0.105081,0.155213,0.094821,0.09177,0.217489,0.259478,18.135,19.349,bj2018,117.497,143.628,dered,12.6058,0.001261,11.9448,0.000859,1,,tycho2v3,tycho2b3,,1.25250547984216,0.91998714506274,325.402140568904,-31.683927866938,0.0425758809887133,0.0339421051800188,1,0,1716237532,6.593012813563451e+18,1.0281607
53811555,20190415,,,311-262404,21482612-2752274,,J214826.13-275227.5,6.810101381488186e+18,14724328,,STAR,tmgaia2,327.108884854455,-27.8742961601207,tmgaia2,1.25255,0.0703049,-8.15442,0.0644842,gaia2,2.31008,0.0512874,gaia2,20.9105471254129,-49.6543538125653,319.839349231519,-13.7688549150895,13.717,0.027,13.069,0.08,,,,,,,,,,,11.802,0.025,11.508,0.022,11.433,0.023,AAA-222-111-000-0-0,,11.391,0.022,11.417,0.021,11.38,0.206,8.328,,12.8826,0.000353,12.4256,0.0061,rered,spect,5618.33,120.452,4.36905,0.0803561,0.215513,0.0765492,1.07999,0.0586934,0.995,0.12466,0.789877,0.178554,DWARF,1.04704714,0.05613945,427.814,9.4635,0.0309708,0.00630725,63,0.01221379,,,0.000333641859,0.00884797,0.00376653,panstarrs,0.12047,0.12885,0.0513206,0.0660663,0.172152,0.184955,0.0699981,0.0907141,0.0641812,0.0480977,9.258,9.669,bj2018,120.634,120.271,spect,13.2439,0.001224,12.3708,0.000944,1,,ucac4,apassdr9,,1.12352249979822,1.00030734549277,327.108890955217,-27.8743312694294,0.0408368965398496,0.0400542197625901,1,0,1716972560,6.810101381488186e+18,1.064797
234336462,20190415,,,092-003456,02264305-7147235,,J022643.05-714723.5,4.644976657832182e+18,33530591,,STAR,tmgaia2,36.6795231340135,-71.7898563321052,tmgaia2,-9.80412,0.0373091,-9.65603,0.0304952,gaia2,9.09162,0.0164057,gaia2,292.922175344684,-43.4388207997679,320.501360871634,-71.0468994680306,15.661,0.036,14.468,0.137,,,,,,,,,,,11.394,0.023,10.729,0.026,10.532,0.021,AAA-222-111-000-0-0,,10.4,0.023,10.39,0.02,10.288,0.051,9.12,,13.6507,0.000321,12.6397,0.00734656,cdwrf,cdwrf,3764.0,157.0,4.692,0.00967877,,,0.552245,0.0163815,0.547269,0.0202715,3.24942,0.169017,DWARF,0.0551514253,0.0125319231,109.642,0.1985,0.0125223,,84,0.0227521528,,,0.00189355516,,,schlegel,,,,,,,,,,,,,bj2018,,,cdwrf,14.6657,0.002718,12.6584,0.001439,1,,ucac4,apassdr9,cooldwarfs_v8,0.71405763228433,0.472885778866467,36.6793880563644,-71.7898979067264,0.0169120260848466,0.0140974117761242,1,0,518587073,4.644976657832182e+18,1.060062
350823578,20190415,,,158-006851,05584513-5832536,,J055845.13-583253.4,4.765385206982401e+18,27274892,,STAR,tmgaia2,89.6880849081711,-58.5482383968112,tmgaia2,-0.656547,0.0379131,12.1975,0.0404838,gaia2,1.68362,0.0186679,gaia2,267.15438257618,-29.656961216165,88.8325452413192,-81.9862557448054,12.848,0.009,12.418,0.069,,,,,,,,,,,11.476,0.024,11.204,0.024,11.168,0.025,AAA-222-111-000-0-0,,11.118,0.023,11.137,0.021,11.245,0.094,9.302,,12.2823,0.000163,11.9407,0.006,rered,gaia2,6496.0,128.447,4.24812,0.087721,,,1.43515,0.0635578,1.33,0.210877,0.449941,0.106307,DWARF,3.30427384,0.173538,583.963,6.4145,0.0334792,0.01032374,103,0.00129384082,,,0.00138058793,0.0113901,0.00925738,schlegel,0.172858,0.248896,0.0553352,0.0717804,0.0791821,0.133432,0.0861847,0.0892573,0.133847,0.213229,6.346,6.483,bj2018,152.894,103.999,dered,12.5324,0.001313,11.8836,0.000802,1,,ucac4,apassdr9,,0.673893696293354,0.627842514069027,89.6880794905684,-58.548185879797,0.0165820133127977,0.0207690387670371,1,0,555659807,4.765385206982401e+18,1.0596615
350433676,20190415,,,165-006358,05402022-5707029,,J054020.22-570702.9,4.766144110524264e+18,27262136,,STAR,tmgaia2,85.0842461340251,-57.117469053706,tmgaia2,2.62221,0.0369856,-12.1918,0.0418365,gaia2,2.21178,0.018159,gaia2,265.351876778399,-32.0351123554613,73.9993721052589,-80.2832761284969,13.217,0.031,12.653,0.069,,,,,,,,,,,11.599,0.024,11.305,0.022,11.27,0.023,AAA-222-111-000-0-0,,11.217,0.023,11.261,0.021,11.285,0.082,9.754,,12.5415,0.00019,12.1447,0.006,rered,gaia2,6181.0,129.354,4.43424,0.0848619,,,1.09108,0.0482563,1.18,0.173494,0.908472,0.205741,DWARF,1.56546509,0.07119475,446.307,3.6445,0.0433603,0.0103741353,69,0.05211901,,,0.00183185481,0.00965257,0.0110957,schlegel,0.161099,0.185889,0.0672382,0.0292744,0.167338,0.244144,0.0972975,0.0724263,0.0653826,0.0770069,3.615,3.674,bj2018,122.916,135.791,dered,12.8472,0.001401,12.0929,0.001306,1,,ucac4,apassdr9,,0.652927568629108,0.648742089885176,85.0842669291764,-57.1175215461804,0.0175537862231283,0.0189333110026692,1,0,550765032,4.766144110524264e+18,1.0875616
204440625,20190415,,,288-223764,21415159-3230107,,J214151.61-323010.9,6.592410075033837e+18,17371144,,STAR,tmgaia2,325.464993303896,-32.5029940271882,tmgaia2,19.2195,0.0682859,-16.8383,0.0515927,gaia2,2.22613,0.050655,gaia2,13.5890282532437,-48.8618072170587,316.800380717785,-17.6271660670641,12.437,0.024,11.983,0.034,,,,,,,,,,,10.947,0.024,10.698,0.02,10.643,0.02,AAA-222-111-000-0-0,,10.582,0.022,10.645,0.021,10.478,0.081,8.642,,11.8301,0.000233,11.4683,0.006,rered,gaia2,6353.0,132.394,4.24588,0.0876001,,,1.40049,0.0702562,1.26,0.197791,0.458701,0.106591,DWARF,2.87852788,0.1728235,443.756,10.057,0.0306268,0.01054458,62,0.00617504,,,0.000418204116,0.013274,0.00781516,schlegel,0.173057,0.222524,0.0792844,0.0612281,0.0929876,0.120195,0.0945083,0.080692,0.172869,0.172778,9.833,10.281,bj2018,125.721,139.067,dered,12.0985,0.001352,11.4118,0.000886,1,,ucac4,apassdr9,,1.10310485183042,0.800227914542831,325.465091423672,-32.5030665254618,0.0370011823362357,0.02942205211479,1,0,1716237334,6.592410075033837e+18,1.1304008
234335331,20190415,,8864-00433-1,114-002089,02271668-6721507,,J022716.64-672150.5,4.696169021572959e+18,32409009,,STAR,tmgaia2,36.8194652294151,-67.3641204800455,tmgaia2,-6.77046,0.0407956,22.9381,0.03437,gaia2,3.41172,0.0195061,gaia2,289.629548124113,-47.2122843945678,333.217388371559,-69.810514662973,12.049,0.221,11.59,0.015,,,,,,,,,,,10.47,0.021,10.225,0.026,10.16,0.019,AAA-222-111-000-0-0,,10.116,0.022,10.16,0.02,10.107,0.047,8.828,,11.4908,0.000298,11.0756,0.006,rered,gaia2,5955.0,128.721,4.31082,0.0803884,,,1.20875,0.0576382,1.09,0.146864,0.617185,0.134422,DWARF,1.65537369,0.06668115,290.65,1.6605,0.0188193,0.009952925,51,0.01569501,,,0.00143546658,0.00913625,0.0107696,schlegel,0.138272,0.155455,0.0650608,0.0502156,0.134429,0.134416,0.088284,0.0724927,0.073147,0.0602153,1.651,1.67,bj2018,151.083,106.358,dered,11.8144,0.00125,11.0245,0.000704,1,,tycho2v3,tycho2b3,,0.760160328805935,0.532988851200679,36.8193894886813,-67.3640217187986,0.0200057350539111,0.0164479566882773,1,0,518585942,4.696169021572959e+18,0.86703056
150440773,20190415,,,148-007990,06295433-6032361,,J062954.36-603236.3,5.481664049762863e+18,29874444,,STAR,tmgaia2,97.4763787326097,-60.5433991276601,tmgaia2,-7.16121,0.0355484,6.56361,0.0379056,gaia2,1.3812,0.0181279,gaia2,269.931597740847,-25.9825498298722,122.357454517613,-83.133427985931,13.36,0.022,12.983,0.092,,,,,,,,,,,11.996,0.03,11.787,0.038,11.739,0.031,AAA-222-112-00c-0-0,,11.592,0.023,11.616,0.021,11.713,0.141,9.431,,12.8375,0.000216,12.5025,0.006,rered,gaia2,6640.0,126.41,4.33665,0.0889039,,,1.32976,0.0569849,1.4,0.230616,0.5954,0.136347,DWARF,3.0968008,0.170661,709.205,9.187,0.0565898,0.00995995,109,0.08065369,,,0.00112177653,0.0107614,0.0091585,schlegel,0.17202,0.289213,0.0470302,0.0669397,0.10291,0.169784,0.0792827,0.0985252,0.160363,0.180959,9.07,9.304,bj2018,124.563,128.258,dered,13.0815,0.001752,12.4433,0.000882,1,,ucac4,apassdr9,,0.638228035989422,0.587879698641299,97.476316033881,-60.5433708676871,0.0172812859180311,0.0200760733298338,1,0,564824315,5.481664049762863e+18,1.0418696
394484973,20190415,,8805-00557-1,152-212090,21174701-5946297,,J211747.03-594629.8,6.453129160411449e+18,29656975,,STAR,tmgaia2,319.445903584437,-59.7749176513033,tmgaia2,12.9809,0.069231,-21.8289,0.0508392,gaia2,4.33063,0.0302128,gaia2,335.526120729765,-41.3784270802128,300.707060692212,-41.4958097679318,12.844,0.367,12.076,0.026,,,,,,,,,,,10.972,0.023,10.556,0.026,10.456,0.021,AAA-222-111-000-0-0,,10.386,0.023,10.39,0.021,10.316,0.06,8.571,,12.1432,0.001756,11.6421,0.0063,rered,gaia2,5451.0,133.925,4.5401,0.0832407,,,0.866658,0.0483694,0.95,0.120349,1.45942,0.342982,DWARF,0.5974409,0.0199609,229.397,1.6015,0.0264701,0.009590845,107,0.0177301485,,,0.0009699614,0.00882809,0.0103536,schlegel,0.0907927,0.149905,0.0476975,0.0490412,0.389028,0.296936,0.101758,0.0647235,0.018834,0.0210878,1.591,1.612,bj2018,169.796,98.0548,dered,12.5548,0.00605,11.5914,0.006872,1,,tycho2v3,tycho2b3,,1.23791572835685,0.788352043205778,319.446014609826,-59.7750116368925,0.0238447009748585,0.0233016387613522,1,0,1713343927,6.453129160411449e+18,0.97215503
53812431,20190415,,,325-218058,21483589-2510193,,J214835.90-251019.4,6.812916685306723e+18,13850739,,STAR,tmgaia2,327.149550938565,-25.1720472938588,tmgaia2,17.4493,0.0437105,-6.47376,0.0415701,gaia2,1.74599,0.0293925,gaia2,24.9903477502126,-49.147837901156,320.821756190006,-11.2422419771862,14.143,0.049,13.642,0.08,,,,,,,,,,,12.38,0.022,12.078,0.026,11.995,0.024,AAA-222-111-000-0-0,,11.991,0.023,12.039,0.023,11.945,0.337,8.742,,13.4101,0.000198,12.9893,0.0078,rered,gaia2,6032.0,130.116,4.5101,0.0806782,,,0.974075,0.0493869,1.12,0.14117,1.21183,0.271943,DWARF,1.13168263,0.05861835,563.576,9.4085,0.0450916,0.00707781,70,0.007961381,,,0.000283234374,0.0083676,0.00578802,panstarrs,0.112899,0.169441,0.0475256,0.0512482,0.234853,0.309033,0.0723146,0.0890419,0.0594705,0.0577662,9.254,9.563,bj2018,137.606,122.626,dered,13.7298,0.001572,12.9286,0.000762,1,,ucac4,apassdr9,,0.694640280708089,0.644864990441221,327.149633950777,-25.1720751670151,0.0248871586014895,0.0261010771971854,1,0,1716973436,6.812916685306723e+18,0.9982148
238179259,20190415,,,098-098467,23534723-7027123,,J235347.45-702712.4,6.386692617707578e+18,34542512,,STAR,tmgaia2,358.44686239174,-70.4534238312796,tmgaia2,99.8793,0.0526505,-10.6494,0.0514712,gaia2,4.24276,0.0231018,gaia2,309.804416940106,-45.8978523990208,311.115867002523,-59.4290888708665,13.602,0.037,12.726,0.069,,,,,,,,,,,11.164,0.022,10.763,0.022,10.662,0.021,AAA-222-111-000-0-0,,10.631,0.023,10.68,0.02,10.567,0.066,9.147,,12.5132,0.000169,11.9656,0.006,rered,gaia2,5180.0,130.926,4.53611,0.0874406,,,0.837955,0.0492563,0.88,0.110096,1.49562,0.363961,DWARF,0.45546484,0.0153338,234.106,1.2755,0.022895,0.0105916252,53,0.00166997989,,,0.00108818582,0.00970885,0.0114744,schlegel,0.0887351,0.131456,0.0492322,0.0492804,0.39592,0.332003,0.099548,0.0753332,0.0125026,0.018165,1.268,1.283,bj2018,130.471,131.38,dered,12.9762,0.001399,11.9144,0.000819,1,,ucac4,apassdr9,,0.999351397860687,0.798270641230723,358.448147719043,-70.4534696874058,0.0253759047596819,0.0273026093615426,1,0,1725951317,6.386692617707578e+18,1.1083022
271999994,20190415,,9192-00870-1,081-009875,07391073-7350543,,J073910.74-735054.0,5.214980974779071e+18,33652258,,STAR,tmgaia2,114.794833272244,-73.8484472270788,tmgaia2,-14.4635,0.0404732,38.9054,0.0536902,gaia2,4.30262,0.0225255,gaia2,285.766252677662,-22.7546063964446,232.196800449338,-79.0282335138465,11.66,0.147,11.072,0.01,,,,,,,,,,,9.971,0.026,9.694,0.027,9.618,0.023,AAA-222-111-000-0-0,,9.562,0.022,9.603,0.019,9.516,0.03,9.619,0.46,10.9556,0.000877,10.5315,0.0061,rered,gaia2,6305.0,129.866,4.35312,0.0822978,,,1.22796,0.0535628,1.24,0.180885,0.669688,0.148237,DWARF,2.146847,0.09916655,230.871,1.21,0.113697,0.01056237,158,0.01049728,,,0.00448271958,0.0132075,0.00791724,schlegel,0.167942,0.193829,0.0567824,0.0503432,0.0970771,0.199396,0.0512527,0.113343,0.108488,0.0898451,1.204,1.216,bj2018,121.156,138.576,dered,11.2921,0.001358,10.4823,0.001124,1,,tycho2v3,tycho2b3,,0.785015320305886,0.832662279757083,114.794609411353,-73.848279717835,0.0213173090780075,0.0277991814025729,1,0,604804284,5.214980974779071e+18,0.9318739
280911151,20190415,,,053-004739,06474593-7933378,,J064745.86-793337.9,5.210870759796062e+18,34639696,,STAR,tmgaia2,101.941132321183,-79.560531940732,tmgaia2,-1.78978,0.028668,0.0412556,0.0256768,gaia2,1.97152,0.0145,gaia2,291.219931698346,-26.8091768613144,260.684096087157,-76.6087164777595,14.256,0.039,13.449,0.057,,,,,,,,,,,11.69,0.023,11.352,0.024,11.202,0.027,AAA-222-111-000-0-0,,11.131,0.023,11.163,0.02,11.179,0.082,9.631,,13.1827,0.000198,12.5928,0.006,rered,gaia2,5932.0,132.885,4.22349,0.0789256,,,1.33046,0.0650126,1.08,0.132697,0.458585,0.0982177,DWARF,1.97470379,0.07988765,499.901,3.651,0.277954,0.00996104,92,0.009705322,,,0.0008377526,0.0126392,0.00728288,schlegel,0.115207,0.150188,0.05651,0.0735151,0.0964509,0.0999844,0.0749094,0.0829418,0.0953938,0.0643815,3.625,3.677,bj2018,134.514,131.257,dered,13.6707,0.000786,12.5342,0.000853,1,,ucac4,apassdr9,,0.578372484294758,0.398287959519652,101.941089792814,-79.5605317631065,0.0138538528441194,0.0153928621824625,1,0,571930889,5.210870759796062e+18,0.9478302
204449586,20190415,,,296-234937,21441240-3052198,,J214412.44-305219.8,6.593202371944344e+18,17372477,,STAR,tmgaia2,326.051704930413,-30.8721949827297,tmgaia2,47.4689,0.0403941,-1.24558,0.03742,gaia2,2.93841,0.0249921,gaia2,16.1429818963074,-49.1845834106907,317.876555565264,-16.2673734610068,14.292,0.019,13.495,0.092,,,,,,,,,,,11.995,0.025,11.574,0.027,11.479,0.021,AAA-222-111-000-0-0,,11.428,0.023,11.485,0.02,11.3,0.162,8.874,,13.2761,0.000271,12.7447,0.006,rered,gaia2,5251.0,121.01,4.56674,0.0835732,,,0.817154,0.0463995,0.898,0.113588,1.64575,0.385076,DWARF,0.4573728,0.0140313,337.031,2.8605,0.0185392,0.00481601,79,0.0123924306,,,0.000478449132,0.00276853,0.00686349,panstarrs,0.103956,0.12322,0.0518653,0.0409337,0.325854,0.444297,0.0767265,0.0904199,0.0123256,0.015737,2.836,2.885,bj2018,101.386,140.634,dered,13.7147,0.000923,12.687,0.001225,1,,ucac4,apassdr9,,0.649913462121423,0.58044310165683,326.051943048378,-30.8722003458616,0.0220652768071474,0.0224186119329664,1,0,1716567154,6.593202371944344e+18,1.0234044
389446684,20190415,,,261-194247,20484456-3757140,,J204844.57-375714.3,6.777952490423707e+18,19572542,,STAR,tmgaia2,312.185689560628,-37.9539003519027,tmgaia2,5.32259,0.0374726,-26.3933,0.0276401,gaia2,2.91362,0.0263135,gaia2,4.56015158885953,-38.619960864137,304.147326506414,-19.3823748723266,14.604,0.048,13.462,0.092,,,,,,,,,,,11.994,0.026,11.566,0.022,11.478,0.025,AAA-222-111-000-0-0,,11.426,0.022,11.516,0.021,11.604,0.214,8.983,,13.3512,0.000206,12.7769,0.006,rered,gaia2,5076.0,123.742,4.47792,0.084806,,,0.880605,0.0519573,0.85,0.0993656,1.24473,0.303061,DWARF,0.463813245,0.0177264,339.879,3.0625,0.0332486,0.0104822,111,0.09729823,,,0.000393443217,0.0107652,0.0101992,schlegel,0.0930632,0.105668,0.051103,0.0528116,0.303093,0.303029,0.10314,0.066472,0.0132,0.0222528,3.035,3.09,bj2018,108.991,138.492,dered,13.845,0.001141,12.7267,0.000628,1,,ucac4,apassdr9,,0.614529675689608,0.428643741800481,312.185718624086,-37.9540139897266,0.0198801017532742,0.0137997420379832,1,0,1708599249,6.777952490423707e+18,0.9641021
53811421,20190415,,,309-263142,21482916-2816317,,J214829.21-281632.8,6.80970438907108e+18,14724347,,STAR,tmgaia2,327.121589810436,-28.2755333264307,tmgaia2,45.9339,0.0686856,-94.2005,0.0604865,gaia2,11.9037,0.0490948,gaia2,20.3022564446645,-49.7336484483921,319.707883737895,-14.1494328476469,15.616,0.045,14.185,0.073,,,,,,,,,,,10.876,0.021,10.258,0.023,10.038,0.018,AAA-222-111-000-0-0,,9.932,0.022,9.899,0.021,9.79,0.051,8.198,,13.3307,0.000298,12.2373,0.00725821,cdwrf,cdwrf,3615.0,157.0,4.70526,0.00921609,-0.471203,0.0867224,0.536908,0.0158886,0.533327,0.0202471,3.44583,0.175304,DWARF,0.0443534777,0.01038121,83.8061,0.3474,0.0,0.0,58,0.014529163,,,0.00104060234,0.0,0.0,,,,,,,,,,,,0.346,0.3488,bj2018,,,cdwrf,14.471,0.002401,12.2713,0.000755,1,,cdwrf,apassdr9,cooldwarfs_v8,1.09857215432106,0.938193278968502,327.121814376706,-28.2759389121037,0.0389559951734081,0.0349852939262628,1,0,1716972426,6.80970438907108e+18,1.0919553
260371014,20190415,,8538-01650-1,179-007590,06215027-5423051,,J062150.27-542305.0,5.499786166051404e+18,25183184,,STAR,tmgaia2,95.4595337882993,-54.3847312203802,tmgaia2,-11.1926,0.0422136,0.696613,0.0411976,gaia2,4.40219,0.020991,gaia2,262.976440074931,-25.9407277878277,104.882084491884,-77.5417762652618,11.679,0.165,11.281,0.012,,,,,,,,,,,10.197,0.023,9.937,0.023,9.878,0.02,AAA-222-111-000-0-0,,9.861,0.023,9.89,0.02,9.846,0.039,8.839,,11.0791,0.000396,10.7182,0.006,rered,spect,6434.0,122.036,4.55105,0.0847962,-0.27,0.12,1.0011,0.0463115,1.3,0.198708,1.29571,0.288487,DWARF,1.54730368,0.0713271,225.681,1.077,0.0468985,0.01026838,99,0.04818567,,,0.004650449,0.00992966,0.0106071,schlegel,0.147169,0.250247,0.046302,0.0463211,0.240368,0.336606,0.0806301,0.0889623,0.0596373,0.0830169,1.072,1.082,bj2018,106.558,137.514,spect,11.355,0.001778,10.6691,0.00099,1,,tycho2v3,tycho2b3,,0.735850287675077,0.638947200604718,95.4594510352824,-54.3847282211025,0.0186965237111546,0.0221602260089022,1,0,562290594,5.499786166051404e+18,0.8725588
167792260,20190415,,8912-00171-1,133-009679,06563989-6324429,,J065639.87-632442.7,5.286297394901031e+18,29893322,,STAR,tmgaia2,104.166231943581,-63.4119366507576,tmgaia2,-8.84865,0.0695114,21.8002,0.0631993,gaia2,2.2742,0.0293649,gaia2,273.728721153602,-23.4955783240875,158.820654437842,-83.2537716190308,11.309,0.112,10.8,0.008,,,,,,,,,,,9.862,0.023,9.651,0.026,9.592,0.025,AAA-222-111-000-0-0,,9.558,0.023,9.573,0.02,9.538,0.029,9.251,0.387,10.669,0.000325,10.3309,0.006,rered,spect,6318.93,110.025,3.75472,0.0802192,-0.110655,0.0491837,2.45544,0.110736,1.25,0.17842,0.0844348,0.0184157,DWARF,8.660202,0.4542055,434.271,5.5805,0.0606676,0.0105279051,151,0.01747193,,,0.001781924,0.0114595,0.00959631,schlegel,0.118956,0.237884,0.086304,0.135168,0.0146405,0.0221908,0.0598784,0.10056,0.50124,0.407171,5.51,5.651,bj2018,113.357,106.694,spect,10.9272,0.001303,10.2829,0.000924,1,,tycho2v3,tycho2b3,,1.26670925230015,0.980019586529197,104.16614682144,-63.4118427888099,0.0264378326867093,0.0290428508093757,1,0,576722536,5.286297394901031e+18,1.014529
141943759,20190415,,,073-005882,06213693-7531182,,J062136.94-753117.9,5.261544845538916e+18,34632761,,STAR,tmgaia2,95.4038979033561,-75.5217429992221,tmgaia2,2.67136,0.0393826,22.8425,0.0426413,gaia2,1.85912,0.0219808,gaia2,286.617047830645,-28.0586452258453,261.459231683661,-80.8778275744326,13.222,0.074,12.657,0.092,,,,,,,,,,,11.64,0.024,11.422,0.027,11.359,0.025,AAA-222-111-000-0-0,,11.315,0.023,11.345,0.021,11.331,0.102,9.471,,12.605,0.000222,12.2258,0.006,rered,gaia2,6419.0,133.191,4.38521,0.0874493,,,1.20704,0.0547437,1.29,0.206877,0.733535,0.173419,DWARF,2.22848749,0.111202,529.707,6.215,0.0723702,0.009646725,134,0.0232736319,,,0.001512032,0.00715675,0.0121367,schlegel,0.160901,0.252853,0.067396,0.0420915,0.133385,0.213453,0.0774621,0.0974364,0.100752,0.121652,6.143,6.287,bj2018,168.261,98.1202,dered,12.8904,0.000929,12.1683,0.000701,1,,ucac4,apassdr9,,0.772385792649079,0.661304338661395,95.403943907795,-75.5216446495748,0.0196549554885428,0.0219441666591107,1,0,562193119,5.261544845538916e+18,1.1938779
261255926,20190415,,9386-00840-1,055-003944,05571242-7905360,,J055712.43-790535.8,4.623553528462316e+18,34625772,,STAR,tmgaia2,89.3018798642207,-79.0933250288859,tmgaia2,-7.04945,0.0327484,7.14101,0.0413648,gaia2,2.09405,0.0197818,gaia2,290.772719930034,-29.1582026468059,270.608630236814,-77.4659186321833,12.38,0.281,11.544,0.021,,,,,,,,,,,10.835,0.024,10.614,0.021,10.583,0.023,AAA-222-111-000-0-0,,10.513,0.023,10.528,0.02,10.511,0.053,9.215,,11.7446,0.000189,11.3791,0.006,rered,gaia2,6627.0,136.861,4.20148,0.0889146,,,1.54811,0.0680503,1.39,0.234449,0.374635,0.0871336,DWARF,4.16454029,0.2079925,471.072,4.423,0.0996622,0.00982655,115,0.0108741429,,,0.00153983384,0.0086672,0.0109859,schlegel,0.214557,0.25434,0.0825814,0.0535191,0.0770345,0.0972327,0.0796779,0.0981513,0.204673,0.211312,4.383,4.463,bj2018,143.062,130.661,dered,12.0195,0.001377,11.3212,0.001125,1,,tycho2v3,tycho2b3,,0.658514053860749,0.641468393597392,89.3017194507938,-79.0932942829121,0.0177367036759121,0.0200682671164974,1,0,555240054,4.623553528462316e+18,1.2688297
234331251,20190415,,,105-002022,02233867-6909518,,J022338.76-690951.5,4.693745221204523e+18,32005830,,STAR,tmgaia2,35.9111747354728,-69.1643810074207,tmgaia2,35.3318,0.0315931,25.2036,0.0300447,gaia2,3.50052,0.0182167,gaia2,291.39908218654,-45.8440340162449,327.95078595039,-70.1303233716438,13.891,0.012,13.136,0.114,,,,,,,,,,,11.633,0.024,11.247,0.024,11.198,0.021,AAA-222-111-000-0-0,,11.125,0.023,11.17,0.02,11.064,0.094,9.142,,12.8944,0.000363,12.3748,0.006,rered,gaia2,5353.0,131.415,4.60875,0.0808971,,,0.792315,0.0437186,0.93,0.11593,1.86977,0.424497,DWARF,0.4643869,0.01507635,283.335,1.4735,0.0287128,0.01020455,52,0.00046925206,,,0.00120104651,0.0103607,0.0100484,schlegel,0.0836168,0.148244,0.0408503,0.0465869,0.351321,0.497673,0.0667413,0.0950529,0.0140505,0.0161022,1.466,1.481,bj2018,121.377,141.454,dered,13.3216,0.001047,12.3197,0.001067,1,,ucac4,apassdr9,,0.595064803640051,0.465954826410871,35.9116024221238,-69.1642724924505,0.0183009966532314,0.0156227306980108,1,0,518383706,4.693745221204523e+18,1.0375775
204445061,20190415,,,293-232471,21430098-3125350,,J214300.97-312535.2,6.593042977117965e+18,17371805,,STAR,tmgaia2,325.754166785514,-31.4264646057738,tmgaia2,-8.36013,0.0406484,-33.8979,0.0393829,gaia2,2.62065,0.0271758,gaia2,15.2571752086217,-48.9960116104524,317.428601101458,-16.7004425517651,13.924,0.01,13.122,0.092,,,,,,,,,,,11.602,0.022,11.186,0.025,11.098,0.023,AAA-222-111-000-0-0,,11.016,0.023,11.081,0.021,11.173,0.134,8.934,,13.0234,0.000356,12.4891,0.006,rered,gaia2,5265.0,132.016,4.36508,0.0893026,,,1.03185,0.0620603,0.9,0.112493,0.819204,0.213397,DWARF,0.7370924,0.02776165,377.469,3.902,0.0267641,0.01016774,71,0.08564936,,,0.000356226577,0.0119795,0.00835598,schlegel,0.10432,0.120665,0.0419799,0.0821407,0.210368,0.216426,0.096525,0.0820802,0.0296893,0.025834,3.862,3.942,bj2018,153.925,110.107,dered,13.3988,0.007087,12.3658,0.006601,1,,ucac4,apassdr9,,0.654906116759228,0.610869869646675,325.754124602718,-31.4266105550704,0.0227753664069142,0.0230471139330599,1,0,1716459339,6.593042977117965e+18,1.2963687
53815059,20190415,,6959-01202-1,308-275011,21493645-2828459,,J214936.52-282845.8,6.809647592423683e+18,14724613,,STAR,tmgaia2,327.40193717105,-28.4794337294307,tmgaia2,80.3838,0.0639985,5.59042,0.0681503,gaia2,4.30061,0.0440002,gaia2,20.0526130006602,-50.0102878397179,319.874115579872,-14.4259580726847,11.051,0.095,10.532,0.007,,,,,,,,,,,9.362,0.021,9.065,0.021,9.006,0.021,AAA-222-111-000-0-0,,8.952,0.022,8.949,0.021,8.933,0.033,8.149,,10.3458,0.000477,9.92882,0.006,rered,gaia2,5944.0,129.529,4.04737,0.0797359,,,1.63405,0.0774799,1.086,0.143055,0.248904,0.0556934,DWARF,3.0029037,0.1326555,231.008,2.366,0.0189406,0.009118265,69,0.0005442632,,,0.0009615,0.00573293,0.0125036,panstarrs,0.103624,0.182486,0.0706472,0.0843126,0.0567117,0.054675,0.083415,0.0760569,0.142279,0.123032,2.342,2.39,bj2018,135.603,123.454,dered,10.6755,0.001051,9.88216,0.000595,1,,tycho2v3,tycho2b3,,1.0240491183036,1.05708825432258,327.402330915662,-28.4794096601337,0.0358543850976094,0.0400405788872898,1,0,1717072790,6.809647592423683e+18,1.0130248
293525326,20190415,,9477-01153-1,075-045871,23280596-7509464,,J232805.95-750946.4,6.378041282263413e+18,35111195,,STAR,tmgaia2,352.024857302201,-75.1628724490166,tmgaia2,-2.6192,0.0446091,-5.95003,0.0395191,gaia2,6.35904,0.0236084,gaia2,309.845033728493,-40.8271474557556,301.298811555584,-60.7808291709779,11.549,0.122,11.018,0.008,,,,,,,,,,,9.817,0.024,9.526,0.026,9.457,0.023,AAA-222-111-000-0-0,,9.399,0.024,9.439,0.02,9.398,0.036,9.133,,10.7965,0.000297,10.3767,0.006,rered,gaia2,5933.0,128.304,4.5577,0.0797959,,,0.905518,0.0417739,1.08,0.142397,1.45456,0.313949,DWARF,0.915349,0.03514105,156.546,0.5825,0.0206827,0.0104100145,79,0.00180707593,,,0.00288317562,0.012497,0.00832303,schlegel,0.108465,0.17633,0.0441905,0.0393573,0.287365,0.340534,0.0628305,0.0967612,0.0370608,0.0332213,0.58,0.585,bj2018,118.306,138.302,dered,11.1287,0.000796,10.3297,0.000671,1,,tycho2v3,tycho2b3,,0.87282001061991,0.612926848864899,352.024813263406,-75.1628980672057,0.0238170726585152,0.0216022843433771,1,0,1724585557,6.378041282263413e+18,0.8849458
350434656,20190415,,8523-01139-1,176-006287,05403637-5448296,,J054036.38-544829.6,4.768301386697169e+18,26946858,,STAR,tmgaia2,85.1515565909681,-54.8082386077386,tmgaia2,4.775,0.0460524,-6.59714,0.0434284,gaia2,3.23203,0.0215743,gaia2,262.632912425768,-31.9144746402797,76.4290875837958,-78.0189653707637,11.647,0.163,11.13,0.011,,,,,,,,,,,10.516,0.023,10.273,0.022,10.231,0.019,AAA-222-111-000-0-0,,10.2,0.023,10.222,0.02,10.188,0.04,9.069,,11.3629,0.000342,11.01,0.006,rered,gaia2,6456.0,133.421,4.41418,0.0885483,,,1.17647,0.0530276,1.31,0.208157,0.804506,0.186592,DWARF,2.16625786,0.09796455,306.67,2.0445,0.0411099,0.00983418,75,0.0249093734,,,0.00346031133,0.0108025,0.00886586,schlegel,0.158248,0.258066,0.0690286,0.0370266,0.142896,0.230288,0.103579,0.0735176,0.0734531,0.122476,2.031,2.058,bj2018,88.9039,177.938,dered,11.6284,0.001279,10.958,0.001128,1,,tycho2v3,tycho2b3,,0.804355951853639,0.673524974941954,85.1515922642278,-54.8082670120968,0.0225496710772082,0.0227631942951671,1,0,550968237,4.768301386697169e+18,0.843434
234331262,20190415,,,105-002016,02230907-6904529,,J022309.08-690452.8,4.693749791049724e+18,32005798,,STAR,tmgaia2,35.787825251769,-69.081365143211,tmgaia2,-0.0912138,0.0404852,4.37509,0.0368043,gaia2,1.47731,0.0224499,gaia2,291.394232068806,-45.9379088605534,328.14027586756,-70.0620422568918,13.569,0.014,12.99,0.092,,,,,,,,,,,11.737,0.026,11.438,0.024,11.374,0.023,AAA-222-111-000-0-0,,11.332,0.023,11.371,0.021,11.403,0.097,9.103,,12.784,0.000265,12.3501,0.006,rered,gaia2,5899.0,136.217,4.0686,0.0788147,,,1.5828,0.0792764,1.07,0.131996,0.26984,0.0591814,DWARF,2.73312736,0.1282384,663.977,9.973,0.0341487,0.01011297,71,0.00119844521,,,0.000429459382,0.0122256,0.00800034,schlegel,0.148535,0.115458,0.0718116,0.0867412,0.0637357,0.0546271,0.0852798,0.0723496,0.157207,0.0992698,9.826,10.12,bj2018,147.609,124.825,dered,13.1229,0.000903,12.296,0.000716,1,,ucac4,apassdr9,,0.762137702688081,0.570791333129831,35.7878241518248,-69.0813463060178,0.0223675328916069,0.0192496029545278,1,0,518383717,4.693749791049724e+18,1.0564504
139197994,20190415,,,213-203343,23021044-4732372,,J230210.48-473237.1,6.515480888571576e+18,24600744,,STAR,tmgaia2,345.543559042428,-47.5436663809746,tmgaia2,30.6124,0.0278552,3.6185,0.0454237,gaia2,1.32637,0.0334462,gaia2,341.886871416194,-60.4814841408756,325.568939766925,-37.5807543286447,14.126,0.027,13.675,0.16,,,,,,,,,,,12.389,0.023,12.098,0.029,12.011,0.025,AAA-222-111-000-0-0,,12.005,0.023,12.049,0.022,12.001,0.329,9.014,,13.4109,0.000317,12.9961,0.006,rered,gaia2,5919.0,131.879,4.26403,0.0792459,,,1.26979,0.0663241,1.08,0.136878,0.527507,0.115313,DWARF,1.783002,0.106509,738.162,18.3695,0.00993425,0.01056155,53,0.0013367444,,,0.00023979196,0.0103683,0.0107548,schlegel,0.146985,0.12677,0.0821075,0.0505407,0.12915,0.101476,0.0950799,0.063412,0.106478,0.10654,17.921,18.818,bj2018,110.865,152.893,dered,13.7275,0.001331,12.9384,0.000743,1,,ucac4,apassdr9,,0.472001629317548,0.704553482563973,345.543754298576,-47.5436508014874,0.0143780793808261,0.0261682337386459,1,0,1722802020,6.515480888571576e+18,0.99680746
141940701,20190415,,9176-01147-1,081-008021,06200985-7356419,,J062009.81-735641.9,5.264926634069137e+18,33615299,,STAR,tmgaia2,95.0410021986775,-73.9450053298507,tmgaia2,-8.27965,0.0408581,10.207,0.0476871,gaia2,2.73951,0.0193466,gaia2,284.828902517949,-28.1435290245198,259.37229636233,-82.4283838123001,10.684,0.066,10.251,0.005,,,,,,,,,,,9.379,0.024,9.209,0.025,9.117,0.023,AAA-222-111-000-0-0,,9.076,0.023,9.09,0.021,9.028,0.024,8.719,0.235,10.1706,0.000327,9.8421,0.006,rered,gaia2,6781.0,138.295,3.88346,0.0885166,,,2.28027,0.0973239,1.45,0.252852,0.122295,0.0277925,DWARF,9.904744,0.4872145,361.23,2.5435,0.0784151,0.0101226149,361,0.006692365,,,0.002669374,0.00999943,0.0102458,schlegel,0.200661,0.305044,0.111687,0.0829608,0.0192006,0.0363843,0.0636602,0.113373,0.396352,0.578077,2.526,2.561,bj2018,152.147,124.443,dered,10.4238,0.001166,9.79586,0.001262,1,,tycho2v3,tycho2b3,,0.792936486524953,0.739524323515462,95.0408732989513,-73.9449613830833,0.0197121633558539,0.0235250644207243,1,0,562191178,5.264926634069137e+18,0.89749485
167088290,20190415,,,102-018033,06230124-6938173,,J062301.26-693817.1,5.278778449056737e+18,33112862,,STAR,tmgaia2,95.7552386916407,-69.6381646832688,tmgaia2,4.50635,0.0388823,14.9185,0.0470277,gaia2,2.37228,0.0223655,gaia2,279.965674360021,-27.761329519074,237.74742792094,-86.2511392657741,13.059,0.021,12.481,0.126,,,,,,,,,,,11.293,0.023,11.022,0.025,10.951,0.023,AAA-222-111-000-0-0,,10.906,0.023,10.939,0.02,10.265,0.043,8.585,0.173,12.3355,0.00016,11.9147,0.006,rered,spect,5881.5,115.599,4.2504,0.076744,0.0866964,0.1,1.28388,0.0625176,1.07,0.131169,0.505604,0.11022,DWARF,1.77703512,0.0768797,416.49,3.909,0.0693813,0.01007931,659,0.0431751423,,,0.00161069061,0.00955552,0.0106031,schlegel,0.131119,0.131219,0.0690322,0.056003,0.085932,0.134507,0.0946091,0.058879,0.0652106,0.0885488,3.873,3.945,bj2018,137.876,93.3219,spect,12.6634,0.001115,11.8618,0.000984,1,,ucac4,apassdr9,,0.734346687113629,0.729410603174217,95.7552944538814,-69.6381004508466,0.0185871848898563,0.0264920880934912,1,0,562855615,5.278778449056737e+18,1.07804
176932386,20190415,,,106-017209,06405451-6852276,,J064054.52-685227.6,5.279236090709557e+18,32018940,,STAR,tmgaia2,100.227200400978,-68.8743847684439,tmgaia2,-0.483497,0.037311,11.399,0.0445897,gaia2,1.39938,0.0180895,gaia2,279.294689090555,-26.1083225845593,215.487412365064,-85.492411334797,12.727,0.013,12.324,0.034,,,,,,,,,,,11.37,0.023,11.15,0.022,11.058,0.021,AAA-222-111-000-0-0,,11.053,0.023,11.079,0.02,10.977,0.056,9.931,,12.1842,0.000211,11.8554,0.006,rered,gaia2,6637.0,134.985,4.09358,0.0861412,,,1.75288,0.0787639,1.39,0.228497,0.258083,0.0585354,DWARF,5.37136936,0.276676,700.182,8.936,0.0464551,0.01014527,211,0.009657697,,,0.00106076372,0.0134304,0.00686014,schlegel,0.173345,0.283649,0.0625724,0.0949553,0.0494425,0.0676283,0.0801702,0.0921122,0.257623,0.295729,8.824,9.048,bj2018,151.566,118.404,dered,12.4261,0.001608,11.8003,0.000894,1,,ucac4,apassdr9,,0.701434845948935,0.691448231660862,100.227194625054,-68.8743356894158,0.0177686774000268,0.0206318605271301,1,0,569246213,5.279236090709557e+18,1.2078882
204448448,20190415,,7490-00512-1,281-221464,21442289-3348593,,J214422.88-334859.4,6.591464701192154e+18,17372566,,STAR,tmgaia2,326.09538262897,-33.8164991392252,tmgaia2,-10.5268,0.0666677,-3.60925,0.0455128,gaia2,1.45544,0.0425004,gaia2,11.6476304691562,-49.4887918117256,316.842373191603,-19.0421490527605,13.6,0.578,12.908,0.04,,,,,,,,,,,11.849,0.025,11.633,0.023,11.575,0.025,AAA-222-111-000-0-0,,11.541,0.022,11.547,0.022,11.606,0.213,8.825,,12.573,0.000309,12.2771,0.006,rered,gaia2,6775.0,132.158,4.35588,0.0942553,,,1.32367,0.0676885,1.45,0.248453,0.625218,0.15554,DWARF,3.32575154,0.2433585,674.295,19.487,0.0277481,0.0103875,73,0.004397453,,,0.0002782531,0.0104167,0.0103583,schlegel,0.168338,0.328568,0.0677231,0.0676538,0.189076,0.122005,0.114856,0.0736546,0.266932,0.219785,18.934,20.04,bj2018,160.996,103.319,dered,12.779,0.001924,12.2157,0.000972,1,,tycho2v3,tycho2b3,,1.08072521521484,0.705891201436127,326.09532807625,-33.8165146790637,0.0385466142790155,0.0249988640217829,1,0,1716566357,6.591464701192154e+18,0.9923184
150443604,20190415,,,129-008423,06312966-6416077,,J063129.54-641607.7,5.284922936646853e+18,,,STAR,tmgaia2,97.8735627881541,-64.2688200226463,tmgaia2,-73.9374,0.0899749,-5.07406,0.0765184,gaia2,10.3494,0.0409801,gaia2,274.064317379747,-26.381769346536,148.647149238771,-86.0065536220697,17.101,0.181,16.41,0.057,,,,,,,,,,,12.609,0.023,12.049,0.026,11.8,0.025,AAA-222-111-000-0-0,,11.673,0.023,11.509,0.02,11.316,0.081,9.47,,15.2134,0.000488,14.0569,0.00747173,cdwrf,cdwrf,3507.0,157.0,4.89917,0.00245852,,,0.324887,0.00991812,0.30519,0.0203369,8.89966,0.221232,DWARF,0.014384754,0.0034722893,96.3568,0.38335,0.0,0.0,173,0.0321022943,,,0.00292192772,0.0,0.0,,,,,,,,,,,,0.3819,0.3848,bj2018,,,cdwrf,16.4718,0.003791,14.103,0.002049,1,,ucac4,bpbj,cooldwarfs_v8,1.64747310449342,1.1867556705584,97.872829534582,-64.2688418711286,0.0429112317970442,0.0413464141550289,1,0,565498906,5.284922936646853e+18,1.0443007
350430417,20190415,,,177-006176,05392780-5439286,,J053927.80-543928.8,4.768306746816346e+18,26946813,,STAR,tmgaia2,84.8658485993245,-54.6579994090659,tmgaia2,-3.85266,0.043675,-7.52493,0.0406341,gaia2,1.57975,0.0222851,gaia2,262.446673515006,-32.0720696252171,75.7699058173237,-77.8434944310134,13.333,0.027,12.618,0.103,,,,,,,,,,,11.76,0.026,11.466,0.022,11.423,0.023,AAA-222-111-000-0-0,,11.366,0.022,11.401,0.02,11.449,0.099,9.663,,12.6355,0.000205,12.2451,0.006,rered,gaia2,6321.0,131.143,4.22389,0.0841287,,,1.43068,0.068103,1.25,0.183312,0.426855,0.0956784,DWARF,2.94391,0.1566655,621.693,8.679,0.0665189,0.0100989351,67,0.0110384868,,,0.00108125911,0.011171,0.00902687,schlegel,0.18335,0.183274,0.0607261,0.0754799,0.108919,0.0824379,0.0957389,0.0725185,0.15667,0.156661,8.56,8.798,bj2018,143.891,118.396,dered,12.9347,0.001297,12.1917,0.001153,1,,ucac4,apassdr9,,0.762308720581583,0.630159649649081,84.8658199232466,-54.6580318080737,0.0211622992330043,0.0204250251101451,1,0,548361587,4.768306746816346e+18,1.0631044
238170530,20190415,,9342-01592-1,095-083694,23481686-7100496,,J234816.90-710049.7,6.386334138261966e+18,34541200,,STAR,tmgaia2,357.070234302216,-71.0138053275956,tmgaia2,26.0934,0.0499779,-0.0408208,0.0495308,gaia2,2.05786,0.0331742,gaia2,310.151598836239,-45.2187250575277,309.697750984282,-59.4238507725584,12.584,0.367,12.268,0.027,,,,,,,,,,,11.029,0.026,10.758,0.022,10.714,0.019,AAA-222-111-000-0-0,,10.65,0.023,10.683,0.02,10.614,0.072,8.696,,11.9771,0.0002,11.6014,0.006,rered,spect,6081.42,119.525,4.12478,0.0782129,-0.143934,0.0772251,1.53142,0.0731307,1.14,0.149228,0.317411,0.0693582,DWARF,2.8900373,0.1501895,479.339,7.6815,0.0224797,0.009700345,72,0.0207772,,,0.0005566069,0.0110777,0.00832299,schlegel,0.12042,0.178037,0.0642995,0.0819618,0.0667984,0.071918,0.0909966,0.0654292,0.122884,0.177495,7.561,7.802,bj2018,110.116,128.935,spect,12.2518,0.001874,11.5388,0.00254,1,,tycho2v3,tycho2b3,,0.951996798975903,0.768115182546912,357.070579622412,-71.013805503672,0.0269795875410794,0.0244043633048785,1,0,1725726597,6.386334138261966e+18,0.940019
238173421,20190415,,,091-076385,23505943-7149503,,J235059.57-714950.4,6.386178286784208e+18,34541866,,STAR,tmgaia2,357.747777643186,-71.8306811024942,tmgaia2,47.1212,0.0225241,1.3233,0.0201407,gaia2,1.44307,0.0119824,gaia2,309.478893156501,-44.521173682863,308.680980386962,-60.0959200003604,14.305,0.029,13.639,0.126,,,,,,,,,,,12.202,0.027,11.847,0.025,11.784,0.023,AAA-222-111-000-0-0,,11.755,0.023,11.8,0.021,11.745,0.184,9.433,,13.3937,0.000229,12.8963,0.006,rered,spect,5672.29,129.732,4.17183,0.0808583,0.184877,0.0847046,1.36546,0.0742111,1.01,0.129123,0.39672,0.09028,DWARF,1.73894942,0.06821595,679.356,5.572,0.0540185,0.01008523,72,0.000968818669,,,0.0003154198,0.00793646,0.012234,schlegel,0.109415,0.148831,0.0752729,0.0731492,0.0919382,0.0886218,0.0767375,0.084979,0.0671569,0.069275,5.527,5.617,bj2018,123.392,136.073,spect,13.7945,0.001312,12.8399,0.000903,1,,ucac4,apassdr9,,0.431221444308424,0.312362144019693,357.748428271521,-71.830675406047,0.0111168763644512,0.0106407664130307,1,0,1725729228,6.386178286784208e+18,1.1302143
141944775,20190415,,,082-008668,06214186-7347219,,J062141.83-734722.4,5.264946116040816e+18,33615974,,STAR,tmgaia2,95.4244394378218,-73.7894441180493,tmgaia2,-12.7628,0.0280893,-39.9032,0.0375212,gaia2,2.8453,0.0163975,gaia2,284.65440474223,-28.0346643367309,258.258958449404,-82.5482555019352,13.581,0.041,12.741,0.08,,,,,,,,,,,11.314,0.022,10.997,0.026,10.892,0.021,AAA-222-111-000-0-0,,10.841,0.023,10.88,0.021,10.823,0.06,9.112,,12.5727,0.000211,12.0516,0.006,rered,gaia2,5563.0,128.579,4.33962,0.0798154,,,1.10876,0.0559422,0.98,0.126713,0.718983,0.160443,DWARF,1.06072485,0.035136,347.927,2.0,0.085392,0.0101138046,306,0.0384053662,,,0.00188212225,0.0112322,0.00899541,schlegel,0.101327,0.152098,0.0605623,0.0513221,0.144431,0.176456,0.0732818,0.0863489,0.038496,0.031776,1.989,2.011,bj2018,124.485,132.672,dered,13.0029,0.001136,12.0013,0.000807,1,,ucac4,apassdr9,,0.544605224239577,0.581887863885995,95.4242425995711,-73.7896159235858,0.0146637866432949,0.0189688734469412,1,0,562193742,5.264946116040816e+18,1.0047741
204449649,20190415,,,297-231319,21440484-3042493,,J214404.87-304249.7,6.593213298342141e+18,17372403,,STAR,tmgaia2,326.020205622978,-30.7137219204719,tmgaia2,26.2876,0.0675763,-38.9222,0.0520967,gaia2,2.3066,0.0391417,gaia2,16.3784452687954,-49.1383540155619,317.9067829041,-16.1092494381668,13.105,0.014,12.57,0.069,,,,,,,,,,,11.345,0.023,11.076,0.025,11.017,0.021,AAA-222-111-000-0-0,,10.949,0.023,10.997,0.022,10.897,0.111,9.051,,12.3789,0.000251,11.9508,0.0074,rered,gaia2,5940.0,127.86,4.30347,0.0792162,,,1.21342,0.0590954,1.08,0.138036,0.604494,0.134823,DWARF,1.65143657,0.078602,428.33,7.238,0.0348023,0.006909385,87,0.0547672026,,,0.000367178145,0.00706729,0.00675148,panstarrs,0.16925,0.106822,0.0472693,0.0709216,0.132536,0.13711,0.0699197,0.0885128,0.0833364,0.0738676,7.118,7.358,bj2018,171.332,84.3874,dered,12.7132,0.001559,11.8977,0.001164,1,,ucac4,apassdr9,,1.08684203085168,0.808044224140037,326.020337272124,-30.7138895022257,0.0368731781154377,0.0296829145259121,1,0,1716567196,6.593213298342141e+18,0.9155829
350822747,20190415,,8532-00043-1,153-006745,05575869-5925249,,J055758.69-592524.9,4.764955607174017e+18,27274318,,STAR,tmgaia2,89.4945481044416,-59.423610231297,tmgaia2,2.96059,0.0388924,2.94154,0.0446947,gaia2,1.69751,0.021766,gaia2,268.152195272697,-29.8168111555913,87.9312257083432,-82.8592617655365,12.506,0.361,11.908,0.025,,,,,,,,,,,11.027,0.022,10.775,0.022,10.754,0.023,AAA-222-111-000-0-0,,10.674,0.023,10.7,0.021,10.539,0.058,9.291,0.406,11.8695,0.000277,11.5291,0.006,rered,gaia2,6523.0,133.164,4.09553,0.0886865,,,1.7172,0.0764548,1.34,0.219208,0.264631,0.0619855,DWARF,4.809803,0.2546385,579.289,7.36,0.0379933,0.009801785,100,0.02796839,,,0.00137067353,0.0122831,0.00732047,schlegel,0.176883,0.261534,0.0752347,0.0776749,0.0650883,0.0588826,0.0957427,0.0816304,0.230021,0.279256,7.268,7.452,bj2018,146.494,119.834,dered,12.1202,0.002017,11.4734,0.000836,1,,tycho2v3,tycho2b3,,0.694355966561505,0.693183046996597,89.4945731630588,-59.4235975663354,0.0194400613640087,0.0239883857285944,1,0,555867616,4.764955607174017e+18,1.0356656
350433778,20190415,,8527-01159-1,166-006286,05401455-5648471,,J054014.57-564847.1,4.766529386270701e+18,27262083,,STAR,tmgaia2,85.0606292976538,-56.8130957935636,tmgaia2,16.7888,0.0512385,-6.05945,0.0403182,gaia2,4.52095,0.0214884,gaia2,264.992554520439,-32.0405665136656,74.2799645905283,-79.982448351161,11.481,0.14,11.036,0.01,,,,,,,,,,,10.027,0.026,9.818,0.027,9.729,0.021,AAA-222-111-000-0-0,,9.699,0.023,9.719,0.02,9.69,0.029,9.433,0.376,10.9041,0.000752,10.537,0.006,rered,gaia2,6312.0,128.474,4.46915,0.0835875,,,1.0744,0.0454372,1.24,0.185594,0.999815,0.225935,DWARF,1.65081155,0.0735273,219.791,1.0455,0.0291523,0.01066159,69,0.00498414366,,,0.00546044158,0.0116917,0.00963148,schlegel,0.159101,0.212088,0.0399407,0.0509337,0.167315,0.284554,0.0674512,0.0997238,0.0629908,0.0840638,1.041,1.05,bj2018,126.019,130.929,dered,11.1889,0.002311,10.492,0.001849,1,,tycho2v3,tycho2b3,,0.903216620752687,0.625277037222795,85.06076135614,-56.8131218829321,0.0234256449309396,0.0207664071930245,1,0,549644443,4.766529386270701e+18,1.0169843
167796004,20190415,,8908-01495-1,143-008938,06574283-6132044,,J065742.82-613204.5,5.479213302767098e+18,29894143,,STAR,tmgaia2,104.428502600591,-61.5345664756298,tmgaia2,-9.13939,0.0474175,-12.1174,0.0408145,gaia2,4.1789,0.0202595,gaia2,271.784498719355,-22.9073816750257,148.136644832483,-81.961753464199,11.569,0.133,10.978,0.009,,,,,,,,,,,9.96,0.023,9.77,0.027,9.665,0.022,AAA-222-111-000-0-0,,9.647,0.022,9.69,0.019,9.64,0.032,9.337,0.465,10.8428,0.00027,10.4744,0.006,rered,spect,6061.41,115.584,4.23451,0.0761568,-0.00801011,0.0486191,1.34375,0.0591658,1.13,0.149205,0.465721,0.0975246,DWARF,2.19596028,0.08885355,237.657,1.1525,0.0559221,0.0103121046,127,0.00274080061,,,0.00405217,0.00732191,0.0133023,schlegel,0.122333,0.176077,0.0673477,0.0509839,0.0958273,0.0992218,0.0955037,0.0568099,0.0810848,0.0966223,1.147,1.158,bj2018,142.706,88.4629,spect,11.129,0.000769,10.4284,0.000757,1,,tycho2v3,tycho2b3,,0.855568687996165,0.632921422476666,104.428420041212,-61.534618647794,0.0188137126058681,0.0193766023163086,1,0,576726250,5.479213302767098e+18,1.0185475
238809126,20190415,,,122-169610,21471889-6537190,,J214718.89-653719.0,6.401918586010003e+18,33059998,,STAR,tmgaia2,326.828735730291,-65.6219663015702,tmgaia2,-2.2951,0.0235284,-4.29132,0.0298859,gaia2,3.42396,0.0243923,gaia2,326.53147453208,-42.0954906998359,301.24288729099,-48.2320529481261,14.225,0.016,13.428,0.172,,,,,,,,,,,11.834,0.03,11.408,0.025,11.314,0.03,AAA-222-111-000-0-0,,11.275,0.024,11.323,0.022,11.204,0.188,8.713,,13.1628,0.000257,12.6035,0.006,rered,spect,5125.47,124.06,4.57774,0.0910405,0.081868,0.0753676,0.789615,0.0503317,0.86,0.1073,1.74684,0.46522,DWARF,0.387668073,0.01634185,289.631,2.062,0.0237959,0.01009915,96,0.0244750045,,,0.000721780059,0.0139639,0.0062344,schlegel,0.0844607,0.130139,0.0487312,0.0519322,0.34719,0.58325,0.06724,0.114841,0.0168468,0.0158369,2.048,2.076,bj2018,128.147,119.973,spect,13.635,0.000899,12.5481,0.001102,1,,ucac4,apassdr9,,0.434111153848377,0.463662809673583,326.828711789516,-65.6219847780889,0.0130149419249612,0.0199956196527885,1,0,1716891157,6.401918586010003e+18,0.99996245
261259073,20190415,,9387-01374-1,050-003914,06003887-8007115,,J060038.88-800711.2,5.21096964282626e+18,35118429,,STAR,tmgaia2,90.1620319892266,-80.1198629781233,tmgaia2,-1.2035,0.029874,24.0981,0.0375162,gaia2,1.12528,0.0189145,gaia2,291.912417826706,-28.8676056440823,269.8813909891,-76.4407889715959,12.306,0.241,11.551,0.017,,,,,,,,,,,10.672,0.024,10.43,0.024,10.365,0.024,AAA-222-111-000-0-0,,10.307,0.022,10.333,0.02,10.232,0.043,9.277,,11.7219,0.000186,11.3026,0.006,rered,gaia2,6312.0,131.236,3.51888,0.0854727,,,3.20852,0.155284,1.24,0.190026,0.0375412,0.00845446,DWARF,14.72216,0.8271215,866.486,14.31,0.108096,0.01002998,116,0.003773868,,,0.000469913968,0.00974256,0.0103174,schlegel,0.162874,0.217178,0.182443,0.128125,0.00862766,0.00828126,0.0916786,0.0792667,1.01227,0.641973,14.078,14.542,bj2018,135.216,127.257,dered,12.0458,0.001141,11.2455,0.000648,1,,tycho2v3,tycho2b3,,0.605209975719446,0.581850380032522,90.1620017904429,-80.1197592224155,0.0160985594182146,0.02015776383382,1,0,556407375,5.21096964282626e+18,0.94326764
183802335,20190415,,9348-01009-1,071-001152,01232011-7550050,,J012320.12-755004.9,4.637682738212242e+18,34562509,,STAR,tmgaia2,20.8338077219429,-75.834718254343,tmgaia2,7.36693,0.0413636,-0.215983,0.0317797,gaia2,3.42059,0.020209,gaia2,300.348433592119,-41.1331286368697,306.791694703438,-67.5489633718807,12.606,0.298,12.063,0.02,,,,,,,,,,,10.691,0.022,10.384,0.021,10.314,0.019,AAA-222-111-000-0-0,,10.303,0.022,10.343,0.019,10.276,0.054,9.176,,11.7381,0.000196,11.2971,0.006,rered,spect,6231.6,120.884,4.5109,0.0823584,-0.01,0.12,1.00733,0.0460377,1.2,0.168997,1.17399,0.260512,DWARF,1.37859678,0.05780855,289.905,1.7115,0.0420642,0.009696375,129,0.0208546929,,,0.00152778451,0.0114547,0.00793805,schlegel,0.137911,0.200083,0.0428442,0.0492312,0.195368,0.325656,0.0823477,0.082369,0.0518242,0.0637929,1.702,1.721,bj2018,145.439,96.329,spect,12.0861,0.001581,11.245,0.001092,1,,tycho2v3,tycho2b3,,0.81297202742491,0.492878834355018,20.8339373343106,-75.8347191843046,0.0211042041441239,0.0170064199800623,1,0,515214050,4.637682738212242e+18,0.94306314
150064573,20190415,,8897-00848-1,140-006896,06053640-6207190,,J060536.38-620719.1,5.48120273161956e+18,29858738,,STAR,tmgaia2,91.4016345833781,-62.1219962563308,tmgaia2,-3.27016,0.042764,2.65324,0.0529873,gaia2,1.60682,0.0230039,gaia2,271.312555304122,-29.06041579542,98.4205132729266,-85.5202655687077,12.747,0.473,12.241,0.033,,,,,,,,,,,11.486,0.023,11.332,0.025,11.262,0.023,AAA-222-111-000-0-0,,11.226,0.023,11.238,0.02,11.209,0.075,9.912,,12.208,0.000248,11.9105,0.006,rered,gaia2,6795.0,136.728,4.2955,0.0899797,,,1.42384,0.0626834,1.46,0.248011,0.505789,0.121895,DWARF,3.89381123,0.2299645,611.422,8.666,0.0346441,0.01067675,156,0.0157805253,,,0.001398861,0.0109714,0.0103821,schlegel,0.17959,0.316432,0.0532317,0.0721352,0.0857371,0.158052,0.0968594,0.0831,0.215638,0.244291,8.545,8.787,bj2018,112.158,161.298,dered,12.4237,0.002563,11.8568,0.001041,1,,tycho2v3,tycho2b3,,0.774061562523066,0.821698625880202,91.4016044718686,-62.1219848326618,0.0205391441631317,0.0254905389015285,1,0,557487772,5.48120273161956e+18,1.0830598
389446952,20190415,,,263-196651,20484474-3726188,,J204844.73-372618.8,6.778051034153632e+18,19572552,,STAR,tmgaia2,312.186410655754,-37.4385622522409,tmgaia2,-2.59594,0.0613558,3.12176,0.0372997,gaia2,1.33293,0.0355705,gaia2,5.2147346945495,-38.558382175928,304.302138562609,-18.8882267265355,13.697,0.008,13.128,0.08,,,,,,,,,,,12.141,0.027,11.86,0.026,11.813,0.025,AAA-222-111-000-0-0,,11.778,0.023,11.81,0.023,11.588,0.202,8.882,,13.0301,0.000317,12.6522,0.006,rered,gaia2,6266.0,138.268,4.24489,0.0901755,,,1.37965,0.0698995,1.22,0.18677,0.464574,0.113603,DWARF,2.643582,0.1794955,734.938,19.3745,0.0346796,0.0103485147,117,0.0569791421,,,0.000226303018,0.00848743,0.0122096,schlegel,0.192984,0.180556,0.0559578,0.0838412,0.113589,0.113617,0.0929508,0.0874003,0.188028,0.170963,18.873,19.876,bj2018,145.495,131.04,dered,13.3111,0.000953,12.5935,0.000815,1,,ucac4,apassdr9,,1.0046332208285,0.578444975833687,312.186396579073,-37.4385488113305,0.0317604050881255,0.0186157014536665,1,0,1708599402,6.778051034153632e+18,1.0943943
280911795,20190415,,,046-004182,06473536-8058164,,J064735.38-805816.4,5.207541125052712e+18,35134338,,STAR,tmgaia2,101.897401297125,-80.9712533446586,tmgaia2,2.70822,0.0391451,8.82476,0.0462006,gaia2,2.22061,0.0240994,gaia2,292.796808619614,-26.915704251472,262.683039948264,-75.2839122007898,13.271,0.042,12.668,0.046,,,,,,,,,,,11.347,0.026,11.042,0.023,10.979,0.024,AAA-222-111-000-0-0,,10.926,0.023,10.941,0.02,10.833,0.068,9.334,0.43,12.4981,0.000181,12.0438,0.006,rered,gaia2,6251.0,131.259,4.33874,0.0831437,,,1.23327,0.0568342,1.21,0.172474,0.64508,0.148537,DWARF,2.09222,0.09776605,444.587,4.8,0.146998,0.0095942,132,0.0309497751,,,0.00105176913,0.0066658,0.0125226,schlegel,0.145976,0.198971,0.0568121,0.0568563,0.126228,0.170845,0.0831443,0.0831432,0.102721,0.0928111,4.749,4.851,bj2018,125.065,137.453,dered,12.8515,0.001658,11.9824,0.000864,1,,ucac4,apassdr9,,0.798018500661015,0.716480955101891,101.897475600269,-80.9712153491714,0.0204391561490263,0.0230744334107787,1,0,571931013,5.207541125052712e+18,1.2086544
150441507,20190415,,8894-00940-1,148-008036,06305382-6035005,,J063053.81-603500.3,5.481617561036964e+18,29875068,,STAR,tmgaia2,97.7242405885556,-60.5834867464973,tmgaia2,-0.623048,0.0385031,22.6165,0.0423321,gaia2,2.05218,0.0206419,gaia2,269.998570867911,-25.8693347458315,123.418681974153,-83.1158997881065,12.616,0.481,12.043,0.069,,,,,,,,,,,10.89,0.024,10.632,0.022,10.553,0.023,AAA-222-111-000-0-0,,10.544,0.023,10.575,0.02,10.457,0.055,9.064,,11.8554,0.00029,11.4757,0.006,rered,gaia2,6335.0,129.046,4.15355,0.0858218,,,1.55136,0.0691055,1.25,0.192808,0.334791,0.0772273,DWARF,3.492251,0.1643335,480.551,4.803,0.0534802,0.00992139,138,0.07414503,,,0.00163890282,0.0107801,0.00906268,schlegel,0.154242,0.231375,0.0595417,0.0786693,0.0730393,0.0814154,0.090005,0.0816386,0.138687,0.18998,4.756,4.85,bj2018,105.707,152.385,dered,12.1409,0.001336,11.4188,0.000752,1,,ucac4,tycho2b3,,0.691390920737203,0.656525726314169,97.7242351267996,-60.5833893698994,0.0177304876798408,0.0222805283004087,1,0,565496809,5.481617561036964e+18,1.3239566
150443185,20190415,,8898-00763-1,133-008641,06312829-6332073,,J063128.28-633206.7,5.477159247544461e+18,29875448,,STAR,tmgaia2,97.8678805718089,-63.5353762050229,tmgaia2,-3.89298,0.06345,52.2477,0.0533954,gaia2,2.7778,0.0276256,gaia2,273.254369208484,-26.2769688964704,141.268464630414,-85.5147876400193,9.848,0.048,9.66,0.004,,,,,,,,,,,9.915,0.023,9.51,0.024,9.393,0.021,AAA-222-111-000-0-0,,8.748,0.023,8.757,0.02,8.729,0.021,8.713,0.17,9.60049,0.001947,9.4343,0.0063,rered,spect,7421.34,110.945,3.92822,0.0752544,-0.431548,0.045768,2.34502,0.0853492,1.7,0.259923,0.131828,0.0254665,DWARF,15.028595,0.6901765,356.326,3.534,0.0399075,0.01032235,154,0.0288587585,,,0.00313228415,0.0101663,0.0104784,schlegel,0.181974,0.337873,0.0789653,0.0917332,0.0172248,0.0337082,0.051796,0.0987127,0.761561,0.618792,3.5,3.568,bj2018,111.237,110.652,spect,9.73502,0.005718,9.39992,0.009665,1,,tycho2v3,tycho2b3,,1.15707991033431,0.82807711149131,97.8678429601775,-63.535151249651,0.0267852299295212,0.0272477065475638,1,0,565498487,5.477159247544461e+18,1.0130173
150442268,20190415,,,141-007774,06312466-6153270,,J063124.71-615327.2,5.478292294276808e+18,29875410,,STAR,tmgaia2,97.852822095534,-61.8908466335459,tmgaia2,21.7858,0.0494443,-19.1053,0.0712041,gaia2,5.11598,0.0226118,gaia2,271.443525205844,-26.0270838129669,129.764438259419,-84.2239241017743,12.142,0.029,11.454,0.057,,,,,,,,,,,10.257,0.023,9.926,0.022,9.891,0.021,AAA-222-111-000-0-0,,9.84,0.023,9.883,0.021,9.778,0.034,9.707,0.535,11.3133,0.000443,10.8623,0.006,rered,spect,5595.2,132.045,4.42115,0.0828283,-0.04,0.1,1.01455,0.056603,0.99,0.126407,0.948002,0.225347,DWARF,0.908882558,0.033888,194.371,0.8605,0.0266221,0.009899895,113,0.0108559988,,,0.0047256113,0.0115689,0.00823089,schlegel,0.113228,0.139586,0.0459643,0.0672417,0.150242,0.300452,0.082819,0.0828375,0.0252737,0.0425023,0.857,0.864,bj2018,174.211,89.8788,spect,11.6754,0.001496,10.8143,0.001006,1,,ucac4,apassdr9,,0.893841143637493,1.10396880759812,97.8530211816328,-61.8909288926209,0.0215355152152371,0.0259595175421431,1,0,565497570,5.478292294276808e+18,0.73090625
280911188,20190415,,,052-004428,06494111-7939014,,J064941.08-793901.3,5.210857737455165e+18,34640178,,STAR,tmgaia2,102.421173820078,-79.6504290249243,tmgaia2,-1.03643,0.0367418,24.6731,0.0405586,gaia2,4.20149,0.02074,gaia2,291.328105093647,-26.7300870999633,260.476270521475,-76.4936226411451,13.766,0.016,13.111,0.057,,,,,,,,,,,11.19,0.022,10.763,0.026,10.598,0.024,AAA-222-111-000-0-0,,10.483,0.023,10.494,0.02,10.38,0.046,9.123,,12.6219,0.000837,12.0236,0.0061,rered,gaia2,5517.0,133.206,4.55948,0.0818105,,,0.856404,0.0447085,0.97,0.123633,1.54431,0.347367,DWARF,0.612159,0.0196078,236.389,1.1675,0.190781,0.00971931,102,0.0427524932,,,0.00212046364,0.010992,0.00844662,schlegel,0.158065,0.089201,0.0432583,0.0461588,0.255977,0.438756,0.0665643,0.0970568,0.0151675,0.0240481,1.162,1.173,bj2018,177.702,88.7098,dered,13.1251,0.003388,11.9696,0.002466,1,,ucac4,apassdr9,,0.741743557192029,0.62909491674931,102.421148981097,-79.6503227935216,0.0177356168687305,0.0234340803303809,1,0,572823294,5.210857737455165e+18,1.1093441
389446710,20190415,,,261-194250,20484794-3754042,,J204847.95-375404.4,6.778023030966689e+18,19572636,,STAR,tmgaia2,312.199744900643,-37.9011580725394,tmgaia2,13.4267,0.0522603,-23.9756,0.0407395,gaia2,2.74354,0.0349972,gaia2,4.62885822044265,-38.62478152958,304.174426494743,-19.3349306961853,13.718,0.021,12.985,0.08,,,,,,,,,,,11.756,0.026,11.411,0.026,11.365,0.026,AAA-222-111-000-0-0,,11.338,0.022,11.361,0.021,11.542,0.247,9.095,,12.8591,0.000179,12.4045,0.006,rered,gaia2,5762.0,128.236,4.56835,0.0803248,,,0.873532,0.0426633,1.03,0.135935,1.54526,0.342354,DWARF,0.7577846,0.03226155,360.777,4.5905,0.0333714,0.0104989549,115,0.0201249439,,,0.000488522463,0.0114679,0.00953001,schlegel,0.127679,0.14419,0.0341618,0.0511648,0.422243,0.262465,0.0947682,0.0658814,0.0273958,0.0371273,4.533,4.648,bj2018,155.099,101.374,dered,13.2178,0.001068,12.3496,0.000599,1,,ucac4,apassdr9,,0.856877886526376,0.63178997646016,312.199818163194,-37.9012613008407,0.0268976885616722,0.0203470189577649,1,0,1708599264,6.778023030966689e+18,1.0369633
394482527,20190415,,,181-217646,21033520-5356511,,J210335.22-535651.2,6.464198974759961e+18,26912051,,STAR,tmgaia2,315.896731946346,-53.9475609695492,tmgaia2,14.0489,0.0596125,-4.23479,0.0518655,gaia2,2.01259,0.0358986,gaia2,343.649920376964,-40.8597852423162,301.215767179943,-35.3690456832149,12.957,0.021,12.382,0.069,,,,,,,,,,,11.293,0.021,11.028,0.026,10.983,0.023,AAA-222-111-000-0-0,,10.94,0.022,10.966,0.02,10.944,0.106,8.993,,12.2531,0.000145,11.8531,0.006,rered,gaia2,6119.0,136.177,4.21853,0.0814193,,,1.38076,0.0705352,1.15,0.153563,0.436857,0.101318,DWARF,2.407993,0.127777,490.043,8.6895,0.0338482,0.0104640946,98,0.02360062,,,0.000392425718,0.0110924,0.00983579,schlegel,0.1269,0.180227,0.0441799,0.0968904,0.0953931,0.107242,0.0845977,0.0782409,0.135971,0.119583,8.538,8.841,bj2018,147.476,124.878,dered,12.5578,0.001384,11.7976,0.001123,1,,ucac4,apassdr9,,1.03711652083469,0.804279622519622,315.896834725793,-53.9475792027168,0.0263824124456108,0.02420706545089,1,0,1711301462,6.464198974759961e+18,0.96575004
167088080,20190415,,,103-020270,06232110-6924227,,J062320.61-692423.8,5.279535501477508e+18,33112907,,STAR,tmgaia2,95.8379703260303,-69.4063267854541,tmgaia2,-15.3702,0.0737353,-42.7341,0.0655036,gaia2,15.5454,0.0315056,gaia2,279.70638256025,-27.7175141317468,235.117246141616,-86.4132973724158,17.632,-0.163,15.907,0.217,,,,,,,,,,,11.857,0.023,11.282,0.027,11.017,0.025,AAA-222-111-000-0-0,,13.103,0.129,12.588,0.118,12.555,0.485,9.794,,14.6088,0.000385,13.3785,0.00748761,cdwrf,cdwrf,3386.0,157.0,4.91146,0.00382273,,,0.313155,0.00952921,0.291681,0.0202916,9.49795,0.20531,DWARF,0.0116134491,0.002876479,64.2084,0.1309,0.0,0.0,603,0.0254106224,,,0.00531186955,0.0,0.0,,,,,,,,,,,,0.1307,0.1311,bj2018,,,cdwrf,16.0287,0.002193,13.4421,0.00213,1,,ucac4,apassdr9,cooldwarfs_v8,1.39060105914667,1.01587384964696,95.8377821825906,-69.406510779599,0.0335188445074871,0.0339677918461217,1,0,562855405,5.279535501477508e+18,1.0461296
201295202,20190415,,,,00134227-5645247,,J001342.16-564526.0,4.919521275314012e+18,,,STAR,tmgaia2,3.42619411955884,-56.7568732927144,tmgaia2,-86.3911,0.0831111,-127.201,0.0806584,gaia2,10.6616,0.0597423,gaia2,313.164008824897,-59.6154927976934,331.056231227233,-51.2944441047116,,,17.31,0.2,,,,,,,,,,,13.026,0.024,12.498,0.028,12.271,0.026,AAA-222-111-000-0-0,,12.085,0.022,11.894,0.022,11.767,0.226,8.932,0.503,16.0766,0.000789,14.7285,0.00790038,cdwrf,cdwrf,3213.0,157.0,4.96677,0.0102641,,,0.26503,0.0082094,0.237299,0.0202644,12.7471,0.0935002,DWARF,0.006744157,0.00174639421,93.5454,0.52675,0.0,0.0,42,0.00379275368,,,0.0007106627,0.0,0.0,,,,,,,,,,,,0.5238,0.5297,bj2018,,,cdwrf,17.7561,0.01567,14.8186,0.003242,1,,cdwrf,,cooldwarfs_v8,1.46484821359999,1.25086365835594,3.42551559622851,-56.7574209655197,0.0442546573550127,0.0405813958430957,1,0,508157368,4.919521275314012e+18,1.130628
261259291,20190415,28440,9387-01952-1,048-003827,06001948-8035531,,J060019.63-803553.2,5.210753902325815e+18,35223770,,STAR,tmgaia2,90.0812497284041,-80.5980954399572,tmgaia2,33.4732,0.0382518,-3.28403,0.0419805,gaia2,5.22353,0.0229681,gaia2,292.455541070668,-28.8170833825549,269.945257539531,-75.9626077826578,9.775,0.041,9.33,0.03,,,,,,,,,,,8.395,0.03,8.143,0.024,8.126,0.031,AAA-111-111-000-0-0,,8.133,0.023,8.139,0.02,8.125,0.018,8.338,0.18,9.21495,0.003711,8.8948,0.0071,rered,gaia2,6766.0,145.57,4.07105,0.0898327,,,1.83735,0.0817538,1.45,0.254761,0.233774,0.0557817,DWARF,6.373885,0.315064,190.391,0.839,0.0624002,0.01009499,140,0.0181758851,,,0.00417005,0.0110109,0.00917908,schlegel,0.175388,0.334133,0.0648543,0.0986533,0.0469296,0.0646338,0.0786314,0.101034,0.30341,0.326718,0.836,0.842,bj2018,129.988,161.151,dered,9.45905,0.011578,8.84789,0.011214,1,,hipvmag,tycho2b3,,0.777679027765739,0.651078824647049,90.0821319628577,-80.5981095806256,0.0210120330027216,0.022272719832116,1,0,556407450,5.210753902325815e+18,0.91223246
238175626,20190415,,9339-00420-1,109-125602,23515855-6819381,,J235158.59-681937.8,6.38847564331457e+18,31997080,,STAR,tmgaia2,357.993928149362,-68.3272113680607,tmgaia2,24.6899,0.0341366,0.837394,0.0347085,gaia2,2.6485,0.0215642,gaia2,311.048860852529,-47.8530489890714,314.050554212936,-57.9387638060817,12.398,0.234,11.517,0.018,,,,,,,,,,,10.546,0.023,10.225,0.024,10.143,0.019,AAA-222-111-000-0-0,,10.114,0.022,10.156,0.02,10.067,0.046,8.678,,11.6072,0.000228,11.1579,0.006,rered,spect,5534.8,129.038,3.94937,0.0859867,0.17,0.1,1.72876,0.0962413,0.97,0.129419,0.187744,0.0454148,DWARF,2.52681255,0.09406845,373.517,3.0315,0.0191473,0.00965079,46,0.0198675469,,,0.0006122769,0.0113682,0.00793338,schlegel,0.118029,0.140808,0.0977915,0.094691,0.0275047,0.0633249,0.129004,0.0429694,0.0739759,0.114161,3.008,3.055,bj2018,107.583,150.493,spect,11.9662,0.001104,11.1084,0.000606,1,,tycho2v3,tycho2b3,,0.639727622481422,0.538268324873247,357.9942159971,-68.3272077628624,0.0183281495153298,0.0175620678961342,1,0,1725731176,6.38847564331457e+18,0.8150049
238809913,20190415,,9119-00354-1,136-179125,21473883-6254240,,J214738.87-625424.1,6.402925291985015e+18,31752694,,STAR,tmgaia2,326.911791911928,-62.9066559165292,tmgaia2,15.4173,0.0375606,-4.78733,0.0489124,gaia2,1.48607,0.0358908,gaia2,329.734508429097,-43.4549439140638,303.239248929394,-45.88137699882,9.535,0.033,9.267,0.002,,,,,,,,,,,8.753,0.021,8.632,0.034,8.582,0.025,AAA-112-111-000-0-0,,8.501,0.023,8.532,0.02,8.542,0.026,8.603,0.524,9.23521,0.00064,9.0476,0.006,rered,gaia2,7541.0,135.539,3.29791,0.0830277,,,4.90175,0.202349,1.74,0.285978,0.0147739,0.00321127,DWARF,70.0023651,4.3349,660.478,15.7845,0.0248897,0.0100584552,84,0.0530651845,,,0.0003852122,0.00838051,0.0117364,schlegel,0.220724,0.351232,0.205493,0.199205,0.0023272,0.00409534,0.0579863,0.108069,4.76836,3.90144,15.414,16.155,bj2018,157.313,113.765,dered,9.38127,0.0021,9.01172,0.001344,1,,tycho2v3,tycho2b3,,0.682746391475347,0.758674560073677,326.911937660709,-62.9066765287198,0.0195165949894088,0.0284164157160507,1,0,1716891853,6.402925291985015e+18,1.2876229
389446581,20190415,,7963-01452-1,260-195751,20490311-3809546,,J204903.11-380954.8,6.777946340030498e+18,19572966,,STAR,tmgaia2,312.262949370214,-38.1651679362624,tmgaia2,11.9239,0.0742432,-18.9113,0.0577754,gaia2,4.25656,0.0511553,gaia2,4.30036748174263,-38.7047335322804,304.145655895969,-19.6022203743269,10.935,0.074,10.452,0.005,,,,,,,,,,,9.544,0.024,9.326,0.024,9.294,0.023,AAA-222-111-000-0-0,,9.244,0.023,9.279,0.02,9.278,0.038,8.891,0.448,10.2903,0.000321,9.9645,0.006,rered,spect,6252.1,124.838,4.1431,0.0860645,-0.23,0.12,1.54482,0.0766207,1.21,0.175179,0.328212,0.0783316,DWARF,3.285129,0.1653315,233.401,2.8085,0.029841,0.0100909146,102,0.0044191773,,,0.00106315222,0.00988523,0.0102966,schlegel,0.17518,0.175178,0.0672513,0.08599,0.0768058,0.0798573,0.0924741,0.0796548,0.18168,0.148983,2.775,2.842,bj2018,121.068,128.608,spect,10.5389,0.000694,9.91997,0.000813,1,,tycho2v3,tycho2b3,,1.21823227588638,0.895971406936569,312.263014667694,-38.1652493599339,0.03655696258738,0.028478412845598,1,0,1708805806,6.777946340030498e+18,0.80338556
201292065,20190415,,8464-00772-1,180-000204,00113813-5409552,,J001138.12-540955.2,4.923811432247425e+18,25162113,,STAR,tmgaia2,2.90888673339395,-54.1653345620639,tmgaia2,-4.16456,0.031022,4.74629,0.0345611,gaia2,2.02531,0.0263365,gaia2,315.372299990344,-61.9910864969159,333.209920743978,-49.0804327455154,12.222,0.193,11.514,0.013,,,,,,,,,,,10.767,0.026,10.558,0.026,10.433,0.021,AAA-222-111-000-0-0,,10.393,0.022,10.455,0.02,10.41,0.064,9.082,,11.6654,0.000239,11.2834,0.006,rered,gaia2,6140.0,130.452,4.02341,0.0850996,,,1.73604,0.0792086,1.16,0.162946,0.221708,0.0512721,DWARF,3.859102,0.190397,486.867,6.2905,0.0116044,0.01020408,33,0.009646208,,,0.0004887222,0.0113006,0.00910756,schlegel,0.142975,0.182917,0.0609714,0.0974457,0.0529132,0.049631,0.087574,0.0826252,0.173607,0.207187,6.211,6.37,bj2018,124.496,136.409,dered,11.954,0.001038,11.2292,0.000685,1,,tycho2v3,tycho2b3,,0.540340820357623,0.535977254887488,2.9088561060181,-54.1653141266523,0.0174798030930026,0.0173288308325946,1,0,507942055,4.923811432247425e+18,1.1361775
204445509,20190415,,7487-01096-1,300-264084,21430930-3010581,,J214309.34-301058.3,6.785417349740497e+18,17371879,,STAR,tmgaia2,325.788838683145,-30.1828501848092,tmgaia2,31.8568,0.085214,-10.3151,0.0772671,gaia2,2.0285,0.0605187,gaia2,17.1413428166683,-48.8716027875692,317.900918318827,-15.5421726992816,11.994,0.274,11.726,0.021,,,,,,,,,,,10.385,0.021,10.158,0.025,10.084,0.025,AAA-222-111-000-0-0,,10.029,0.023,10.059,0.02,9.903,0.061,8.405,,11.3087,0.000772,10.9265,0.0091,rered,gaia2,6292.0,132.972,3.91206,0.0856977,,,2.03216,0.110955,1.23,0.175392,0.146565,0.0347365,DWARF,5.83131075,0.433679,486.609,14.454,0.0471378,0.009826345,64,0.01607838,,,0.0003467385,0.00774459,0.0119081,panstarrs,0.161495,0.18929,0.122086,0.0998236,0.0203401,0.0491328,0.0552015,0.116194,0.563061,0.304297,14.033,14.875,bj2018,128.098,137.846,dered,11.604,0.001743,10.8776,0.00089,1,,tycho2v3,tycho2b3,,1.36870300672308,1.19855313606327,325.78899735645,-30.1828945971412,0.0439502575818055,0.0467753204488744,1,0,1716459560,6.785417349740497e+18,1.3103825
238175701,20190415,,,108-127277,23522388-6831156,,J235223.92-683115.4,6.388463759141229e+18,31997101,,STAR,tmgaia2,358.09953527954,-68.5209729258125,tmgaia2,20.7992,0.0256116,3.79532,0.0260645,gaia2,1.71953,0.0184673,gaia2,310.896900473407,-47.6838751414552,313.824429320571,-58.0959483090321,14.019,0.051,13.457,0.092,,,,,,,,,,,12.226,0.023,11.924,0.026,11.861,0.021,AAA-222-111-000-0-0,,11.859,0.023,11.9,0.022,11.596,0.158,9.233,,13.2695,0.000227,12.8398,0.006,rered,gaia2,5867.0,134.94,4.39306,0.0783478,,,1.08432,0.053706,1.06,0.134637,0.831456,0.177117,DWARF,1.25507617,0.05305115,571.977,6.0875,0.0203244,0.01059714,73,0.00111467461,,,0.00044873677,0.00971748,0.0114768,schlegel,0.121175,0.148098,0.0640879,0.0433241,0.161758,0.192476,0.0735455,0.0831502,0.0547383,0.051364,6.024,6.151,bj2018,134.513,135.367,dered,13.6026,0.001134,12.784,0.000558,1,,ucac4,apassdr9,,0.48054634816416,0.404212993531582,358.099779850107,-68.5209565850291,0.0146819681743563,0.0131280668683509,1,0,1725948219,6.388463759141229e+18,0.9759986
139191322,20190415,,,230-191640,23011225-4411257,,J230112.28-441125.8,6.540305524663324e+18,22081318,,STAR,tmgaia2,345.301008219249,-44.1905005012586,tmgaia2,46.9744,0.0441206,-6.52592,0.0693878,gaia2,2.6864,0.0455071,gaia2,348.038163603333,-62.0775372937171,327.362208757734,-34.5521718618219,13.762,0.005,13.103,0.103,,,,,,,,,,,11.728,0.022,11.403,0.026,11.303,0.025,AAA-222-111-000-0-0,,11.285,0.023,11.341,0.022,11.351,0.144,9.134,0.484,12.8772,0.000433,12.3952,0.006,rered,gaia2,5488.0,128.841,4.46111,0.0844539,,,0.954145,0.0524975,0.96,0.13039,1.10517,0.260633,DWARF,0.74401176,0.03426675,368.414,6.225,0.00715766,0.00997878,36,0.00353564485,,,0.000500461,0.00805226,0.0119053,schlegel,0.135893,0.124887,0.0694397,0.0355553,0.280692,0.240574,0.0857874,0.0831203,0.02677,0.0417635,6.122,6.328,bj2018,130.496,127.186,dered,13.2659,0.001103,12.3409,0.0007,1,,ucac4,apassdr9,,0.738308790191274,1.07617814405679,345.301290288282,-44.1905285993159,0.0186320071157973,0.0378906548731531,1,0,1722800322,6.540305524663324e+18,0.9820186
261256358,20190415,,,051-003895,05572481-7956342,,J055724.81-795634.3,4.62312454712883e+18,34625830,,STAR,tmgaia2,89.3534203885769,-79.9428386513306,tmgaia2,-1.66948,0.0422912,-37.133,0.0442932,gaia2,3.71417,0.0276331,gaia2,291.733917973936,-29.0304932887916,270.487794339162,-76.6167851391156,13.573,0.08,12.73,0.057,,,,,,,,,,,11.277,0.026,10.906,0.032,10.757,0.023,AAA-222-111-000-0-0,,10.651,0.023,10.686,0.021,10.601,0.054,9.664,0.513,12.5257,0.000146,11.995,0.006,rered,gaia2,5429.0,122.958,4.50973,0.0806796,,,0.897488,0.0471533,0.95,0.118464,1.31413,0.294154,DWARF,0.630422235,0.02092955,267.177,1.9875,0.0657292,0.009872785,126,0.0569793731,,,0.00203865813,0.0110391,0.00870647,schlegel,0.0802887,0.15664,0.0442905,0.0500161,0.278125,0.310182,0.108424,0.0529352,0.0193208,0.0225383,1.973,2.002,bj2018,147.131,98.7847,dered,12.9654,0.000994,11.9429,0.000786,1,,ucac4,apassdr9,,0.855641669984801,0.687084035337041,89.3533792271805,-79.9429985295269,0.0221330689547039,0.0272210180903092,1,0,556142672,4.62312454712883e+18,1.1884477
204446434,20190415,,7487-01601-1,290-222675,21432628-3211129,,J214326.32-321112.9,6.592785077217481e+18,17372039,,STAR,tmgaia2,325.859543671209,-32.1869209013903,tmgaia2,41.1386,0.11266,-5.98405,0.0953095,gaia2,7.17893,0.0762759,gaia2,14.116602542161,-49.163928130806,317.242746656349,-17.44525740713,9.039,0.034,8.677,0.002,,,,,,,,,,,7.953,0.02,7.828,0.027,7.793,0.026,AAA-111-111-000-0-0,,7.727,0.029,7.755,0.02,7.74,0.019,7.806,0.238,8.58831,0.000361,8.3259,0.006,rered,spect,6836.0,127.763,4.16939,0.0890794,,,1.65755,0.0741709,1.48,0.253334,0.324982,0.0761229,DWARF,5.405525,0.296641,138.764,1.48,0.0187576,0.01053124,73,0.000157607443,,,0.00220066449,0.0124814,0.00858108,schlegel,0.168843,0.337824,0.0840583,0.0642834,0.0774673,0.0747785,0.0935087,0.0846501,0.230207,0.363075,1.464,1.496,bj2018,120.127,135.399,spect,8.78847,0.0009,8.28723,0.001894,1,,tycho2v3,tycho2b3,,1.81872661670809,1.47822196705663,325.859752960391,-32.1869466662226,0.0680050970453777,0.0522782845091438,1,0,1716460436,6.592785077217481e+18,1.0395969
280913296,20190415,,9384-01021-1,058-004994,06495323-7830427,,J064953.18-783042.9,5.211582006380304e+18,34640237,,STAR,tmgaia2,102.471734418583,-78.511898742669,tmgaia2,-11.182,0.0398045,-10.6203,0.0480043,gaia2,6.25344,0.0192744,gaia2,290.060052948122,-26.6185281066617,258.499106795613,-77.5421435471387,12.343,0.269,11.676,0.019,,,,,,,,,,,10.047,0.026,9.669,0.024,9.587,0.023,AAA-222-111-000-0-0,,9.519,0.023,9.569,0.02,9.543,0.03,9.78,0.529,11.2896,0.000299,10.7742,0.006,rered,spect,5278.1,131.564,4.31066,0.0864082,-0.26,0.1,1.10466,0.0684422,0.91,0.113477,0.675088,0.164577,DWARF,0.853216,0.03087105,159.176,0.492,0.137816,0.01006937,123,0.06128258,,,0.00385717954,0.00855344,0.0115853,schlegel,0.12196,0.104995,0.0501623,0.0867221,0.157176,0.171977,0.0825616,0.0902547,0.0318117,0.0299304,0.49,0.494,bj2018,147.159,115.968,spect,11.7144,0.001618,10.7256,0.000775,1,,tycho2v3,tycho2b3,,0.797051806280499,0.744462274005242,102.47149268504,-78.5119444690606,0.0207262742199244,0.0242672160503494,1,0,572824754,5.211582006380304e+18,0.864378
204441123,20190415,,,296-234859,21414108-3058108,,J214141.10-305811.1,6.593118705981771e+18,17371037,,STAR,tmgaia2,325.421222534248,-30.969687936982,tmgaia2,13.9631,0.0838226,-31.1993,0.0766784,gaia2,3.83275,0.0613336,gaia2,15.8954905610084,-48.6596014548453,317.312537449477,-16.1737930186109,13.144,0.026,12.467,0.08,,,,,,,,,,,11.107,0.021,10.771,0.021,10.688,0.021,AAA-222-111-000-0-0,,10.651,0.023,10.697,0.021,10.706,0.096,8.698,,12.2706,0.00018,11.7868,0.0076,rered,gaia2,5577.0,126.607,4.53726,0.0822138,,,0.883116,0.0463417,0.98,0.13208,1.42289,0.319024,DWARF,0.6797243,0.0300244,259.06,4.149,0.0325111,0.007003715,72,0.00433122925,,,0.00066131074,0.0069788,0.00702863,panstarrs,0.123566,0.140594,0.0479065,0.0447769,0.318992,0.319056,0.0763838,0.0880438,0.0268804,0.0331684,4.084,4.214,bj2018,120.068,133.146,dered,12.6618,0.001386,11.7343,0.000972,1,,ucac4,apassdr9,,1.34901190013209,1.18935910063259,325.421292648689,-30.9698222673202,0.04712645313171,0.0447960894110326,1,0,1716237679,6.593118705981771e+18,0.98206997
238809179,20190415,,9122-01220-1,123-181055,21465437-6525297,,J214654.37-652529.8,6.402026406869825e+18,32390574,,STAR,tmgaia2,326.726551741429,-65.4249607732202,tmgaia2,-2.83373,0.0410213,-3.26795,0.053884,gaia2,2.13509,0.0328972,gaia2,326.789783055172,-42.1579528179008,301.335090461434,-48.0401746747121,12.644,0.242,11.909,0.017,,,,,,,,,,,11.191,0.028,10.947,0.029,10.894,0.021,AAA-222-111-000-0-0,,10.825,0.023,10.849,0.02,10.88,0.197,8.545,,12.0344,0.000165,11.6655,0.006,rered,spect,6183.36,117.52,4.21866,0.0833147,-0.0331163,0.0674831,1.39845,0.0658794,1.18,0.162478,0.431464,0.0983012,DWARF,2.57563424,0.1341405,462.242,7.0845,0.0276704,0.00984076,68,0.0598527081,,,0.0005088525,0.00857512,0.0111064,schlegel,0.146266,0.17869,0.052709,0.0790498,0.0888295,0.107773,0.0696401,0.0969894,0.136203,0.132078,6.978,7.191,bj2018,103.262,131.777,spect,12.3113,0.001257,11.6112,0.00085,1,,tycho2v3,tycho2b3,,0.755977652357332,0.835717679289432,326.726522404491,-65.4249748435634,0.0209434202696598,0.0293540231129155,1,0,1716785398,6.402026406869825e+18,1.0019652
261258759,20190415,,,053-004018,05585960-7930070,,J055859.61-793007.2,4.623517210218883e+18,34626292,,STAR,tmgaia2,89.7482880843631,-79.5019523302084,tmgaia2,5.22271,0.0306027,-21.7208,0.0370346,gaia2,2.22115,0.0171407,gaia2,291.223415503036,-29.0213330749771,270.204760690376,-77.058587419512,13.311,0.047,12.5,0.046,,,,,,,,,,,10.922,0.023,10.529,0.021,10.439,0.021,AAA-222-111-000-0-0,,10.404,0.023,10.446,0.021,10.358,0.048,9.392,,12.2711,0.00015,11.7295,0.006,rered,gaia2,5478.0,125.587,3.95665,0.0815943,,,1.70546,0.0902259,0.96,0.121594,0.193528,0.0434561,DWARF,2.35976338,0.0847285,444.449,3.4115,0.0949123,0.01023856,127,0.0107064936,,,0.0009872682,0.011334,0.00914312,schlegel,0.101013,0.142175,0.107594,0.0728578,0.0364694,0.0504429,0.0879169,0.0752717,0.0983997,0.0710573,3.386,3.437,bj2018,136.35,114.824,dered,12.7194,0.001072,11.6759,0.000641,1,,ucac4,apassdr9,,0.617176853705973,0.574344634769808,89.7484115004925,-79.5020458503441,0.0161493045795804,0.0188171669274254,1,0,555309929,4.623517210218883e+18,0.9941666
204449364,20190415,,,293-232514,21440957-3125576,,J214409.59-312557.6,6.593034357119565e+18,17372448,,STAR,tmgaia2,326.039914708304,-31.432687723767,tmgaia2,19.5733,0.062819,-4.38516,0.0577088,gaia2,1.76103,0.0455674,gaia2,15.2889077113429,-49.2390285384831,317.665450881072,-16.7901507811377,13.577,0.025,13.01,0.103,,,,,,,,,,,11.806,0.022,11.527,0.023,11.456,0.026,AAA-222-111-000-0-0,,11.438,0.023,11.484,0.021,11.354,0.204,8.785,,12.8315,0.000259,12.4031,0.0082,rered,gaia2,5960.0,131.346,4.25727,0.0806227,,,1.28562,0.0688568,1.09,0.13816,0.512964,0.115854,DWARF,1.87891006,0.114645,559.116,14.3635,0.0399836,0.008590665,66,0.0506058075,,,0.0002656038,0.0113189,0.00586243,panstarrs,0.126873,0.149448,0.0656161,0.0720975,0.0814802,0.150227,0.0901563,0.0710891,0.110549,0.118741,14.001,14.726,bj2018,115.065,147.626,dered,13.1651,0.001365,12.3489,0.000577,1,,ucac4,apassdr9,,1.0120639946144,0.895192868451982,326.040013476067,-31.432706604355,0.0334712583911066,0.0355577269004531,1,0,1716567004,6.593034357119565e+18,1.0436057
53812980,20190415,,,328-205359,21491781-2427316,,J214917.79-242732.1,6.813167030360501e+18,12427319,,STAR,tmgaia2,327.324174500783,-24.4588167098252,tmgaia2,-15.2144,0.0603676,-37.1584,0.0533282,gaia2,3.54146,0.0474568,gaia2,26.1070443845262,-49.1355365766384,321.221008160892,-10.6256757739863,13.415,0.028,12.689,0.126,,,,,,,,,,,11.364,0.021,10.997,0.021,10.952,0.021,AAA-222-111-000-0-0,,10.864,0.023,10.949,0.022,10.867,0.131,8.213,,12.5081,0.000239,12.0327,0.006,rered,gaia2,5630.0,123.407,4.59015,0.0826138,,,0.838538,0.04301,0.998,0.126917,1.69263,0.385813,DWARF,0.636464357,0.02338295,280.156,3.7535,0.0329175,0.004979235,62,0.00176375348,,,0.0005815999,0.00501638,0.00494209,panstarrs,0.106191,0.147644,0.0413799,0.0446402,0.454697,0.316929,0.0863,0.0789275,0.0237229,0.023043,3.704,3.803,bj2018,150.278,96.5367,dered,12.8862,0.001145,11.9759,0.000684,1,,ucac4,apassdr9,,0.958131710875546,0.827356746021061,327.324102536171,-24.4589766973966,0.0368026462907651,0.0356784430734843,1,0,1717071291,6.813167030360501e+18,1.0127989
53814998,20190415,,,307-271941,21492579-2842363,,J214925.80-284236.5,6.809625911428776e+18,14724572,,STAR,tmgaia2,327.357532303923,-28.710099260387,tmgaia2,-0.193104,0.0330428,-18.7774,0.0336709,gaia2,1.22196,0.0217662,gaia2,19.6886135698469,-50.0082929805237,319.753858645742,-14.6288741924334,14.074,0.038,13.376,0.092,,,,,,,,,,,12.091,0.025,11.722,0.024,11.681,0.026,AAA-222-111-000-0-0,,11.604,0.023,11.649,0.021,11.451,0.174,9.166,,13.2138,0.000241,12.7477,0.0077,rered,spect,5620.59,110.565,3.94282,0.076065,-0.067568,0.0731687,1.76857,0.090804,1.0,0.128228,0.180774,0.0388216,DWARF,2.812322,0.135095,799.617,14.025,0.0478134,0.00789246,56,0.0327296369,,,0.000147636645,0.0093752,0.00640972,panstarrs,0.117725,0.138731,0.0586799,0.122928,0.0291453,0.0484979,0.0642238,0.0879061,0.139341,0.130849,13.783,14.267,bj2018,80.7799,140.351,spect,13.5803,0.001309,12.6892,0.00076,1,,ucac4,apassdr9,,0.528976374732417,0.522261167098998,327.357531355962,-28.7101801075265,0.0180117477236604,0.0194476900557746,1,0,1717072729,6.809625911428776e+18,1.0417749
293526019,20190415,,,086-065667,23274155-7250324,,J232741.61-725032.5,6.380625821783278e+18,34536064,,STAR,tmgaia2,351.923149994905,-72.8423362818635,tmgaia2,28.1429,0.0305296,-9.6972,0.0254162,gaia2,1.59931,0.0139264,gaia2,311.207482393659,-42.9144346686486,304.937169475696,-59.3349979573208,13.967,0.024,13.347,0.092,,,,,,,,,,,12.067,0.029,11.785,0.025,11.676,0.021,AAA-222-111-000-0-0,,11.654,0.023,11.696,0.022,11.726,0.178,9.141,,13.1466,0.000381,12.6933,0.006,rered,spect,5781.05,128.65,4.23904,0.0771161,0.40298,0.0808654,1.28243,0.0664824,1.04,0.133249,0.493101,0.107112,DWARF,1.654956,0.0654043,614.182,5.293,0.0268679,0.0103983,69,0.0356140174,,,0.000402164645,0.0105805,0.0102161,schlegel,0.109205,0.157293,0.0554121,0.0775528,0.103026,0.111199,0.0841766,0.0700557,0.0640592,0.0667494,5.248,5.338,bj2018,168.093,89.206,spect,13.5039,0.001649,12.6382,0.000687,1,,ucac4,apassdr9,,0.588251228511966,0.394130467637184,351.923560740498,-72.8423780341104,0.014399210373837,0.0118893367643033,1,0,1724348893,6.380625821783278e+18,1.0149467
261258146,20190415,28316,9382-01428-1,059-004317,05585900-7816555,,J055858.81-781655.7,4.623695747716209e+18,34626288,,STAR,tmgaia2,89.7456427213918,-78.2820875926864,tmgaia2,-42.0165,0.0334776,-21.9141,0.0433971,gaia2,19.7461,0.0197883,gaia2,289.838571779488,-29.1757867244105,270.254252244195,-78.278406580486,10.96,0.056,9.99,0.03,,,,,,,,,,,8.324,0.027,7.847,0.038,7.734,0.033,AAA-111-111-000-0-0,,7.655,0.031,7.73,0.02,7.688,0.018,7.681,0.09,9.68487,0.000403,9.1142,0.006,gbprp,gaia2,4985.0,119.579,4.64702,0.0847268,,,0.711918,0.0432261,0.82,0.0961877,2.2726,0.550192,DWARF,0.28197822,0.007721,50.5687,0.051,0.0,0.0,121,0.0116761364,,,0.0224173162,0.0,0.0,,0.0776014,0.114774,0.0394186,0.0470337,0.577657,0.522727,0.0915292,0.0779243,0.00706595,0.00837605,0.0509,0.0511,bj2018,127.668,111.491,dered0,10.1843,0.001593,9.06956,0.001207,1,,hipvmag,tycho2b3,,0.66927894049393,0.673029076298227,89.7447519767474,-78.2821819464391,0.0179074634675977,0.0224348223158262,1,0,555864673,4.623695747716209e+18,1.0223819
350823181,20190415,,,153-006772,05585853-5930360,,J055858.54-593035.9,4.764951273550933e+18,27275050,,STAR,tmgaia2,89.7439374206422,-59.5100233668831,tmgaia2,-0.654829,0.0495914,12.1121,0.0521515,gaia2,1.35616,0.0210358,gaia2,268.260953246554,-29.6959592850394,88.9416757499989,-82.9483640573865,13.237,0.037,12.561,0.08,,,,,,,,,,,11.384,0.023,11.111,0.027,11.024,0.023,AAA-222-111-000-0-0,,10.995,0.023,11.02,0.021,10.891,0.065,9.356,,12.4647,0.000184,12.0325,0.006,rered,gaia2,5931.0,133.15,3.87678,0.080318,,,1.98315,0.0972058,1.08,0.143517,0.13847,0.0311906,DWARF,4.38449335,0.2090805,722.051,11.051,0.0388453,0.0101557,86,0.03686522,,,0.0007949063,0.0100304,0.010281,schlegel,0.130953,0.156081,0.10658,0.0878317,0.0249135,0.0374677,0.0963541,0.064282,0.215573,0.202588,10.885,11.217,bj2018,140.439,125.862,dered,12.8026,0.001226,11.9791,0.000814,1,,ucac4,apassdr9,,0.885628890508939,0.808625910319387,89.7439318639386,-59.5099712175638,0.020046084930046,0.0211889018543598,1,0,555937299,4.764951273550933e+18,1.0716667
141945470,20190415,,9172-00739-1,086-011722,06212675-7251542,,J062126.67-725153.6,5.265234733545042e+18,33615882,,STAR,tmgaia2,95.3614424979066,-72.8650386291629,tmgaia2,-29.4927,0.0412251,55.4092,0.06427,gaia2,5.11463,0.0245638,gaia2,283.606929818611,-28.0317513520212,256.070080638773,-83.4335805312747,12.124,0.228,11.503,0.016,,,,,,,,,,,10.27,0.022,9.939,0.025,9.863,0.023,AAA-222-111-000-0-0,,9.822,0.023,9.867,0.02,9.795,0.03,9.775,0.517,11.3078,0.000349,10.8579,0.006,rered,spect,5660.01,123.911,4.43761,0.0782434,0.0629912,0.0617244,1.00552,0.051608,1.01,0.126944,0.993463,0.212518,DWARF,0.934852839,0.033516,194.423,0.9355,0.0378382,0.01021753,534,0.0983283,,,0.00472831354,0.00773896,0.0126961,schlegel,0.1306,0.123288,0.0412392,0.0619769,0.166951,0.258086,0.101105,0.0553817,0.0436627,0.0233693,0.931,0.94,bj2018,142.023,105.799,spect,11.6684,0.001273,10.8098,0.000812,1,,tycho2v3,tycho2b3,,0.7944919378764,0.996588986521177,95.3610114988085,-72.8648000622328,0.0211164806816628,0.0283734705368899,1,0,562194158,5.265234733545042e+18,0.82717764
234336406,20190415,,,093-003331,02272294-7133207,,J022722.96-713320.5,4.644998132668639e+18,33530777,,STAR,tmgaia2,36.8456829960295,-71.5557313367469,tmgaia2,-0.924731,0.0278543,8.85276,0.0249051,gaia2,1.54818,0.0151877,gaia2,292.699051791914,-43.6159458573728,321.239806473586,-71.0531085914163,14.24,0.051,13.653,0.149,,,,,,,,,,,12.194,0.022,11.786,0.027,11.7,0.023,AAA-222-111-000-0-0,,11.681,0.023,11.725,0.021,11.532,0.147,9.408,,13.4101,0.000351,12.9222,0.006,rered,spect,5681.71,121.702,4.27154,0.0750907,-0.345003,0.0873083,1.21737,0.0609246,1.01,0.127462,0.559822,0.117234,DWARF,1.3914212,0.0584523,634.092,6.153,0.0260975,0.0109729,74,0.00595746748,,,0.000473389839,0.0118714,0.0100744,schlegel,0.138365,0.116559,0.0630955,0.0587538,0.107496,0.126973,0.071152,0.0790294,0.0492782,0.0676264,6.094,6.212,bj2018,119.134,124.27,spect,13.7992,0.001649,12.863,0.000813,1,,ucac4,apassdr9,,0.532375113097982,0.386226763129915,36.8456704116228,-71.5556932206972,0.0148876516153301,0.0123565818052138,1,0,518587017,4.644998132668639e+18,1.0887324
204445162,20190415,,,295-237791,21430745-3111110,,J214307.45-311110.8,6.593055900675545e+18,17371861,,STAR,tmgaia2,325.781078266341,-31.1863626167774,tmgaia2,-0.2704,0.0492672,-5.50628,0.0452232,gaia2,0.949221,0.0352716,gaia2,15.6247157978492,-48.9915036657793,317.537108137326,-16.4828100672393,13.609,0.02,13.127,0.092,,,,,,,,,,,12.043,0.022,11.78,0.025,11.768,0.025,AAA-222-111-000-0-0,,11.703,0.023,11.734,0.022,12.132,0.444,8.397,,12.9674,0.000345,12.5883,0.0076,rered,gaia2,6224.0,122.325,3.92163,0.0906897,,,1.98523,0.115327,1.2,0.176676,0.153373,0.0385967,DWARF,5.32838,0.4490565,1023.2,37.2385,0.0268696,0.00663764,92,0.08648702,,,0.000128610336,0.00496951,0.00830577,panstarrs,0.138989,0.214363,0.115333,0.11532,0.0279445,0.049249,0.0659084,0.115471,0.319691,0.578422,35.907,38.57,bj2018,140.615,104.034,dered,13.2498,0.00125,12.5301,0.000456,1,,ucac4,apassdr9,,0.793326275267863,0.701439853612607,325.781076905454,-31.186386324372,0.0282872927729932,0.0259520211913283,1,0,1716459391,6.593055900675545e+18,1.2261072
139198972,20190415,,8011-00484-1,232-178767,23024462-4344373,,J230244.65-434437.2,6.540344175072803e+18,22081942,,STAR,tmgaia2,345.686007215462,-43.7437279361403,tmgaia2,26.2858,0.139616,8.76489,0.0937428,gaia2,1.73618,0.20363,gaia2,348.601458066695,-62.533449305431,327.912097881819,-34.2864250057196,12.879,0.391,11.944,0.031,,,,,,,,,,,11.199,0.023,10.978,0.027,10.908,0.023,AAA-222-111-000-0-0,,10.892,0.023,10.918,0.02,10.899,0.111,8.863,,12.0815,0.000271,11.7282,0.006,rered,gaia2,6323.0,127.54,4.13209,0.133585,,,1.59018,0.213121,1.25,0.192466,0.310865,0.128828,DWARF,3.64149213,0.953855,574.525,72.1095,0.0107183,0.01050065,43,0.011987973,,,0.000341831,0.0109809,0.0100204,schlegel,0.179167,0.205766,0.18448,0.241761,0.09365,0.164007,0.108379,0.158791,0.93708,0.97063,63.379,80.84,bj2018,120.73,134.351,dered,12.3416,0.002022,11.6721,0.00078,1,,tycho2v3,tycho2b3,,2.33244957744794,1.46065797283799,345.686163872108,-43.7436901985261,0.0506492904454226,0.149244005024099,1,0,1722802998,6.540344175072803e+18,1.2335684
389446421,20190415,,,258-197357,20490582-3828207,,J204905.81-382820.7,6.777921291781188e+18,19573026,,STAR,tmgaia2,312.274243541313,-38.4724259040978,tmgaia2,-0.426784,0.0664253,0.417905,0.0410859,gaia2,2.40093,0.0476117,gaia2,3.91022732277009,-38.7477188662185,304.061878107686,-19.8993210144659,13.635,0.034,13.012,0.057,,,,,,,,,,,11.804,0.022,11.494,0.025,11.466,0.024,AAA-222-111-000-0-0,,11.416,0.023,11.458,0.021,11.417,0.202,8.696,,12.8842,0.000207,12.4412,0.006,rered,gaia2,5856.0,135.885,4.50164,0.0795659,,,0.956899,0.0507914,1.06,0.130422,1.20978,0.273086,DWARF,0.970132053,0.0540263,411.795,8.1395,0.0378205,0.009877535,126,0.0114114666,,,0.000422159443,0.0106384,0.00911667,schlegel,0.143016,0.117828,0.0375477,0.0640352,0.223384,0.322788,0.102931,0.0562007,0.0531492,0.0549034,7.981,8.298,bj2018,148.692,123.079,dered,13.2311,0.000788,12.3861,0.001082,1,,ucac4,apassdr9,,1.09092778435072,0.637156542079321,312.274241194239,-38.4724241047846,0.0314205426803719,0.0203510050212639,1,0,1708805743,6.777921291781188e+18,1.0420007
150443238,20190415,,8898-01530-1,132-008266,06314410-6336374,,J063144.09-633637.0,5.477157838795338e+18,29875628,,STAR,tmgaia2,97.9337859045151,-63.6103866299334,tmgaia2,-15.3632,0.0362548,24.6171,0.0397654,gaia2,3.12916,0.0190827,gaia2,273.341967523495,-26.2591798883322,142.212279112143,-85.5476393849376,11.27,0.104,10.624,0.007,,,,,,,,,,,9.712,0.024,9.445,0.024,9.424,0.023,AAA-222-111-000-0-0,,9.382,0.022,9.418,0.02,9.406,0.025,9.706,0.501,10.5447,0.000257,10.1921,0.006,rered,spect,6144.33,111.385,3.92656,0.0779096,-0.100586,0.0472889,1.94915,0.0847613,1.17,0.155263,0.157998,0.0330415,DWARF,4.87845755,0.2050765,316.657,1.928,0.0365665,0.0101058045,135,0.008181613,,,0.0027150875,0.0120824,0.00812921,schlegel,0.133818,0.176707,0.0886854,0.0808372,0.0310492,0.0350337,0.0807195,0.0750998,0.175761,0.234392,1.916,1.94,bj2018,124.007,98.763,spect,10.8159,0.000937,10.1463,0.000785,1,,tycho2v3,tycho2b3,,0.661452450360517,0.616712121200523,97.9336370830091,-63.6102806397189,0.0168728097969348,0.0207275121024843,1,0,565498540,5.477157838795338e+18,1.0083659
150442008,20190415,,8894-01470-1,143-007798,06311721-6126334,,J063117.21-612633.4,5.478515662639142e+18,29875331,,STAR,tmgaia2,97.8216972400105,-61.4426450460176,tmgaia2,6.19083,0.0469207,4.51907,0.0497774,gaia2,1.3002,0.023078,gaia2,270.948953455628,-25.9679368168945,127.387858412163,-83.8494795618411,12.865,0.41,11.562,0.052,,,,,,,,,,,11.117,0.022,10.893,0.022,10.875,0.023,AAA-222-111-000-0-0,,10.824,0.023,10.858,0.02,10.817,0.058,9.77,,11.9762,0.000211,11.637,0.006,rered,gaia2,6590.0,132.703,3.92381,0.0860149,,,2.11586,0.100804,1.37,0.2144,0.14463,0.0335942,DWARF,7.6069746,0.447198,752.486,13.1685,0.0513742,0.0102111548,136,0.0366269,,,0.000929602538,0.00930901,0.0111133,schlegel,0.162382,0.266418,0.0888995,0.112709,0.0292727,0.0379156,0.0781687,0.0938611,0.46259,0.431806,12.942,13.395,bj2018,147.427,117.979,dered,12.225,0.001994,11.5796,0.000822,1,,tycho2v3,tycho2b3,,0.846256401295224,0.771917566131769,97.8217529990692,-61.442625588922,0.02099172950809,0.0238283304640392,1,0,565497310,5.478515662639142e+18,1.0289857
238178968,20190415,,,,23543423-6915339,,J235434.07-691534.5,6.386874415083596e+18,,,STAR,tmgaia2,358.642708877346,-69.2594597750527,tmgaia2,-82.3149,0.136191,-54.9106,0.121875,gaia2,12.944,0.0702654,gaia2,310.265612610062,-47.0507748135848,312.997264331985,-58.7251523817512,19.969,0.162,,,,,,,,,,,,,13.658,0.024,13.083,0.032,12.845,0.034,AAA-222-111-000-0-0,,12.65,0.024,12.44,0.023,12.307,0.32,9.079,,16.763,0.000841,15.3805,0.00802594,cdwrf,cdwrf,3151.0,157.0,5.10397,0.0311285,,,0.179406,0.0057559,0.149133,0.0201381,25.8263,1.01473,DWARF,0.00285865832,0.0007579007,77.0872,0.42075,0.0,0.0,52,0.00422692439,,,0.0008110244,0.0,0.0,,,,,,,,,,,,0.4185,0.423,bj2018,,,cdwrf,18.5493,0.018113,15.4805,0.003515,1,,,bpbj,cooldwarfs_v8,2.56630694984511,1.89008393878474,358.641708101545,-69.2596961985882,0.0660763939774752,0.0621302401876577,1,0,1725951026,6.386874415083596e+18,0.94630665
53812041,20190415,,6956-00638-1,318-242094,21482654-2624364,,J214826.53-262436.9,6.811281294903825e+18,13850678,,STAR,tmgaia2,327.110608350817,-26.4101653228675,tmgaia2,-22.2318,0.0624262,-33.8573,0.053955,gaia2,4.31658,0.0454587,gaia2,23.1258133230831,-49.3797036468335,320.356309378155,-12.39403185737,11.139,0.131,10.745,0.009,,,,,,,,,,,9.621,0.021,9.387,0.019,9.346,0.02,AAA-222-111-000-0-0,,9.305,0.024,9.328,0.02,9.349,0.044,8.954,0.474,10.4769,0.000403,10.1245,0.0061,rered,spect,6160.1,114.885,4.20038,0.0788717,-0.44,0.1,1.42334,0.0610251,1.172,0.164713,0.406444,0.0856286,DWARF,2.628234,0.1054579,230.162,2.4265,0.0198132,0.00381944,66,0.0007129726,,,0.00102598011,0.00509116,0.00254772,panstarrs,0.16164,0.167785,0.054807,0.0672432,0.0855993,0.0856579,0.0888979,0.0688456,0.116784,0.0941318,2.402,2.451,bj2018,105.173,124.597,spect,10.7441,0.000902,10.0759,0.000891,1,,tycho2v3,tycho2b3,,0.994485310337698,0.836991791071049,327.110501476388,-26.4103110973945,0.0345176423680353,0.0339615490529079,1,0,1716973046,6.811281294903825e+18,0.9217108
150440454,20190415,,8894-01311-1,145-007675,06300824-6104118,,J063008.26-610411.9,5.47858939863766e+18,29874584,,STAR,tmgaia2,97.5343706068358,-61.0699669451594,tmgaia2,17.6445,0.039856,-2.21854,0.0538854,gaia2,2.8959,0.0203986,gaia2,270.514561905027,-26.0424974794968,124.626772860103,-83.5909804584539,11.205,0.133,10.798,0.009,,,,,,,,,,,9.878,0.024,9.707,0.028,9.619,0.023,AAA-222-111-000-0-0,,9.599,0.022,9.627,0.02,9.588,0.029,9.47,0.454,10.7138,0.000359,10.3738,0.006,rered,gaia2,6524.0,134.69,4.09208,0.0908903,,,1.72403,0.0768844,1.34,0.221477,0.2615,0.0621911,DWARF,4.85108471,0.235372,341.915,2.4025,0.0374288,0.0102470852,106,0.0982406661,,,0.00288661453,0.0112858,0.00920837,schlegel,0.189819,0.253136,0.0794824,0.0742864,0.0642169,0.0601653,0.0865207,0.0952598,0.205953,0.264791,2.386,2.419,bj2018,94.7076,174.673,dered,10.9714,0.00103,10.3254,0.000812,1,,tycho2v3,tycho2b3,,0.71746209774997,0.835629849049316,97.534527652325,-61.0699764972978,0.018057619332326,0.0260502510639197,1,0,565495840,5.47858939863766e+18,0.98769826
183802392,20190415,,9348-00725-1,074-001127,01225415-7517330,,J012254.20-751732.9,4.637922191229513e+18,34562407,,STAR,tmgaia2,20.725665088114,-75.2925125505695,tmgaia2,22.2691,0.0431879,10.1837,0.0366324,gaia2,3.67269,0.0202678,gaia2,300.265707691411,-41.6724461837807,308.148470921055,-67.3925110124724,11.706,0.105,10.758,0.008,,,,,,,,,,,9.545,0.022,9.159,0.024,9.057,0.023,AAA-222-111-000-0-0,,9.024,0.022,9.071,0.021,9.005,0.023,8.684,,10.7424,0.00026,10.2314,0.006,rered,gaia2,5440.0,135.079,3.82005,0.0815135,,,1.98549,0.110291,0.95,0.11639,0.121372,0.0281475,DWARF,3.11048269,0.104154453,270.159,1.4905,0.0387398,0.009741005,200,0.0455382466,,,0.001105133,0.0101618,0.00932021,schlegel,0.096071,0.136709,0.0818106,0.138772,0.0268032,0.0294918,0.0917415,0.0712855,0.127719,0.0805899,1.482,1.499,bj2018,164.389,105.77,dered,11.1669,0.000802,10.1836,0.00072,1,,tycho2v3,tycho2b3,,0.845699633405249,0.568071834021993,20.7260427437264,-75.2924687043887,0.0211778743289945,0.0175005795409833,1,0,515214102,4.637922191229513e+18,0.9249782
238177510,20190415,,,110-129958,23525102-6811484,,J235251.04-681148.5,6.388568521983814e+18,31997116,,STAR,tmgaia2,358.212583183855,-68.1967822130918,tmgaia2,10.9171,0.0377801,-9.86322,0.0435261,gaia2,1.41213,0.0228666,gaia2,311.000981443421,-48.0031838504895,314.335544935608,-57.9129263905676,13.664,0.049,13.152,0.092,,,,,,,,,,,11.966,0.024,11.694,0.022,11.65,0.021,AAA-222-111-000-0-0,,11.591,0.022,11.604,0.021,11.51,0.161,8.801,,12.9519,0.000266,12.5535,0.006,rered,gaia2,6084.0,131.075,4.19314,0.0785225,,,1.41551,0.0699498,1.14,0.142011,0.40194,0.0873388,DWARF,2.47331977,0.1263625,694.045,11.1,0.0232215,0.0101939952,62,0.006374478,,,0.0003548917,0.0110279,0.00936009,schlegel,0.130204,0.153818,0.0603161,0.0795834,0.0758014,0.0988763,0.0732664,0.0837785,0.116595,0.13613,10.926,11.274,bj2018,169.57,92.5791,dered,13.2547,0.001272,12.4979,0.000652,1,,ucac4,apassdr9,,0.707450067042221,0.674987946710986,358.212709736499,-68.1968246797815,0.0198547940864143,0.021212410740175,1,0,1725949568,6.388568521983814e+18,0.99757886
280913823,20190415,,,053-004798,06515159-7932112,,J065151.64-793209.5,5.211233736072682e+18,34640755,,STAR,tmgaia2,102.964952927871,-79.5364998390112,tmgaia2,14.9306,0.0617053,179.017,0.067684,gaia2,13.1157,0.0338556,gaia2,291.210935125611,-26.6220794674178,259.901974326586,-76.5623745275518,,,15.93,0.2,,,,,,,,,,,12.067,0.027,11.489,0.023,11.267,0.019,AAA-222-111-000-0-0,,11.1,0.023,10.948,0.02,10.731,0.06,9.092,,14.8216,0.000419,13.5976,0.00739657,cdwrf,cdwrf,3398.0,157.0,4.8967,0.00260566,,,0.327293,0.00976033,0.307966,0.0201921,8.78401,0.209175,DWARF,0.0128665362,0.003162348,76.0771,0.19745,0.0,0.0,111,0.0937283561,,,0.00321444916,0.0,0.0,,,,,,,,,,,,0.1969,0.198,bj2018,,,cdwrf,16.2223,0.003758,13.6592,0.001701,1,,cdwrf,,cooldwarfs_v8,1.24469651990335,1.0496910900276,102.9653068998,-79.5357290715613,0.030869675808014,0.0351621682966463,1,0,573718639,5.211233736072682e+18,1.0619905
261258813,20190415,,,053-004043,06001896-7935574,,J060018.96-793557.1,5.211796166332672e+18,34626657,,STAR,tmgaia2,90.0791073960492,-79.5992825280207,tmgaia2,-5.86974,0.0321786,40.7511,0.0383055,gaia2,6.95242,0.0188819,gaia2,291.324853442892,-28.9492246344008,269.936674701116,-76.9614187442985,13.819,0.058,12.612,0.069,,,,,,,,,,,10.656,0.023,10.092,0.024,9.979,0.021,AAA-222-111-000-0-0,,9.937,0.022,10.011,0.018,9.885,0.034,9.546,0.486,12.3118,0.000181,11.6258,0.006,rered,gaia2,4621.0,127.354,4.51058,0.100444,,,0.785971,0.0599749,0.73,0.0932791,1.5035,0.436309,DWARF,0.253776759,0.0119127,143.239,0.3905,0.0516997,0.0100314952,118,0.0360869281,,,0.003315069,0.0110726,0.00899039,schlegel,0.0811452,0.105413,0.0445538,0.075396,0.331001,0.541618,0.0931862,0.107701,0.0102953,0.0135301,0.389,0.392,bj2018,131.28,123.427,dered,12.9405,0.001645,11.5743,0.000774,1,,ucac4,apassdr9,,0.649437032638408,0.594058689718062,90.0789674066444,-79.5991070719246,0.0177641036843099,0.0196005034878738,1,0,556407292,5.211796166332672e+18,1.1673349
167795949,20190415,,,142-008753,06574807-6137486,,J065748.04-613748.3,5.479200074267829e+18,29894224,,STAR,tmgaia2,104.450294065389,-61.6301401733848,tmgaia2,-21.1449,0.0551098,16.6544,0.0484016,gaia2,3.30534,0.022496,gaia2,271.887635836274,-22.9221208953975,148.677339301181,-82.0214830342988,13.502,0.05,12.879,0.126,,,,,,,,,,,11.482,0.021,11.15,0.025,11.096,0.023,AAA-222-111-000-0-0,,11.051,0.022,11.097,0.021,11.036,0.077,9.51,,12.6243,0.000289,12.1563,0.006,rered,spect,5543.51,114.924,4.50714,0.0767448,-0.100344,0.1,0.91428,0.047201,0.98,0.119916,1.2823,0.272358,DWARF,0.711201251,0.0264084,299.93,2.039,0.0625668,0.009930915,149,0.0408083424,,,0.00237086322,0.00875263,0.0111092,schlegel,0.115781,0.124052,0.0532824,0.0411196,0.316934,0.227782,0.0808011,0.0726886,0.0327089,0.0201079,2.025,2.053,bj2018,78.3969,151.452,spect,12.9968,0.00157,12.102,0.000967,1,,ucac4,apassdr9,,0.994833471651853,0.750541788401394,104.450102466196,-61.6300684670737,0.0207815672744162,0.0218111348105241,1,0,576726196,5.479200074267829e+18,1.1764157
204443031,20190415,,,279-219141,21423929-3423589,,J214239.33-342359.1,6.591329048945252e+18,17371577,,STAR,tmgaia2,325.663775582181,-34.3997012124898,tmgaia2,32.149,0.0689908,-17.3678,0.0593397,gaia2,2.427,0.0538549,gaia2,10.7230497785347,-49.1651753520879,316.272135995705,-19.4640697284864,13.2,0.015,12.547,0.034,,,,,,,,,,,11.396,0.022,11.099,0.023,11.017,0.021,AAA-222-111-000-0-0,,10.957,0.023,11.006,0.02,11.16,0.157,9.032,,12.4014,0.000197,11.9672,0.006,rered,gaia2,5892.0,124.54,4.33869,0.0820277,,,1.1598,0.0574071,1.07,0.137623,0.685863,0.154054,DWARF,1.4605279,0.0842791,407.46,9.0145,0.0328124,0.00979897,76,0.008700203,,,0.000404668332,0.0101185,0.00947944,schlegel,0.168255,0.10699,0.0758382,0.0389759,0.146429,0.16168,0.0899754,0.0740801,0.0819813,0.0865769,8.819,9.21,bj2018,146.471,102.61,dered,12.7417,0.001039,11.9142,0.000994,1,,ucac4,apassdr9,,1.12008082416116,0.920345984665495,325.663943339481,-34.3997759906327,0.0384982257712489,0.0326868846676633,1,0,1716348334,6.591329048945252e+18,0.89239246
260370620,20190415,,8534-01031-1,179-007550,06210011-5414494,,J062100.10-541448.9,5.499802418207629e+18,25183015,,STAR,tmgaia2,95.250484390196,-54.247086384407,tmgaia2,-14.2458,0.0399948,51.8587,0.0392236,gaia2,2.85944,0.0242649,gaia2,262.80023482165,-26.0341554636978,104.218870812413,-77.4270569112428,12.108,0.22,11.422,0.015,,,,,,,,,,,10.772,0.024,10.48,0.022,10.422,0.021,AAA-222-111-000-0-0,,10.373,0.023,10.411,0.02,10.378,0.046,8.994,,11.7646,0.000202,11.3499,0.006,rered,spect,5912.3,125.262,4.20503,0.076707,-0.44,0.1,1.35904,0.0661156,1.08,0.133568,0.430254,0.0909719,DWARF,2.03323054,0.0849647,346.241,2.931,0.0610934,0.01004077,85,0.04358994,,,0.00188535044,0.0103361,0.00974544,schlegel,0.141375,0.125761,0.0627864,0.0694447,0.104486,0.0774578,0.0887747,0.0646392,0.0608614,0.109068,2.906,2.956,bj2018,123.026,127.498,spect,12.0872,0.00117,11.2974,0.000921,1,,tycho2v3,tycho2b3,,0.696802734553071,0.60844111430631,95.2503794149559,-54.2468631039464,0.0199188024085116,0.0240452824617274,1,0,562290246,5.499802418207629e+18,0.94317454
141940683,20190415,,9176-00920-1,081-008001,06194714-7355104,,J061947.16-735510.3,5.264927626203643e+18,33615127,,STAR,tmgaia2,94.9464585772949,-73.9195732198164,tmgaia2,5.18793,0.031822,10.5958,0.0421358,gaia2,2.10912,0.0170996,gaia2,284.799749921299,-28.1694303729785,259.513344352176,-82.4598087251631,12.522,0.353,11.914,0.046,,,,,,,,,,,10.935,0.022,10.738,0.024,10.656,0.021,AAA-222-111-000-0-0,,10.626,0.023,10.651,0.02,10.568,0.05,9.239,,11.8141,0.000231,11.4587,0.006,rered,gaia2,6627.0,136.042,4.25203,0.086973,,,1.46058,0.0644246,1.39,0.232002,0.446106,0.102755,DWARF,3.706926,0.180581,467.738,3.7695,0.0844197,0.0106115052,368,0.0372126028,,,0.00182914792,0.012769,0.00845401,schlegel,0.1768,0.287204,0.0695578,0.0592915,0.102754,0.102756,0.089583,0.084363,0.142119,0.219043,3.74,3.799,bj2018,191.037,81.0479,dered,12.0805,0.001348,11.4022,0.001034,1,,ucac4,tycho2b3,,0.617481544366099,0.653406708885941,94.9465392199529,-73.9195275990256,0.0158469213875492,0.0198574120455664,1,0,561568008,5.264927626203643e+18,0.89298433
204442047,20190415,,,292-219529,21423414-3136420,,J214234.15-313642.2,6.593017177250304e+18,17371516,,STAR,tmgaia2,325.642260733281,-31.6117049546205,tmgaia2,21.0499,0.0762763,-11.95,0.0581842,gaia2,3.44034,0.0433459,gaia2,14.960762686721,-48.9216098760238,317.268620906848,-16.841692944778,13.711,0.019,12.875,0.057,,,,,,,,,,,11.434,0.025,11.065,0.022,10.97,0.02,AAA-222-111-000-0-0,,10.904,0.023,10.983,0.021,10.936,0.125,8.819,0.519,12.6864,0.000225,12.1585,0.006,rered,gaia2,5296.0,130.111,4.48214,0.084896,,,0.906747,0.0525302,0.91,0.118081,1.22063,0.290231,DWARF,0.5827182,0.0223276,288.313,3.631,0.0256343,0.0101662846,87,0.00453064265,,,0.000508762663,0.00955407,0.0107785,schlegel,0.0775484,0.158613,0.0456824,0.0593779,0.247389,0.333072,0.0772074,0.0925846,0.0197315,0.0249237,3.586,3.676,bj2018,132.323,127.9,dered,13.1271,0.001443,12.1075,0.000901,1,,ucac4,apassdr9,,1.2295289455183,0.902487200377634,325.64236715578,-31.6117564060539,0.0440026672853701,0.0337716663706364,1,0,1716347351,6.593017177250304e+18,0.98936766
350822879,20190415,,,152-006512,05572578-5942320,,J055725.79-594231.9,4.764863797953167e+18,27273927,,STAR,tmgaia2,89.3574504481068,-59.7089104114054,tmgaia2,6.88656,0.0461983,11.9961,0.037859,gaia2,2.20117,0.0192933,gaia2,268.475694529681,-29.9034663809555,87.2848580853925,-83.1421354508887,13.695,0.045,13.029,0.103,,,,,,,,,,,11.878,0.026,11.59,0.024,11.539,0.021,AAA-222-111-000-0-0,,11.499,0.023,11.536,0.02,11.508,0.117,9.14,,12.9114,0.000262,12.4838,0.006,rered,gaia2,5952.0,137.304,4.48194,0.0780975,,,0.992605,0.0501181,1.09,0.138996,1.11455,0.245474,DWARF,1.11403525,0.04717665,448.436,3.909,0.036818,0.009820685,100,0.0030586184,,,0.00177521014,0.0107794,0.00886197,schlegel,0.0823947,0.195597,0.0542553,0.0459809,0.191379,0.299569,0.057041,0.099154,0.0512396,0.0431137,3.875,3.943,bj2018,104.22,170.388,dered,13.2445,0.001446,12.4302,0.001178,1,,ucac4,apassdr9,,0.825862083401482,0.587121673333574,89.3575092325201,-59.7088587615431,0.0190560346835435,0.018989520472252,1,0,555173431,4.764863797953167e+18,1.1662287
139190416,20190415,,,214-191000,23010884-4721005,,J230108.87-472100.3,6.515498652556389e+18,24600363,,STAR,tmgaia2,345.286917684486,-47.3501189010461,tmgaia2,23.1584,0.0471467,3.60886,0.0697019,gaia2,3.32325,0.0522516,gaia2,342.408824225435,-60.4444362197456,325.495966636221,-37.3273225369284,13.729,0.006,12.928,0.126,,,,,,,,,,,11.479,0.022,11.083,0.023,11.008,0.021,AAA-222-111-000-0-0,,10.99,0.023,11.046,0.02,10.96,0.14,8.412,,12.739,0.00039,12.2168,0.006,rered,gaia2,5267.0,131.061,4.47531,0.0823569,,,0.908865,0.0532237,0.9,0.106107,1.19879,0.281366,DWARF,0.5727263,0.0255265,298.417,4.69,0.00909928,0.01005247,45,0.0119646341,,,0.0006051524,0.0103404,0.00976454,schlegel,0.0899876,0.122226,0.0339508,0.0724965,0.242389,0.320342,0.082361,0.0823528,0.0258775,0.0251755,4.618,4.762,bj2018,175.05,87.0714,dered,13.1748,0.001114,12.1659,0.000733,1,,ucac4,apassdr9,,0.798252108345998,1.08086956178803,345.287064853995,-47.350103362993,0.0226886299613057,0.0325461766964453,1,0,1722799416,6.515498652556389e+18,1.0199091
204447206,20190415,,,279-219173,21432319-3419373,,J214323.26-341937.0,6.591342719825081e+18,17372004,,STAR,tmgaia2,325.846703531831,-34.3269913191993,tmgaia2,69.6371,0.0620594,15.5975,0.0542372,gaia2,5.3443,0.0468757,gaia2,10.8464690782444,-49.3121279132001,316.44912174943,-19.4485839198934,13.325,0.022,12.519,0.046,,,,,,,,,,,10.924,0.022,10.501,0.025,10.432,0.021,AAA-222-111-000-0-0,,10.37,0.023,10.398,0.021,10.406,0.085,8.47,,12.3037,0.000203,11.7623,0.006,rered,gaia2,5223.0,131.145,4.67086,0.0829827,,,0.721607,0.0416884,0.89,0.108486,2.36858,0.563493,DWARF,0.349121571,0.01290755,186.13,1.6365,0.0257573,0.01053433,66,0.0159504339,,,0.000940678467,0.0123662,0.00870246,schlegel,0.0777565,0.139216,0.027291,0.0560859,0.527572,0.599415,0.0829499,0.0830154,0.0145831,0.011232,1.622,1.651,bj2018,120.928,141.361,dered,12.7514,0.001498,11.7031,0.00131,1,,ucac4,apassdr9,,1.00735477632962,0.841190075927492,325.847066591314,-34.3269241638317,0.0347628971534861,0.0293870388324382,1,0,1716461208,6.591342719825081e+18,0.90824157
238171055,20190415,,,106-120367,23475241-6857302,,J234752.35-685730.0,6.386939011391806e+18,31996925,,STAR,tmgaia2,356.968336560634,-68.9584016106476,tmgaia2,-17.7769,0.0446358,10.4534,0.0476202,gaia2,1.87837,0.0272488,gaia2,311.240586760986,-47.1311831575118,312.690742200178,-58.0760810168389,13.479,0.06,13.03,0.08,,,,,,,,,,,11.813,0.024,11.536,0.023,11.514,0.026,AAA-222-111-000-0-0,,11.449,0.022,11.486,0.02,11.427,0.173,8.597,,12.7928,0.000292,12.3945,0.006,rered,spect,6031.68,130.027,4.34973,0.0783852,-0.333301,0.0819427,1.1716,0.0595603,1.12,0.14127,0.696433,0.154102,DWARF,1.63684356,0.0769359,524.405,7.5515,0.022972,0.009842485,67,0.00663313735,,,0.000506113051,0.0108339,0.00885107,schlegel,0.107898,0.174642,0.0584402,0.0606804,0.12941,0.178793,0.0717718,0.0849987,0.0947184,0.0591534,7.445,7.658,bj2018,145.687,114.368,spect,13.0963,0.001487,12.3396,0.001166,1,,ucac4,apassdr9,,0.839606115408284,0.738493457498906,356.96812338599,-68.9583566030857,0.0229777791498681,0.0236989108837988,1,0,1725510048,6.386939011391806e+18,1.1522206
238172933,20190415,,9342-01491-1,100-105266,23494787-7000115,,J234947.88-700011.3,6.386766796086582e+18,34541566,,STAR,tmgaia2,357.449431235118,-70.003186793899,tmgaia2,6.63437,0.0505145,10.4655,0.041788,gaia2,1.52289,0.0261853,gaia2,310.477487432312,-46.2114875017962,311.381244877671,-58.8831700333835,12.67,0.309,11.893,0.022,,,,,,,,,,,10.905,0.026,10.667,0.025,10.587,0.023,AAA-222-111-000-0-0,,10.557,0.023,10.593,0.02,10.469,0.061,8.761,,11.8675,0.000196,11.4699,0.006,rered,gaia2,6105.0,133.443,3.82966,0.0800397,,,2.1605,0.103998,1.15,0.15629,0.114034,0.0246058,DWARF,5.84179449,0.2922335,644.551,10.9635,0.0270512,0.0103127453,68,0.0103191957,,,0.000359635276,0.011037,0.00958849,schlegel,0.150268,0.162312,0.0858171,0.122178,0.0246207,0.0245909,0.0954353,0.064644,0.270541,0.313926,10.78,11.147,bj2018,152.239,114.647,dered,12.1736,0.001213,11.4181,0.000972,1,,tycho2v3,tycho2b3,,0.956142284411733,0.648011683226692,357.449514765328,-70.0031417341269,0.0234751817968769,0.0196396487313595,1,0,1725728740,6.386766796086582e+18,0.90879214
167792073,20190415,,,135-009527,06560860-6306158,,J065608.60-630615.7,5.286366389255593e+18,29892890,,STAR,tmgaia2,104.035862848933,-63.104386662724,tmgaia2,-0.726086,0.041867,0.733247,0.0443648,gaia2,0.978027,0.0193011,gaia2,273.387888190675,-23.4779116378405,156.415617000459,-83.1245506462626,13.45,0.017,12.842,0.08,,,,,,,,,,,11.639,0.021,11.326,0.023,11.29,0.025,AAA-222-111-000-0-0,,11.235,0.023,11.266,0.02,11.253,0.082,9.221,,12.6988,0.000273,12.2639,0.006,rered,spect,5856.87,121.257,3.61294,0.0753143,-0.181211,0.1,2.66205,0.134985,1.06,0.132705,0.0561896,0.0120485,DWARF,7.512599,0.4087605,993.183,19.184,0.083871,0.010135185,142,0.0469284952,,,0.000447061029,0.0111268,0.00914357,schlegel,0.148461,0.116949,0.0941251,0.175845,0.0110456,0.0130513,0.0753491,0.0752795,0.260633,0.556888,18.821,19.547,bj2018,109.362,133.153,spect,13.0371,0.001794,12.2075,0.000711,1,,ucac4,apassdr9,,0.761768949188959,0.687953364387259,104.035855938156,-63.1043835056884,0.0195332826637452,0.0202794904371186,1,0,576722350,5.286366389255593e+18,1.05513
53815092,20190415,,,309-263190,21494738-2821468,,J214947.38-282146.7,6.81002472920738e+18,14724655,,STAR,tmgaia2,327.447423346859,-28.3630018163126,tmgaia2,6.8379,0.0424191,-0.484537,0.0399987,gaia2,1.28959,0.0281816,gaia2,20.2415040281889,-50.0309593080625,319.954454424395,-14.3305622251303,14.094,0.019,13.627,0.103,,,,,,,,,,,12.368,0.025,12.075,0.023,12.031,0.028,AAA-222-111-000-0-0,,11.964,0.023,11.968,0.022,11.785,0.288,8.193,,13.3869,0.000271,12.9772,0.0089,rered,spect,5989.25,150.656,4.21809,0.0929182,-0.421567,0.0872621,1.3511,0.0836482,1.1,0.140683,0.445999,0.11435,DWARF,2.11620021,0.1258025,758.731,16.3525,0.0486591,0.009530815,63,0.006965058,,,0.000179295457,0.00709703,0.0119646,panstarrs,0.146077,0.135289,0.0721412,0.0951553,0.0974179,0.131283,0.091411,0.0944253,0.105703,0.145902,16.006,16.699,bj2018,162.253,139.058,spect,13.6955,0.001269,12.916,0.000844,1,,ucac4,apassdr9,,0.678573705672608,0.620431192893915,327.447456804185,-28.3630039025177,0.0235933178811971,0.0236611645897725,1,0,1717072823,6.81002472920738e+18,1.0452346
150064260,20190415,,,143-006872,06060345-6128133,,J060603.45-612813.3,5.481293372608877e+18,29859025,,STAR,tmgaia2,91.5144324270773,-61.470388536373,tmgaia2,-3.03256,0.0375452,3.91069,0.0431004,gaia2,1.31005,0.0200868,gaia2,270.573450726937,-28.9621897852947,98.1107753647222,-84.8669940136283,12.934,0.022,12.597,0.08,,,,,,,,,,,11.716,0.02,11.542,0.025,11.544,0.025,AAA-222-111-000-0-0,,11.479,0.023,11.489,0.02,11.38,0.085,9.392,0.365,12.4579,0.000201,12.165,0.006,rered,gaia2,6900.0,135.048,4.24187,0.0887554,,,1.53512,0.0652262,1.5,0.252129,0.414633,0.0942641,DWARF,4.81256,0.2734065,746.905,11.2915,0.0509241,0.0103843845,107,0.0209510047,,,0.001076688,0.00992527,0.0108435,schlegel,0.18908,0.315177,0.0685583,0.061894,0.0837601,0.104768,0.0715368,0.105974,0.26904,0.277773,11.124,11.459,bj2018,93.6993,176.396,dered,12.6692,0.001705,12.109,0.000963,1,,ucac4,apassdr9,,0.677296307828861,0.668451836950705,91.5144050893398,-61.4703716986825,0.0182635367919661,0.022995042168526,1,0,558044202,5.481293372608877e+18,1.0567436
350431472,20190415,,8527-00250-1,165-006333,05393743-5710531,,J053937.42-571053.1,4.766189431019178e+18,27261714,,STAR,tmgaia2,84.9059568449676,-57.1814260039633,tmgaia2,4.39213,0.0480658,-15.778,0.051837,gaia2,3.22085,0.0229302,gaia2,265.424922150674,-32.1331614184764,73.3591655342414,-80.3259314632716,10.02,0.057,9.84,0.005,,,,,,,,,,,9.317,0.023,9.252,0.025,9.208,0.024,AAA-122-111-000-0-0,,9.12,0.022,9.13,0.018,9.134,0.021,9.001,0.253,9.75341,0.000538,9.597,0.006,rered,gaia2,7854.0,139.499,4.24771,0.0763724,,,1.70255,0.0454221,1.87,0.295721,0.378914,0.0731468,DWARF,9.937079,0.4072415,307.728,2.1875,0.0370301,0.010325795,86,0.06872765,,,0.004691387,0.00989929,0.0107523,schlegel,0.231394,0.360048,0.0335849,0.0572593,0.0779855,0.0683081,0.0785254,0.0742194,0.373288,0.441195,2.172,2.203,bj2018,125.846,153.152,dered,9.88042,0.001898,9.56249,0.002207,1,,tycho2v3,tycho2b3,,0.848780932546693,0.803815819810158,84.9059917365435,-57.181493937024,0.0224565824730809,0.0234564911021748,1,0,548902497,4.766189431019178e+18,0.94807607
350824549,20190415,,8528-01265-1,168-006937,05582868-5630099,,J055828.71-563009.8,4.767112604172708e+18,27274684,,STAR,tmgaia2,89.6195584662008,-56.5027486003179,tmgaia2,20.9778,0.0375927,-0.0152324,0.0377646,gaia2,3.22398,0.0204894,gaia2,264.806899087314,-29.5211913440788,88.7979035909613,-79.9404425000266,11.758,0.148,10.963,0.011,,,,,,,,,,,9.784,0.021,9.512,0.024,9.412,0.023,AAA-222-111-000-0-0,,9.387,0.023,9.432,0.02,9.313,0.028,8.842,,10.8517,0.00029,10.4025,0.006,rered,spect,5516.4,107.131,3.76739,0.0783312,-0.07,0.09,2.1317,0.100806,0.97,0.129405,0.100137,0.021143,DWARF,3.79114652,0.1340845,307.428,1.951,0.0580549,0.01019157,94,0.00233605434,,,0.00212938548,0.00962444,0.0107587,schlegel,0.139099,0.119712,0.0912588,0.110354,0.0247345,0.0175515,0.0901873,0.066475,0.131893,0.136276,1.939,1.963,bj2018,119.761,94.5004,spect,11.2134,0.000867,10.3562,0.000587,1,,tycho2v3,tycho2b3,,0.661750648008176,0.585737472889481,89.6197221218958,-56.5027486660094,0.0188143261692642,0.0212659995124849,1,0,556006823,4.767112604172708e+18,0.9161656
238172725,20190415,,9339-00983-1,105-117415,23494166-6906041,,J234941.69-690604.1,6.386932925422457e+18,31997002,,STAR,tmgaia2,357.423721511337,-69.1011533503114,tmgaia2,3.77742,0.0459585,-5.68452,0.0434448,gaia2,1.57114,0.028549,gaia2,310.942604055777,-47.0551403819826,312.689871270975,-58.292733010969,12.334,0.323,12.398,0.034,,,,,,,,,,,11.249,0.023,11.072,0.024,11.037,0.021,AAA-222-111-000-0-0,,10.974,0.022,10.996,0.021,10.635,0.071,8.797,,11.9565,0.000253,11.6683,0.006,rered,spect,6590.87,118.089,4.10735,0.0881504,-0.311264,0.0626299,1.71285,0.081186,1.37,0.233347,0.272625,0.0647945,DWARF,4.98772669,0.289956,625.139,11.244,0.0236668,0.0102535,69,0.0480022058,,,0.000439360447,0.0148575,0.0056495,schlegel,0.181453,0.285241,0.0754357,0.0869362,0.048255,0.081334,0.10401,0.0722907,0.245767,0.334145,11.046,11.442,bj2018,124.813,111.364,spect,12.1642,0.001268,11.6154,0.001069,1,,tycho2v3,tycho2b3,,0.865287174673344,0.673790347896484,357.423767104319,-69.1011778253343,0.0257661610218121,0.0230957781229455,1,0,1725728532,6.386932925422457e+18,1.0228508
261259857,20190415,,,041-003260,06001122-8156517,,J060011.26-815651.5,5.207568544125093e+18,35133739,,STAR,tmgaia2,90.0468059604521,-81.947705458977,tmgaia2,8.61526,0.0419952,13.6373,0.0438152,gaia2,2.70395,0.0232893,gaia2,293.979506836124,-28.6289042924897,269.975270852802,-74.6130091854115,13.314,0.024,12.666,0.057,,,,,,,,,,,11.327,0.023,10.993,0.023,10.936,0.019,AAA-222-111-000-0-0,,10.895,0.023,10.923,0.021,10.916,0.083,9.008,,12.4898,0.000175,12.0227,0.006,rered,gaia2,5972.0,134.745,4.43,0.0825889,,,1.0586,0.0514975,1.1,0.147279,0.927254,0.204897,DWARF,1.28421116,0.0532155,365.943,3.1425,0.101222,0.0100452248,124,0.0623516962,,,0.00124505931,0.00839775,0.0116927,schlegel,0.169901,0.124657,0.0540397,0.0489553,0.208592,0.201202,0.0991088,0.0660691,0.0453133,0.0611177,3.116,3.169,bj2018,140.935,128.556,dered,12.8605,0.001365,11.9677,0.000975,1,,ucac4,apassdr9,,0.862429070156153,0.679533514372276,90.0470707684839,-81.9476467429086,0.0222263656690198,0.0232515368906386,1,0,556407636,5.207568544125093e+18,1.2426536
150442394,20190415,,8898-00007-1,140-007795,06311347-6208405,,J063113.48-620840.5,5.478238723148169e+18,29875285,,STAR,tmgaia2,97.8061936398781,-62.1446064857864,tmgaia2,0.686743,0.0456155,5.39933,0.0514392,gaia2,0.789293,0.0236515,gaia2,271.718361792845,-26.0896441677437,130.991438496007,-84.4480089710123,11.988,0.282,11.933,0.027,,,,,,,,,,,11.178,0.022,11.001,0.025,10.964,0.023,AAA-222-111-000-0-0,,10.957,0.023,10.97,0.02,10.903,0.061,9.516,,11.9586,0.007887,11.67,0.0099,rered,gaia2,6953.0,186.938,3.62787,0.104746,,,3.13344,0.200626,1.52,0.264932,0.049406,0.0137672,DWARF,20.6740856,1.611195,1221.91,35.575,0.0558712,0.009955025,124,0.01201846,,,0.0005055699,0.00861345,0.0112966,schlegel,0.198727,0.331137,0.217105,0.184147,0.0107925,0.0167418,0.111458,0.0980333,1.58387,1.63852,34.56,36.59,bj2018,212.662,161.214,dered,12.1561,0.026331,11.6031,0.025597,1,,tycho2v3,tycho2b3,,0.825776057959703,0.797754189792003,97.806199968103,-62.1445832386712,0.0219878171130257,0.0266896667820059,1,0,565497696,5.478238723148169e+18,0.9126961
260373387,20190415,,8546-01184-1,154-007362,06215516-5916050,,J062155.15-591604.8,5.482886294375809e+18,27293919,,STAR,tmgaia2,95.4798559140254,-59.2680607802619,tmgaia2,-3.69431,0.0516752,9.86818,0.0546114,gaia2,2.07649,0.0267033,gaia2,268.348047547465,-26.7671156069277,111.357814321826,-82.2993678644263,10.506,0.075,10.35,0.006,,,,,,,,,,,9.905,0.026,9.777,0.021,9.787,0.021,AAA-222-111-000-0-0,,9.76,0.023,9.779,0.02,9.764,0.034,9.189,,10.2921,0.000592,10.1578,0.006,rered,spect,7341.01,103.836,3.93819,0.0823914,-0.495059,0.0457662,2.29773,0.0792764,1.67,0.278088,0.137664,0.0285878,DWARF,13.8138571,0.6643025,475.035,6.0725,0.0324483,0.009948235,111,0.01576457,,,0.00219370588,0.00993371,0.00996276,schlegel,0.214623,0.341553,0.0793126,0.0792402,0.021162,0.0360137,0.0533447,0.111438,0.593123,0.735482,5.996,6.149,bj2018,111.838,95.834,spect,10.4005,0.001772,10.121,0.001741,1,,tycho2v3,tycho2b3,,0.921857755026038,0.846892298846787,95.4798247880619,-59.268018292268,0.025829685516032,0.0265285167905419,1,0,562292482,5.482886294375809e+18,1.0985107
176932711,20190415,,9177-01259-1,109-012734,06411764-6820453,,J064117.68-682044.8,5.280060445255789e+18,32018965,,STAR,tmgaia2,100.323479775118,-68.3459035188568,tmgaia2,6.00188,0.0396333,26.1423,0.0426595,gaia2,4.80781,0.0229229,gaia2,278.718133505778,-25.9977229068591,208.985389907231,-85.6645190745722,12.764,0.324,11.761,0.027,,,,,,,,,,,10.57,0.026,10.248,0.034,10.121,0.027,AEE-222-111-000-0-0,,9.976,0.022,10.049,0.02,10.017,0.032,9.372,,11.7628,0.0002,11.265,0.006,rered,gaia2,5474.0,133.786,4.48981,0.0845634,,,0.923133,0.0508417,0.96,0.124208,1.22033,0.291921,DWARF,0.689353645,0.0227745,206.755,0.987,0.0274357,0.0098666,173,0.07089192,,,0.004079039,0.0106069,0.0091263,schlegel,0.109202,0.139214,0.0535005,0.0481829,0.233563,0.350279,0.0704863,0.0986404,0.0185525,0.0269965,0.982,0.992,bj2018,143.456,124.117,dered,12.1737,0.0011,11.2172,0.000805,1,,tycho2v3,tycho2b3,,0.742810206648976,0.661678100108086,100.323549805662,-68.3457909617456,0.0209796705611471,0.0245569596567559,1,0,569246538,5.280060445255789e+18,0.9715925
167086359,20190415,,,113-013001,06230124-6735440,,J062301.24-673544.1,5.282980198385323e+18,32461801,,STAR,tmgaia2,95.7552319996304,-67.5956108879065,tmgaia2,-2.29993,0.0437904,1.82542,0.0526475,gaia2,1.22464,0.0219433,gaia2,277.664940170885,-27.6142646050143,207.414551412355,-87.5323241302889,12.995,0.042,12.6,0.103,,,,,,,,,,,11.832,0.023,11.646,0.027,11.615,0.025,AAA-222-111-000-0-0,,11.57,0.023,11.588,0.02,11.604,0.084,9.855,,12.5368,0.000215,12.243,0.006,rered,gaia2,6869.0,128.921,4.2114,0.0915989,,,1.58463,0.0696483,1.49,0.270493,0.374461,0.089156,DWARF,5.036421,0.3149835,797.819,14.0745,0.045435,0.01012997,617,0.06888952,,,0.000942547165,0.00906364,0.0111963,schlegel,0.214806,0.32618,0.0696774,0.0696191,0.0734721,0.10484,0.0768527,0.106345,0.283936,0.346031,13.83,14.319,bj2018,140.877,116.966,dered,12.7488,0.001131,12.1876,0.000656,1,,ucac4,apassdr9,,0.817043670969281,0.816400446391905,95.7552060185072,-67.5956030284613,0.020646169914758,0.0243829357305274,1,0,562853684,5.282980198385323e+18,1.0484911
293525219,20190415,,9477-00944-1,073-044168,23274973-7529218,,J232749.73-752921.9,6.378029561296227e+18,35111136,,STAR,tmgaia2,351.957034216835,-75.4894383691449,tmgaia2,14.553,0.0406434,-1.23529,0.0392967,gaia2,1.99508,0.0221666,gaia2,309.685615692628,-40.5233013091575,300.735238741184,-60.9588081102445,12.764,0.384,12.39,0.027,,,,,,,,,,,11.174,0.021,10.955,0.022,10.949,0.023,AAA-222-111-000-0-0,,10.908,0.023,10.93,0.02,10.955,0.092,9.039,,12.0929,0.000175,11.7372,0.006,rered,gaia2,6422.0,135.732,4.27973,0.0907487,,,1.36289,0.0633869,1.29,0.206383,0.50957,0.121162,DWARF,2.84642529,0.1395095,494.127,5.4535,0.0373002,0.0101799248,93,0.022680141,,,0.0006243537,0.00877165,0.0115882,schlegel,0.186131,0.226636,0.0690266,0.0577472,0.096973,0.145351,0.0940203,0.0874772,0.139479,0.13954,5.394,5.513,bj2018,163.039,108.425,dered,12.3572,0.001534,11.6818,0.001123,1,,tycho2v3,tycho2b3,,0.796991486828416,0.609381879646584,351.957284293203,-75.489443687887,0.0222247925473493,0.0185705726966496,1,0,1724348176,6.378029561296227e+18,0.997413
340007526,20190415,,,152-010732,07311506-5942401,,J073115.10-594240.1,5.293500875393119e+18,27372140,,STAR,tmgaia2,112.812759147351,-59.7111372938638,tmgaia2,27.1815,0.0588609,1.01089,0.0557252,gaia2,13.9524,0.0265765,gaia2,271.356100721028,-18.4304574005251,156.985186215331,-77.7333238282718,17.271,0.11,15.826,0.092,,,,,,,,,,,11.634,0.021,11.02,0.024,10.789,0.021,AAA-222-111-000-0-0,,10.616,0.022,10.507,0.019,10.304,0.041,8.991,,14.4634,0.000487,13.2133,0.00739488,cdwrf,cdwrf,3359.0,157.0,4.85364,0.00140298,,,0.371068,0.0110956,0.358496,0.020266,7.01655,0.232519,DWARF,0.0157921668,0.003918418,71.5239,0.13695,0.0,0.0,194,0.0534510873,,,0.00433305651,0.0,0.0,,,,,,,,,,,,0.1367,0.1372,bj2018,,,cdwrf,15.9209,0.003221,13.281,0.001699,1,,ucac4,apassdr9,cooldwarfs_v8,1.05227195082578,0.864210243431608,112.812991186984,-59.7111329416253,0.0257676340928407,0.0284872035089236,1,0,598944997,5.293500875393119e+18,1.0980668
167792671,20190415,,8916-01519-1,129-009427,06570037-6415105,,J065700.39-641510.5,5.285453657165754e+18,29893610,,STAR,tmgaia2,104.251625547593,-64.2529328791452,tmgaia2,3.69605,0.0661516,-0.118739,0.0483435,gaia2,1.32214,0.0321797,gaia2,274.629380727159,-23.660799151348,165.326944403555,-83.653204920577,11.667,0.162,11.351,0.012,,,,,,,,,,,10.418,0.023,10.27,0.027,10.182,0.023,AAA-222-111-000-0-0,,10.132,0.023,10.154,0.02,10.115,0.039,9.608,,11.1535,0.000525,10.8548,0.006,rered,spect,6649.85,117.982,3.61801,0.0854225,-0.325833,0.1,3.04153,0.147618,1.4,0.224716,0.0497566,0.0113195,DWARF,16.2977352,1.07247448,740.463,17.784,0.0659196,0.01013225,115,0.0169443768,,,0.000915922457,0.0090603,0.0112042,schlegel,0.136396,0.313035,0.150553,0.144683,0.00849504,0.014144,0.068314,0.102531,0.978429,1.16652,17.365,18.203,bj2018,111.651,124.314,spect,11.3747,0.001232,10.8023,0.000678,1,,tycho2v3,tycho2b3,,1.21110314507968,0.749897252657269,104.251662181064,-64.2529333903872,0.029523165824795,0.0293096896069905,1,0,576722946,5.285453657165754e+18,0.8350694
141940657,20190415,,9176-00814-1,081-008010,06195591-7353363,,J061955.91-735336.2,5.26492769492312e+18,33615190,,STAR,tmgaia2,94.982970832506,-73.8934453442014,tmgaia2,3.27169,0.0299517,15.761,0.0397099,gaia2,1.69518,0.0164765,gaia2,284.770231039423,-28.1590442931204,259.386419979189,-82.4823594903481,12.58,0.333,12.084,0.023,,,,,,,,,,,10.801,0.022,10.576,0.024,10.534,0.023,AAA-222-111-000-0-0,,10.481,0.023,10.509,0.021,10.425,0.047,9.378,,11.7993,0.000182,11.4006,0.006,rered,gaia2,6374.0,129.624,3.94426,0.0832851,,,1.98979,0.0861105,1.27,0.184543,0.161206,0.0353136,DWARF,5.887862,0.285968,580.041,5.586,0.0915076,0.01035158,353,0.0339467376,,,0.00119610236,0.0120093,0.00869386,schlegel,0.163245,0.205841,0.114846,0.0573749,0.0240415,0.0465857,0.0613192,0.105251,0.298773,0.273163,5.533,5.639,bj2018,129.349,129.9,dered,12.1049,0.000749,11.3446,0.00073,1,,tycho2v3,tycho2b3,,0.581113232969219,0.615826478288759,94.9830216082656,-73.8933774843465,0.0157909734997856,0.0199437809763562,1,0,561567997,5.26492769492312e+18,0.9349515
389449341,20190415,,,255-189329,20492325-3902406,,J204923.24-390241.0,6.678818529198555e+18,19573428,,STAR,tmgaia2,312.346838860085,-39.0445944985618,tmgaia2,-5.74691,0.0726355,-49.5926,0.0515395,gaia2,1.80444,0.0482828,gaia2,3.18763987516118,-38.8639464010554,303.945777523132,-20.4638620341903,13.427,0.025,12.869,0.069,,,,,,,,,,,11.644,0.024,11.316,0.023,11.306,0.024,AAA-222-111-000-0-0,,11.253,0.023,11.243,0.021,11.257,0.176,8.944,,12.7096,0.000171,12.2868,0.006,rered,gaia2,5994.0,127.055,4.24458,0.0803132,,,1.31051,0.0677412,1.1,0.13999,0.488737,0.110679,DWARF,1.997286,0.1376625,546.0,14.5165,0.0392417,0.0101884147,112,0.08890603,,,0.000282371155,0.0114299,0.00894693,schlegel,0.117055,0.162925,0.0736945,0.0617879,0.0998607,0.121498,0.0672008,0.0934256,0.145442,0.129883,14.137,14.896,bj2018,131.293,122.817,dered,13.0313,0.001018,12.2264,0.000679,1,,ucac4,apassdr9,,1.19506887018301,0.799312198729967,312.346807000879,-39.0448080222623,0.036140241762869,0.0268159759000522,1,0,1708807922,6.678818529198555e+18,0.97645164
238173660,20190415,,9342-01567-1,096-088173,23501181-7058142,,J235011.87-705814.7,6.386323731556698e+18,34541681,,STAR,tmgaia2,357.549121210308,-70.9706314956588,tmgaia2,41.9272,0.0506857,-43.5312,0.0469434,gaia2,4.75136,0.0301596,gaia2,309.963906916962,-45.312213819791,309.95553001689,-59.5189552824252,11.17,0.095,10.668,0.007,,,,,,,,,,,9.516,0.024,9.242,0.023,9.2,0.023,AAA-222-111-000-0-0,,9.14,0.023,9.195,0.02,9.128,0.03,8.536,0.26,10.4577,0.000405,10.0526,0.006,rered,spect,6045.4,134.021,4.22264,0.0831126,0.15,0.12,1.35619,0.0681709,1.12,0.146143,0.449008,0.104115,DWARF,2.213286,0.0935031,209.203,1.3295,0.018917,0.0100650853,80,0.0148509685,,,0.00187100575,0.0101865,0.00994367,schlegel,0.164127,0.12816,0.0645538,0.0717879,0.113922,0.094308,0.0941788,0.0720465,0.103917,0.0830892,1.321,1.338,bj2018,157.946,110.096,spect,10.7765,0.000952,10.0065,0.000856,1,,tycho2v3,tycho2b3,,0.965215696600571,0.727986254882555,357.549674862684,-70.9708189224812,0.0271682998853325,0.023004211410904,1,0,1725729467,6.386323731556698e+18,1.0986282
204441239,20190415,,,297-231228,21413811-3038452,,J214138.14-303845.5,6.785286542216668e+18,17370999,,STAR,tmgaia2,325.408884607476,-30.6459288446806,tmgaia2,12.9678,0.0536955,-24.4697,0.0468872,gaia2,1.96956,0.0343171,gaia2,16.379454945378,-48.6082467704204,317.416938883779,-15.8657950908333,14.304,0.024,13.61,0.092,,,,,,,,,,,12.239,0.022,11.878,0.024,11.799,0.026,AAA-222-111-000-0-0,,11.761,0.023,11.806,0.023,11.566,0.244,8.795,,13.4068,0.000253,12.9143,0.0076,rered,gaia2,5558.0,125.592,4.40386,0.0788227,,,1.02972,0.0544095,0.98,0.122131,0.897582,0.20312,DWARF,0.9115986,0.042178,500.563,8.6665,0.0408145,0.0071773,60,0.0007597417,,,0.000287495233,0.00702659,0.00732801,panstarrs,0.0941772,0.150085,0.0463844,0.0624347,0.176864,0.229375,0.0881227,0.0695226,0.0290043,0.0553517,8.519,8.814,bj2018,103.226,147.959,dered,13.8054,0.001967,12.8604,0.000604,1,,ucac4,apassdr9,,0.863470028317788,0.72730973297673,325.408949505066,-30.6460342003504,0.0297540984732871,0.028487884795523,1,0,1716237753,6.785286542216668e+18,0.9723035
238178239,20190415,,,119-154089,23542749-6621589,,J235427.51-662159.0,6.389119063776182e+18,31798535,,STAR,tmgaia2,358.61448417437,-66.3664106144081,tmgaia2,21.5661,0.0403367,3.93626,0.0414766,gaia2,3.77974,0.0240247,gaia2,311.718966388998,-49.7784450208079,317.031759760901,-56.7906821595874,12.953,0.028,12.263,0.046,,,,,,,,,,,10.994,0.021,10.697,0.021,10.632,0.02,AAA-222-111-000-0-0,,10.606,0.023,10.662,0.021,10.645,0.069,8.902,,12.1315,0.000804,11.6734,0.0061,rered,gaia2,5674.0,127.724,4.53309,0.080249,,,0.90084,0.0437186,1.01,0.136279,1.38159,0.300135,DWARF,0.7577879,0.02715255,262.57,1.669,0.0173322,0.00993005,52,0.00108528649,,,0.00112623908,0.0095027,0.0103574,schlegel,0.142414,0.130145,0.0466618,0.0407754,0.336172,0.264099,0.0991827,0.0613154,0.0321736,0.0221315,1.658,1.68,bj2018,76.6333,178.815,dered,12.4976,0.002794,11.622,0.002038,1,,ucac4,apassdr9,,0.747299447726786,0.643222900551679,358.61471579633,-66.3663936667939,0.0195756554385128,0.0207754492809528,1,0,1725950297,6.389119063776182e+18,1.0060622
280910383,20190415,,9384-00070-1,060-004995,06475945-7803319,,J064759.37-780331.9,5.212360387596389e+18,34639754,,STAR,tmgaia2,101.997603397826,-78.0588811068286,tmgaia2,-12.2292,0.036652,3.89389,0.0487487,gaia2,2.24348,0.0265193,gaia2,289.545394860413,-26.6722691319534,258.06515761629,-77.9960597488641,13.37,0.453,12.504,0.034,,,,,,,,,,,11.03,0.026,10.713,0.022,10.689,0.021,AAA-222-111-000-0-0,,10.586,0.023,10.614,0.02,10.604,0.044,9.2,,12.2056,0.000172,11.7417,0.006,rered,gaia2,6527.0,137.74,4.26533,0.0873948,,,1.41228,0.0643718,1.34,0.225308,0.475711,0.109663,DWARF,3.261295,0.174371,440.125,5.1765,0.225807,0.01020098,115,0.04134622,,,0.00159681984,0.00889366,0.0115083,schlegel,0.190985,0.259632,0.0760196,0.0527241,0.0810838,0.138243,0.0758752,0.0989143,0.168747,0.179995,5.116,5.237,bj2018,144.777,130.703,dered,12.5726,0.001665,11.6807,0.000774,1,,tycho2v3,tycho2b3,,0.731642099018922,0.756120911386921,101.997348917982,-78.0588643415831,0.021701440819688,0.0279310453271246,1,0,571930739,5.212360387596389e+18,0.95502603
150273402,20190415,,8894-00226-1,148-007565,06185829-6026581,,J061858.29-602657.9,5.481815266971352e+18,29867391,,STAR,tmgaia2,94.7429004659097,-60.4494802877779,tmgaia2,-1.28086,0.0395034,20.0622,0.0530049,gaia2,2.09843,0.0207258,gaia2,269.602825222198,-27.2995148737041,111.24160973563,-83.5372837612788,12.067,0.219,11.439,0.015,,,,,,,,,,,10.745,0.024,10.574,0.024,10.529,0.023,AAA-222-111-000-0-0,,10.493,0.023,10.514,0.02,10.489,0.049,9.432,,11.5069,0.000382,11.1923,0.006,rered,spect,6364.57,123.328,4.07369,0.0925176,-0.126892,0.0675732,1.71432,0.0802412,1.27,0.20395,0.252076,0.0607594,DWARF,4.344631,0.2120685,470.101,4.615,0.0304509,0.0103556747,107,0.0108196093,,,0.00173199177,0.00726635,0.013445,schlegel,0.133162,0.274739,0.0852628,0.0752196,0.0443971,0.0771216,0.0758052,0.10923,0.215772,0.208365,4.57,4.66,bj2018,141.101,105.555,spect,11.7395,0.001795,11.1415,0.001076,1,,tycho2v3,tycho2b3,,0.708891331848876,0.821904579862356,94.7428892840021,-60.4493939088619,0.0190165521777202,0.0232399823647309,1,0,561572413,5.481815266971352e+18,0.8427898
389449422,20190415,,,255-189358,20494921-3911060,,J204949.22-391106.2,6.678765580841708e+18,19574010,,STAR,tmgaia2,312.455086382348,-39.1850362306471,tmgaia2,3.53319,0.0798058,-12.4064,0.0520015,gaia2,1.95519,0.0539031,gaia2,3.01870748126288,-38.9614115907182,303.988749854556,-20.6224764494351,13.385,0.014,12.847,0.126,,,,,,,,,,,11.676,0.022,11.38,0.028,11.34,0.024,AAA-222-111-000-0-0,,11.29,0.024,11.301,0.021,11.103,0.136,8.974,,12.6905,0.000152,12.2815,0.006,rered,gaia2,6093.0,129.462,4.34855,0.0808648,,,1.18361,0.0619095,1.14,0.151341,0.687505,0.156555,DWARF,1.739558,0.124517,504.565,13.8415,0.0415484,0.01023011,108,0.0100908894,,,0.0003331519,0.0110261,0.00943412,schlegel,0.115909,0.186774,0.0599543,0.0638648,0.13155,0.18156,0.0836418,0.0780878,0.135049,0.113985,13.469,14.214,bj2018,110.017,148.908,dered,13.0028,0.000835,12.2247,0.000817,1,,ucac4,apassdr9,,1.31376035213304,0.806404465917614,312.455106008408,-39.1850896470933,0.0443406861410387,0.0247928036194128,1,0,1708808003,6.678765580841708e+18,1.258235
183802212,20190415,,9352-00498-1,065-000962,01242682-7701358,,J012426.82-770136.0,4.636810241375993e+18,34562736,,STAR,tmgaia2,21.1118637732489,-77.0266427741304,tmgaia2,0.00896028,0.0425854,-7.861,0.0310837,gaia2,2.54515,0.0191904,gaia2,300.522988890918,-39.946816292709,303.749910059628,-67.8542654370653,12.946,0.402,12.245,0.034,,,,,,,,,,,11.003,0.024,10.698,0.023,10.592,0.019,AAA-222-111-000-0-0,,10.567,0.023,10.609,0.02,10.524,0.056,9.32,,12.098,0.000205,11.6343,0.006,rered,spect,5699.67,115.082,4.16609,0.0754515,0.0932477,0.0759133,1.38131,0.0671306,1.02,0.127441,0.387015,0.0805756,DWARF,1.81415737,0.06695885,388.507,2.9185,0.0414313,0.010231615,99,0.01042241,,,0.000763506338,0.0125439,0.00791933,schlegel,0.0873768,0.167506,0.0550246,0.0792367,0.0637621,0.0973891,0.0546625,0.0962405,0.0557987,0.078119,2.897,2.94,bj2018,95.1668,134.997,spect,12.4672,0.000803,11.5809,0.000666,1,,ucac4,tycho2b,,0.843864923714721,0.482065292309334,21.1118639450945,-77.0266766201029,0.0217593902368544,0.016070456815564,1,0,515446919,4.636810241375993e+18,1.1641773
176933563,20190415,,8907-01103-1,115-013142,06403626-6703105,,J064036.26-670310.4,5.280440090303063e+18,32459086,,STAR,tmgaia2,100.151200979652,-67.0529095318353,tmgaia2,-12.0896,0.0450139,8.08896,0.0456723,gaia2,1.68124,0.0266565,gaia2,277.285800078466,-25.8677362279069,191.667659911681,-85.9765336122975,11.584,0.164,11.285,0.012,,,,,,,,,,,10.262,0.024,10.003,0.022,9.987,0.019,AAA-222-111-000-0-0,,9.927,0.022,9.948,0.02,9.904,0.031,9.375,,11.1029,0.001029,10.7495,0.0061,rered,spect,6156.21,120.974,3.60607,0.0824119,-0.210864,0.1,2.81897,0.140443,1.17,0.163662,0.0522296,0.0118529,DWARF,10.2831926,0.535189,584.854,9.1885,0.0499936,0.0101735452,223,0.0104594454,,,0.00109293289,0.011053,0.00929409,schlegel,0.151026,0.176298,0.128005,0.15288,0.0118794,0.0118265,0.0836961,0.0811277,0.638495,0.431883,9.047,9.33,bj2018,117.551,124.397,spect,11.3799,0.000647,10.7078,0.000436,1,,tycho2v3,tycho2b3,,0.837264286288067,0.708377727348721,100.151067471082,-67.0528747044242,0.0225876168631774,0.0254432291055303,1,0,569247390,5.280440090303063e+18,1.0006852
238171360,20190415,,,111-129172,23475027-6752252,,J234750.25-675225.7,6.38877890236619e+18,31996922,,STAR,tmgaia2,356.959480001313,-67.8737225765758,tmgaia2,-6.43093,0.0419256,-36.3454,0.0412215,gaia2,4.6381,0.0250964,gaia2,311.827469162881,-48.141216911345,314.196941956337,-57.3485436618025,12.962,0.017,12.251,0.069,,,,,,,,,,,10.817,0.024,10.452,0.024,10.378,0.025,AAA-222-111-000-0-0,,10.34,0.023,10.392,0.02,10.36,0.054,8.903,,12.0097,0.000436,11.5095,0.006,rered,gaia2,5414.0,128.553,4.53941,0.0825632,,,0.862762,0.0464875,0.94,0.125363,1.46371,0.337671,DWARF,0.576168835,0.01951475,214.276,1.161,0.0155172,0.01082485,71,0.00456965948,,,0.00135175779,0.0118672,0.0097825,schlegel,0.11188,0.138846,0.0416613,0.0513136,0.221251,0.454091,0.0521274,0.112999,0.0201926,0.0188369,1.155,1.167,bj2018,122.636,134.471,dered,12.4214,0.001872,11.4591,0.001446,1,,ucac4,apassdr9,,0.783569858995552,0.63926203522404,356.959406488002,-67.8738790637324,0.0214617326274334,0.0205000420296984,1,0,1725510101,6.38877890236619e+18,0.85300136
234338417,20190415,,,111-002130,02292625-6756192,,J022926.28-675619.2,4.695366279300797e+18,32006222,,STAR,tmgaia2,37.3593972667137,-67.9387248614877,tmgaia2,16.5478,0.0392818,9.77892,0.0360597,gaia2,2.06438,0.0194171,gaia2,289.825340181659,-46.6169470609514,331.879708223664,-70.2145879031953,13.376,0.012,12.743,0.069,,,,,,,,,,,11.506,0.022,11.168,0.023,11.118,0.024,AAA-222-111-000-0-0,,11.07,0.022,11.125,0.02,11.184,0.098,9.411,,12.5697,0.000188,12.1243,0.006,rered,gaia2,5751.0,130.499,4.22342,0.0743738,,,1.29939,0.0640704,1.03,0.129025,0.469478,0.0970702,DWARF,1.66398561,0.06531195,477.738,4.4655,0.0167739,0.0102337552,68,0.01731086,,,0.000653222,0.0129225,0.00754501,schlegel,0.124093,0.133956,0.062197,0.0659437,0.095125,0.0990154,0.066383,0.0823646,0.0624674,0.0681565,4.424,4.507,bj2018,132.914,128.084,dered,12.9212,0.001448,12.071,0.000847,1,,ucac4,apassdr9,,0.734437568332707,0.559191759786913,37.3595869575019,-67.9386827579133,0.020097685133954,0.0172591234123184,1,0,518779211,4.695366279300797e+18,1.349466
260370657,20190415,,8534-00995-1,180-007897,06203854-5410108,,J062038.54-541010.7,5.49980670887875e+18,25182938,,STAR,tmgaia2,95.1606091466491,-54.169688842222,tmgaia2,-3.27244,0.0462065,15.9152,0.0398464,gaia2,2.35854,0.0251297,gaia2,262.704544313729,-26.0710714002633,103.922719961454,-77.3594163970483,12.264,0.233,11.489,0.017,,,,,,,,,,,10.461,0.024,10.207,0.022,10.146,0.021,AAA-222-111-000-0-0,,10.104,0.023,10.119,0.02,10.119,0.039,9.335,,11.4271,0.000289,11.0308,0.006,rered,gaia2,6310.0,132.244,4.07015,0.084868,,,1.70086,0.0762513,1.24,0.179528,0.25201,0.0563637,DWARF,4.13187933,0.199714,418.899,4.4435,0.0727656,0.0102254348,103,0.037985947,,,0.00165104587,0.0120389,0.00841197,schlegel,0.137089,0.221966,0.062091,0.0904116,0.052437,0.0602904,0.0992667,0.0704693,0.199741,0.199687,4.397,4.49,bj2018,120.016,144.472,dered,11.7287,0.001033,10.974,0.001504,1,,tycho2v3,tycho2b3,,0.804711136595342,0.618096494118368,95.1605850776481,-54.1696203184461,0.0217005340573218,0.0242857948763889,1,0,562290283,5.49980670887875e+18,1.186429
389447386,20190415,,,268-195144,20490140-3631577,,J204901.40-363157.7,6.77837332849901e+18,19572930,,STAR,tmgaia2,312.255834343482,-36.5327201407659,tmgaia2,5.04519,0.037253,5.83948,0.0307481,gaia2,4.36113,0.0247871,gaia2,6.37203111963377,-38.4956047886512,304.627360560158,-18.0347255013067,14.489,0.022,13.443,0.069,,,,,,,,,,,11.728,0.023,11.204,0.025,11.113,0.021,AAA-222-111-000-0-0,,11.063,0.023,11.12,0.021,11.098,0.171,8.41,,13.2305,0.000227,12.6094,0.006,rered,spect,4873.94,108.5,4.66321,0.0863754,-0.0428295,0.0705817,0.685874,0.0426131,0.79,0.0907509,2.44846,0.617709,DWARF,0.2391687,0.009976065,227.797,1.296,0.0259268,0.0101002352,97,0.0377506,,,0.000642061466,0.00916287,0.0110376,schlegel,0.0755897,0.105912,0.0359588,0.0492673,0.441224,0.794193,0.0614748,0.111276,0.00752953,0.0124226,1.289,1.303,bj2018,133.585,83.4158,spect,13.7754,0.00167,12.5527,0.000674,1,,ucac4,apassdr9,,0.608349190042297,0.476829261491645,312.255861377565,-36.5326949985632,0.0186938655280465,0.0149273686517373,1,0,1708806159,6.77837332849901e+18,0.98744154
167795079,20190415,,8912-00681-1,135-009597,06573733-6304153,,J065737.28-630415.2,5.28636040636427e+18,29894069,,STAR,tmgaia2,104.405531869811,-63.0709236923322,tmgaia2,-21.8566,0.0433555,5.77183,0.0572419,gaia2,4.44251,0.0233206,gaia2,273.397284111244,-23.3074944766713,157.00835568203,-82.9697326198702,10.257,0.05,9.615,0.003,,,,,,,,,,,8.592,0.027,8.331,0.04,8.258,0.033,AAA-111-111-000-0-0,,8.192,0.023,8.232,0.021,8.202,0.019,8.219,0.138,9.50425,0.00038,9.1083,0.006,rered,gaia2,6197.0,133.36,3.82524,0.0789922,,,2.20895,0.102684,1.19,0.163859,0.110405,0.0236035,DWARF,6.48323154,0.2840515,223.648,1.175,0.0459205,0.01063229,144,0.0113459788,,,0.00407900149,0.00997938,0.0112852,schlegel,0.163892,0.163826,0.0996533,0.105714,0.0180538,0.0291533,0.062752,0.0952324,0.301269,0.266834,1.169,1.181,bj2018,139.221,127.499,dered,9.82041,0.002011,9.06753,0.001582,1,,tycho2v3,tycho2b3,,0.788729030401457,0.887674111042362,104.4053240812,-63.0708988415495,0.0209269558418238,0.0274543419069806,1,0,576725341,5.28636040636427e+18,1.0163285
204442738,20190415,,,282-216819,21422441-3336108,,J214224.43-333611.0,6.591438828309479e+18,17371435,,STAR,tmgaia2,325.601730386899,-33.6030310888826,tmgaia2,11.055,0.050807,-26.39,0.035546,gaia2,1.32751,0.0338285,gaia2,11.9331205385318,-49.0651047384324,316.513984697625,-18.6991577645172,13.458,0.013,13.115,0.069,,,,,,,,,,,12.148,0.022,11.935,0.024,11.876,0.026,AAA-222-111-000-0-0,,11.884,0.023,11.92,0.024,12.128,0.392,8.505,,12.9635,0.00053,12.6432,0.006,rered,gaia2,6624.0,134.745,4.37368,0.0898468,,,1.26969,0.06451,1.39,0.230563,0.679076,0.160402,DWARF,2.79623485,0.199058,737.685,18.559,0.0307277,0.01076015,67,0.0522291847,,,0.000256496132,0.0107913,0.010729,schlegel,0.201186,0.25994,0.0555688,0.0734513,0.110626,0.210178,0.0696877,0.110006,0.172529,0.225587,18.101,19.017,bj2018,151.388,118.103,dered,13.192,0.002153,12.5834,0.0012,1,,ucac4,apassdr9,,0.823161546042282,0.551337313134634,325.601787534664,-33.6031447125015,0.0297137659031703,0.0203126927195087,1,0,1716348042,6.591438828309479e+18,1.078193
340007540,20190415,,,152-010729,07311354-5943224,,J073113.55-594322.7,5.293499397923945e+18,27372102,,STAR,tmgaia2,112.806451177519,-59.7229137023648,tmgaia2,4.4607,0.0352029,-25.1113,0.036607,gaia2,5.48317,0.0171428,gaia2,271.366288824881,-18.4378994122883,157.015151505595,-77.7437307384604,13.676,0.017,12.704,0.103,,,,,,,,,,,11.011,0.022,10.531,0.022,10.451,0.021,AAA-222-111-000-0-0,,10.376,0.023,10.469,0.02,10.443,0.046,9.072,,12.4515,0.000157,11.8462,0.006,rered,spect,4946.4,119.132,4.53001,0.0862952,0.106292,0.1,0.809605,0.0512161,0.81,0.0978616,1.52639,0.378507,DWARF,0.3535069,0.0137358,181.42,0.5685,0.0842165,0.009508285,203,0.08475823,,,0.00309786573,0.0102518,0.00876477,schlegel,0.107852,0.0878712,0.0566553,0.0457769,0.210282,0.546733,0.10069,0.0719003,0.012163,0.0153086,0.567,0.57,bj2018,98.6123,139.652,spect,12.979,0.001099,11.7998,0.000762,1,,ucac4,apassdr9,,0.629374248221123,0.567709347190824,112.806489270471,-59.7230218204684,0.0156218789062126,0.0184796378639188,1,0,598945011,5.293499397923945e+18,1.0518104
139190132,20190415,,,,23004649-4556335,,J230046.54-455634.5,6.539726185115859e+18,,,STAR,tmgaia2,345.193750275711,-45.9426046063841,tmgaia2,52.1642,0.149964,-88.4436,0.251932,gaia2,9.98213,0.203149,gaia2,344.918613175667,-61.1413460722272,326.268161857012,-36.0616778248125,19.037,0.167,,,,,,,,,,,,,13.319,0.025,12.732,0.026,12.394,0.028,AAA-222-111-000-0-0,,12.244,0.023,12.059,0.022,11.839,,8.809,,16.5299,0.001146,15.1326,0.00991109,cdwrf,cdwrf,3179.0,157.0,4.96405,0.00722084,,,0.267209,0.0094461,0.239709,0.0208874,12.5641,0.234999,DWARF,0.00656990334,0.00177395763,99.9644,2.0466,0.0,0.0,42,0.0248270277,,,0.000401591853,0.0,0.0,,,,,,,,,,,,2.0056,2.0876,bj2018,,,cdwrf,18.2362,0.01322,15.228,0.00727,1,,,bpbj,cooldwarfs_v8,2.5261013420534,3.90793732068181,345.194073259276,-45.9429854056755,0.0856204599106272,0.152875241493597,1,0,1722799132,6.539726185115859e+18,1.1902281
280911527,20190415,,,048-004431,06491717-8024078,,J064917.18-802407.3,5.207772095510772e+18,35222739,,STAR,tmgaia2,102.321585234591,-80.4021711371633,tmgaia2,-0.863202,0.0283419,46.9662,0.0302028,gaia2,3.54802,0.0167769,gaia2,292.165830005362,-26.8074867175514,261.661756206232,-75.7972882781673,14.127,0.031,13.23,0.046,,,,,,,,,,,11.527,0.024,11.116,0.022,10.999,0.023,AAA-222-111-000-0-0,,10.918,0.023,10.964,0.02,10.893,0.063,9.526,,12.9753,0.000293,12.3815,0.006,rered,gaia2,5356.0,130.615,4.53061,0.0816811,,,0.866899,0.047598,0.93,0.11885,1.42751,0.323453,DWARF,0.557177544,0.01686715,279.572,1.3215,0.141844,0.00983954,118,0.0844731256,,,0.00156144379,0.010622,0.00905708,schlegel,0.0805611,0.157139,0.0461533,0.0490427,0.280699,0.366207,0.0788902,0.0844719,0.016913,0.0168213,1.315,1.328,bj2018,114.961,146.27,dered,13.4791,0.001052,12.33,0.000983,1,,ucac4,apassdr9,,0.575342771735187,0.468449020417099,102.321562943861,-80.401968921579,0.0144533756887284,0.0169186809822768,1,0,572823555,5.207772095510772e+18,1.0191816
238809256,20190415,,,125-179054,21474374-6508021,,J214743.78-650802.2,6.402039154332729e+18,32390600,,STAR,tmgaia2,326.932253944207,-65.1339356999149,tmgaia2,19.9804,0.0299762,-8.50099,0.0389219,gaia2,1.33598,0.0268987,gaia2,327.071974569748,-42.378153449206,301.66238876702,-47.8303843588937,13.832,0.06,13.083,0.069,,,,,,,,,,,11.633,0.027,11.207,0.023,11.165,0.023,AAA-222-111-000-0-0,,11.135,0.023,11.204,0.02,11.065,0.152,8.082,,12.8525,0.000207,12.3402,0.006,rered,spect,5371.12,134.756,3.77026,0.0910046,0.0709689,0.0790995,2.08039,0.132512,0.93,0.118889,0.103287,0.0273975,DWARF,3.24522233,0.168545,732.922,14.5635,0.0313685,0.009714125,76,0.0187537484,,,0.000187488069,0.0110578,0.00837045,schlegel,0.0979458,0.139833,0.12808,0.136945,0.0299876,0.0248073,0.0893058,0.0927035,0.146799,0.190291,14.279,14.848,bj2018,139.335,130.177,spect,13.2716,0.001166,12.2851,0.000548,1,,ucac4,apassdr9,,0.551525473329963,0.603660272518014,326.932458526914,-65.1339723015393,0.01508897470347,0.0211557116453227,1,0,1716891273,6.402039154332729e+18,1.0530365
176932606,20190415,,,108-014275,06412833-6830271,,J064128.31-683027.1,5.279302847383843e+18,32018978,,STAR,tmgaia2,100.368101835145,-68.5075526578397,tmgaia2,-12.8266,0.0552804,5.09623,0.0485335,gaia2,1.5146,0.027996,gaia2,278.898723536316,-26.00511791942,210.898597945609,-85.5928378410572,12.948,0.023,12.474,0.046,,,,,,,,,,,11.477,0.023,11.24,0.021,11.184,0.023,AAA-222-111-000-0-0,,11.159,0.023,11.199,0.02,11.177,0.073,9.963,,12.3596,0.000208,12.0001,0.006,rered,spect,5924.57,131.747,3.92343,0.0850638,-0.262644,0.1,1.87944,0.103206,1.08,0.147859,0.16268,0.0379986,DWARF,3.92085743,0.2011445,648.027,11.848,0.0419438,0.009639985,201,0.0210378654,,,0.000872626,0.0110083,0.00827167,schlegel,0.147899,0.147819,0.091692,0.11472,0.0306706,0.0453266,0.0864116,0.083716,0.157143,0.245146,11.635,12.061,bj2018,126.828,136.667,spect,12.627,0.001167,11.9441,0.000704,1,,ucac4,apassdr9,,1.03698554502835,0.752771581331702,100.367951101334,-68.5075307158057,0.0263629580127027,0.0274959845262795,1,0,569246433,5.279302847383843e+18,1.1548812
389447154,20190415,,,265-191892,20485274-3702451,,J204852.73-370245.1,6.778340686747313e+18,19572731,,STAR,tmgaia2,312.219664240195,-37.0458686695641,tmgaia2,12.323,0.0790165,-18.8327,0.0520525,gaia2,1.98139,0.0547684,gaia2,5.71707953231491,-38.5349038221493,304.44591136202,-18.5189516418649,13.478,0.019,12.821,0.069,,,,,,,,,,,11.705,0.022,11.413,0.022,11.37,0.023,AAA-222-111-000-0-0,,11.331,0.022,11.364,0.02,11.386,0.196,8.288,,12.709,0.000166,12.285,0.006,rered,gaia2,5955.0,131.564,4.31607,0.08115,,,1.20147,0.0649346,1.09,0.143697,0.628469,0.139521,DWARF,1.63549864,0.1127565,497.996,13.6995,0.0319839,0.01032854,128,0.0542728528,,,0.0003171326,0.00925398,0.0114031,schlegel,0.127682,0.159711,0.0494055,0.0804638,0.123332,0.155711,0.0717678,0.0905323,0.114554,0.110959,13.33,14.069,bj2018,159.221,103.906,dered,13.0385,0.000769,12.2312,0.000628,1,,ucac4,apassdr9,,1.29236467764421,0.807184652996385,312.219730715332,-37.0459497548181,0.0424006533941638,0.0244670562968339,1,0,1708599506,6.778340686747313e+18,1.0512086
167089959,20190415,,,093-011087,06230916-7134339,,J062309.25-713432.7,5.266315347318262e+18,33616622,,STAR,tmgaia2,95.7882246778459,-71.5760475174899,tmgaia2,33.3951,0.0379061,95.7844,0.043061,gaia2,11.9605,0.0231222,gaia2,282.154070479369,-27.855163643524,250.275532854949,-84.5808011865376,13.441,0.021,12.071,0.046,,,,,,,,,,,9.883,0.022,9.319,0.027,9.158,0.021,AAA-222-111-000-0-0,,9.056,0.022,9.138,0.02,9.026,0.022,9.127,0.232,11.7027,0.000438,10.9507,0.006,gbprp,spect,4300.8,121.596,4.57251,0.100401,,,0.701158,0.0603342,0.67,0.0790047,1.94369,0.58816,DWARF,0.151538476,0.0091051,83.4068,0.1621,0.0,0.0,637,0.06430654,,,0.007657332,0.0,0.0,,0.0924076,0.0656017,0.057291,0.0633774,0.609907,0.566413,0.09293,0.107873,0.0080542,0.010156,0.1618,0.1624,bj2018,131.996,111.197,spect,12.4342,0.002044,10.8928,0.001166,1,,ucac4,apassdr9,,0.724557500459087,0.667910795578907,95.7886796261827,-71.5756351129726,0.0192701798562072,0.0249265998603687,1,0,562857282,5.266315347318262e+18,0.9872035
53813626,20190415,,6956-00559-1,318-242130,21491348-2632071,,J214913.52-263207.2,6.81052507142257e+18,13850916,,STAR,tmgaia2,327.306260379958,-26.535310304673,tmgaia2,33.6274,0.0641512,4.1664,0.0615781,gaia2,2.47765,0.0445188,gaia2,22.9914331511446,-49.5764546135311,320.480940611037,-12.5715904461984,12.629,0.478,12.07,0.033,,,,,,,,,,,10.906,0.022,10.581,0.025,10.559,0.023,AAA-222-111-000-0-0,,10.471,0.022,10.484,0.02,10.381,0.085,8.474,,11.9928,0.000425,11.5809,0.0069,rered,gaia2,6014.0,123.23,4.25292,0.0794121,,,1.30388,0.0649648,1.11,0.142149,0.500741,0.110167,DWARF,2.00364971,0.09647635,399.123,7.148,0.0275076,0.005143075,67,0.0548167974,,,0.00040864374,0.00629353,0.00399262,panstarrs,0.11367,0.170629,0.0548211,0.0751085,0.096182,0.124152,0.0896134,0.0692107,0.113881,0.0790717,7.023,7.273,bj2018,98.8938,147.566,dered,12.2785,0.002612,11.4949,0.004591,1,,tycho2v3,tycho2b3,,1.02224656111193,0.955244157552045,327.306422212127,-26.5352923660975,0.0360179049427313,0.0386840927386497,1,0,1717071718,6.81052507142257e+18,1.1385479
53813670,20190415,,6956-00607-1,317-235751,21485660-2639384,,J214856.62-263938.3,6.810518096395111e+18,13850834,,STAR,tmgaia2,327.235861899834,-26.660694076147,tmgaia2,18.1261,0.0612493,3.70011,0.0591438,gaia2,2.65249,0.0415272,gaia2,22.7827154155807,-49.5396713049558,320.376285521971,-12.6677865047642,12.282,0.407,12.211,0.037,,,,,,,,,,,10.733,0.021,10.483,0.023,10.437,0.021,AAA-222-111-000-0-0,,10.381,0.024,10.418,0.021,10.498,0.088,8.889,,11.6729,0.000475,11.2941,0.007,rered,spect,5820.1,124.046,4.10624,0.078412,-0.58,0.11,1.50145,0.0781507,1.05,0.131531,0.310212,0.0690796,DWARF,2.33043528,0.1025294,373.062,5.825,0.0204366,0.00499126,75,0.0168143455,,,0.0004077384,0.00383667,0.00614585,panstarrs,0.139228,0.123834,0.0805784,0.0757231,0.050214,0.0879452,0.0543199,0.102504,0.110368,0.0946908,5.736,5.914,bj2018,126.685,121.406,spect,11.9592,0.000833,11.2404,0.000629,1,,tycho2v3,tycho2b3,,0.976293349751962,0.917493998033474,327.235949227493,-26.6606781451444,0.0354038430262881,0.0374614512831281,1,0,1716974135,6.810518096395111e+18,1.2980212
167797195,20190415,,,150-009119,06584918-6009128,,J065849.16-600912.6,5.479597277140337e+18,29895075,,STAR,tmgaia2,104.704900333473,-60.1535714117713,tmgaia2,-9.13406,0.0466966,19.4653,0.0359682,gaia2,1.5903,0.0217534,gaia2,270.380609304629,-22.4104886335991,142.585703404416,-80.8480052427317,13.254,0.065,12.69,0.092,,,,,,,,,,,11.473,0.022,11.181,0.025,11.098,0.025,AAA-222-111-000-0-0,,11.065,0.023,11.109,0.02,11.151,0.091,9.175,,12.4912,0.000171,12.0615,0.006,rered,gaia2,6146.0,134.824,4.07233,0.0791489,,,1.64801,0.0744623,1.17,0.158108,0.261399,0.0558092,DWARF,3.49128866,0.171867,617.672,8.3635,0.0852481,0.0100124,132,0.0342675,,,0.001036447,0.0100195,0.0100053,schlegel,0.158078,0.158137,0.0624734,0.0864513,0.0545849,0.0570336,0.0697593,0.0885386,0.16629,0.177444,8.252,8.475,bj2018,132.632,137.017,dered,12.8255,0.00115,12.0061,0.000773,1,,ucac4,apassdr9,,0.836708041488666,0.557865690359894,104.704821311929,-60.1534876028636,0.0220777211114708,0.0199990482351298,1,0,577771807,5.479597277140337e+18,1.0557986
238172772,20190415,,,104-114196,23495444-6916546,,J234954.51-691654.5,6.386907228633765e+18,31997017,,STAR,tmgaia2,357.476962334057,-69.2818390252673,tmgaia2,25.9127,0.0207359,2.68673,0.0213832,gaia2,2.17838,0.0123119,gaia2,310.82482821481,-46.8922081283846,312.452501830418,-58.4250169832722,14.121,0.044,13.428,0.092,,,,,,,,,,,12.144,0.024,11.822,0.022,11.747,0.024,AAA-222-111-000-0-0,,11.716,0.024,11.757,0.021,11.546,0.151,9.213,0.498,13.2548,0.000248,12.7861,0.006,rered,spect,5533.76,113.355,4.43374,0.0761582,-0.014931,0.0831688,0.989809,0.0498115,0.97,0.117928,1.00027,0.215937,DWARF,0.827711761,0.0315099,453.044,2.546,0.0252926,0.0106297452,57,0.0106853275,,,0.000518974441,0.00890449,0.012355,schlegel,0.110078,0.125779,0.0523095,0.0473136,0.201084,0.230791,0.0734823,0.0788342,0.044216,0.0188038,2.532,2.56,bj2018,119.451,107.259,spect,13.6282,0.001143,12.7313,0.000763,1,,ucac4,apassdr9,,0.39081184690403,0.331611595462058,357.477277703218,-69.2818274576893,0.0109590195212476,0.010679035383951,1,0,1725728579,6.386907228633765e+18,1.1344956
176935443,20190415,,,113-013731,06422571-6734209,,J064225.67-673420.9,5.280176546810701e+18,32459473,,STAR,tmgaia2,100.607065534248,-67.5725105799188,tmgaia2,-7.23256,0.040739,8.77374,0.0428645,gaia2,2.94744,0.0195614,gaia2,277.886425648062,-25.7750677152573,198.604051967808,-85.750586208926,12.77,0.054,12.202,0.069,,,,,,,,,,,11.043,0.022,10.782,0.023,10.704,0.021,AAA-222-111-000-0-0,,10.695,0.022,10.721,0.02,10.691,0.048,9.518,,12.0447,0.000209,11.6313,0.006,rered,spect,5984.36,123.966,4.39834,0.0806192,0.119189,0.1,1.09789,0.0536282,1.1,0.146531,0.831225,0.18451,DWARF,1.3927772,0.0571196,335.992,2.225,0.0385145,0.010599955,166,0.0210128818,,,0.00247350871,0.0127521,0.00844781,schlegel,0.120089,0.172973,0.0536588,0.0535975,0.166376,0.202644,0.0820137,0.0792247,0.065539,0.0487002,2.21,2.24,bj2018,128.147,119.785,spect,12.368,0.00124,11.5815,0.001159,1,,ucac4,apassdr9,,0.760003268559044,0.664703764816195,100.606983911565,-67.5724728041141,0.0190248118660426,0.0201014218591738,1,0,570034855,5.280176546810701e+18,1.026133
238809584,20190415,,9119-01533-1,130-179065,21473196-6403318,,J214732.00-640331.9,6.402526203623669e+18,31752633,,STAR,tmgaia2,326.883246971224,-64.0588553134335,tmgaia2,16.6833,0.0320888,-7.44802,0.0449281,gaia2,2.64138,0.0290155,gaia2,328.356793827889,-42.8908148679416,302.416184499646,-46.8840677896018,12.017,0.15,11.564,0.01,,,,,,,,,,,10.408,0.026,10.139,0.023,10.078,0.023,AAA-222-111-000-0-0,,10.029,0.022,10.065,0.02,10.029,0.063,8.262,,11.4401,0.00041,11.023,0.006,rered,spect,5630.6,109.037,3.91409,0.070227,-0.5,0.11,1.82805,0.0868844,1.0,0.119177,0.163695,0.0322487,DWARF,3.02614379,0.125384,374.547,4.102,0.030806,0.0104899,77,0.0141914319,,,0.0005253713,0.0109388,0.010041,schlegel,0.0974696,0.140884,0.0882186,0.0855502,0.0349928,0.0295046,0.0944063,0.0460476,0.127399,0.123369,4.058,4.146,bj2018,100.796,117.278,spect,11.764,0.000774,10.9703,0.000891,1,,tycho2v3,tycho2b3,,0.586910309999716,0.696831977628055,326.883411175728,-64.0588873813902,0.0162972429103208,0.0249393423374199,1,0,1716891567,6.402526203623669e+18,1.1794283
204441306,20190415,,,298-244166,21420622-3027215,,J214206.21-302721.5,6.785383505398225e+18,17371271,,STAR,tmgaia2,325.525952774194,-30.4559772937449,tmgaia2,-9.35995,0.0480743,-5.61296,0.0449433,gaia2,1.57503,0.0309953,gaia2,16.6844403237964,-48.6833489202128,317.582673446635,-15.7215300881012,13.875,0.105,13.699,0.24,,,,,,,,,,,12.201,0.023,11.842,0.021,11.818,0.026,AAA-222-111-000-0-0,,11.763,0.024,11.745,0.022,11.334,0.163,8.724,,13.3728,0.01964,12.9344,0.0211,rered,gaia2,5863.0,312.967,4.34468,0.15143,,,1.14642,0.135372,1.06,0.164913,0.703514,0.31025,DWARF,1.39914584,0.0827456,623.71,12.1535,0.0325529,0.00703025,70,0.0189852156,,,0.00023992479,0.00837742,0.00568308,panstarrs,0.127428,0.202397,0.113526,0.157218,0.211831,0.408668,0.171603,0.131256,0.0744297,0.0910615,11.921,12.386,bj2018,351.053,274.882,dered,13.703,0.06132,12.8671,0.056985,1,,ucac4,apassdr9,,0.772743759800993,0.697161825047243,325.525906023727,-30.4560014606645,0.0271314178701598,0.0274514785736518,1,0,1716346740,6.785383505398225e+18,1.0387266
280914161,20190415,,9388-01006-1,049-004396,06513881-8012204,,J065138.80-801220.5,5.207778761299959e+18,35118406,,STAR,tmgaia2,102.911571161531,-80.2056997672431,tmgaia2,5.49318,0.0361146,2.85611,0.0416297,gaia2,2.11891,0.0239273,gaia2,291.955659056445,-26.692376061397,260.994809203351,-75.9455123402773,11.498,0.12,11.057,0.008,,,,,,,,,,,10.064,0.027,9.931,0.023,9.882,0.024,AAA-222-111-s0s-0-0,,9.81,0.024,9.817,0.02,9.821,0.032,9.131,,10.8773,0.000349,10.5734,0.006,rered,gaia2,7402.0,139.043,4.0548,0.0830979,,,2.02105,0.0759346,1.69,0.277126,0.204718,0.0436461,DWARF,11.0470285,0.554221,465.642,5.2275,0.173218,0.0100046154,124,0.01271366,,,0.00144461892,0.0103525,0.00965673,schlegel,0.217712,0.336541,0.0603015,0.0915678,0.0395183,0.0477739,0.0630447,0.103151,0.514046,0.594396,5.17,5.285,bj2018,151.002,127.084,dered,11.1121,0.001219,10.5163,0.000636,1,,tycho2v3,tycho2b3,,0.732100374027417,0.645732422624929,102.911710195024,-80.205687470131,0.0195409984753601,0.0246868861328882,1,0,573718925,5.207778761299959e+18,0.929166
139198281,20190415,,,216-197261,23023691-4655422,,J230236.94-465542.3,6.539522397510364e+18,24600934,,STAR,tmgaia2,345.653874072899,-46.9284234445129,tmgaia2,20.0093,0.0486834,-4.25752,0.0786889,gaia2,2.65128,0.0620596,gaia2,342.848324687733,-60.8846299733462,326.026246103793,-37.0788489075534,13.322,0.012,12.77,0.092,,,,,,,,,,,11.581,0.023,11.285,0.024,11.248,0.026,AAA-222-111-000-0-0,,11.212,0.023,11.258,0.02,11.362,0.173,8.74,,12.6207,0.000262,12.2064,0.006,rered,gaia2,5925.0,135.764,4.54104,0.0829871,,,0.923056,0.0473593,1.08,0.139663,1.37322,0.312177,DWARF,0.9460292,0.05634705,373.372,8.7225,0.0105708,0.010233325,49,0.004794851,,,0.0005938587,0.00760795,0.0128587,schlegel,0.159643,0.119683,0.0528342,0.0418844,0.262853,0.361501,0.0765933,0.0893809,0.0657591,0.046935,8.523,8.922,bj2018,139.543,131.984,dered,12.9369,0.000997,12.1488,0.00066,1,,ucac4,apassdr9,,0.8230353723359,1.22021498736681,345.65400022564,-46.9284417755712,0.0262788677020517,0.0361982551841288,1,0,1722802307,6.539522397510364e+18,0.9146099
201290199,20190415,,,165-000146,00095029-5710225,,J000950.31-571022.9,4.91948285683047e+18,27128971,,STAR,tmgaia2,2.45953943559158,-57.1729493174558,tmgaia2,20.1014,0.0472102,-28.7365,0.0387736,gaia2,2.94858,0.0269796,gaia2,313.904461490321,-59.0603097676797,329.982863012796,-51.2810868146235,12.571,0.02,12.091,0.08,,,,,,,,,,,10.996,0.024,10.734,0.025,10.69,0.021,AAA-222-111-000-0-0,,10.645,0.023,10.67,0.02,10.592,0.078,8.958,,11.9267,0.000174,11.5496,0.006,rered,spect,6277.1,124.319,4.5175,0.0861152,-0.72,0.12,1.01213,0.0489196,1.23,0.179741,1.18632,0.282737,DWARF,1.43285072,0.06889415,335.881,3.067,0.00965999,0.0102003254,45,0.0299072154,,,0.000936650264,0.0122528,0.00814785,schlegel,0.147667,0.211815,0.0497663,0.0480729,0.209411,0.356062,0.0874492,0.0847811,0.0698785,0.0679098,3.039,3.095,bj2018,153.992,94.6455,spect,12.2076,0.001651,11.4925,0.000921,1,,ucac4,apassdr9,,0.833677226787699,0.601281694836383,2.4596990867569,-57.1730730441554,0.02346605674715,0.0187011994447814,1,0,507940200,4.91948285683047e+18,0.881531
271999843,20190415,,9192-00934-1,082-010429,07380964-7338584,,J073809.63-733858.6,5.263025264929758e+18,33651637,,STAR,tmgaia2,114.540114045786,-73.6495671189582,tmgaia2,-2.81058,0.0351687,-20.2731,0.0454733,gaia2,3.02191,0.0190545,gaia2,285.53716335512,-22.756717290328,231.452431838107,-79.1858672349218,11.896,0.197,11.437,0.014,,,,,,,,,,,10.512,0.024,10.29,0.022,10.201,0.024,AAA-222-111-000-0-0,,10.175,0.023,10.191,0.02,10.165,0.045,9.334,0.417,11.4732,0.000277,11.0891,0.006,rered,spect,6200.54,106.242,4.19798,0.0814313,-0.127885,0.0458458,1.43819,0.0615075,1.19,0.165466,0.400035,0.0859495,DWARF,2.75451779,0.1250265,327.791,2.063,0.122915,0.010222,157,0.02947985,,,0.00242492114,0.0120597,0.0083843,schlegel,0.154469,0.176462,0.0512327,0.0717824,0.0843204,0.0875785,0.0856857,0.0771769,0.101902,0.148151,2.05,2.076,bj2018,131.726,80.7574,spect,11.7661,0.001427,11.0313,0.000589,1,,tycho2v3,tycho2b3,,0.681217804974367,0.705194419807011,114.540071059581,-73.6496544059211,0.0175368771107066,0.0224760178885161,1,0,604804133,5.263025264929758e+18,0.7256495
141946604,20190415,,9185-00320-1,090-015315,06241006-7209035,,J062409.97-720903.7,5.266087095574898e+18,33617037,,STAR,tmgaia2,96.0419246329418,-72.1509927731569,tmgaia2,-16.5636,0.0371825,-11.3296,0.0363063,gaia2,2.26486,0.0217811,gaia2,282.807556648195,-27.8020695923823,251.946169452333,-84.0246011077311,12.852,0.432,12.311,0.03,,,,,,,,,,,11.07,0.026,10.829,0.03,10.775,0.027,AAA-222-111-000-0-0,,10.643,0.023,10.681,0.021,10.688,0.046,9.304,,12.0603,0.000176,11.6574,0.006,rered,spect,6031.91,126.682,4.16236,0.0778145,0.132146,0.0728926,1.45367,0.0722186,1.12,0.142369,0.364605,0.0779106,DWARF,2.52025342,0.1045081,435.995,4.172,0.0733467,0.01004363,456,0.04550475,,,0.0016074517,0.0109405,0.00914676,schlegel,0.119557,0.165181,0.0862513,0.0581859,0.0763868,0.0794344,0.0831687,0.0724603,0.111202,0.0978142,4.133,4.211,bj2018,120.265,133.099,spect,12.3713,0.001094,11.6039,0.000899,1,,tycho2v3,tycho2b3,,0.71332567398789,0.563078306216177,96.0416919632177,-72.1510415535173,0.0192821849957656,0.0192940755351519,1,0,563525028,5.266087095574898e+18,0.9880343
389448873,20190415,,,260-195783,20495133-3808236,,J204951.32-380823.7,6.777957472585701e+18,19574050,,STAR,tmgaia2,312.463887572832,-38.1398874138284,tmgaia2,-13.8437,0.066204,-15.2876,0.0468125,gaia2,1.88556,0.0447404,gaia2,4.35542300860584,-38.858891945532,304.314101767519,-19.6229458576038,13.628,0.09,12.974,0.092,,,,,,,,,,,11.816,0.024,11.501,0.023,11.497,0.027,AAA-222-111-000-0-0,,11.438,0.024,11.461,0.022,11.503,0.213,8.86,,12.8421,0.000186,12.4148,0.006,rered,gaia2,5963.0,136.065,4.32236,0.0816972,,,1.19279,0.0633869,1.09,0.14192,0.642288,0.14445,DWARF,1.62063408,0.0988264,522.753,12.328,0.038908,0.009827865,96,0.00395508064,,,0.000306192553,0.0100951,0.00956063,schlegel,0.136828,0.147012,0.0615553,0.0652186,0.136228,0.152672,0.0762461,0.0871483,0.104687,0.0929658,12.042,12.614,bj2018,131.252,140.878,dered,13.1737,0.000865,12.3598,0.000529,1,,ucac4,apassdr9,,1.08644482403015,0.72595170107173,312.463811788445,-38.1399532354644,0.0389175090624504,0.0227943468841615,1,0,1708807454,6.777957472585701e+18,0.96720064
238174565,20190415,,,112-128572,23504104-6736429,,J235041.07-673643.0,6.388622466773087e+18,31997042,,STAR,tmgaia2,357.671030330133,-67.6119506574186,tmgaia2,16.9049,0.0423446,-3.00103,0.0382595,gaia2,1.51302,0.0240477,gaia2,311.590325884726,-48.4822185401165,314.892372477701,-57.3700580672428,13.439,0.017,12.829,0.103,,,,,,,,,,,11.467,0.024,11.194,0.022,11.103,0.019,AAA-222-111-000-0-0,,11.103,0.023,11.153,0.02,11.097,0.081,9.016,,12.5827,0.000186,12.1281,0.006,rered,gaia2,5713.0,132.098,3.94073,0.0823515,,,1.79049,0.0907336,1.02,0.133492,0.1777,0.0400316,DWARF,3.07675767,0.133417,648.646,10.196,0.0216524,0.009801095,71,0.0133331139,,,0.000303742883,0.00906189,0.0105403,schlegel,0.103783,0.163202,0.095207,0.0862603,0.0392788,0.0407845,0.0771664,0.0875366,0.135852,0.130982,10.039,10.353,bj2018,136.196,128.001,dered,12.9458,0.000764,12.0773,0.000743,1,,ucac4,apassdr9,,0.790182951656679,0.593327912194405,357.671221428272,-67.6119635786323,0.021476153013544,0.0190426467149222,1,0,1725730372,6.388622466773087e+18,1.0088896
176931266,20190415,,9181-00673-1,097-012718,06410262-7039045,,J064102.60-703903.6,5.266837791436312e+18,33624278,,STAR,tmgaia2,100.260967350285,-70.6512419539607,tmgaia2,-12.584,0.0597607,72.6725,0.0609211,gaia2,9.58129,0.0299558,gaia2,281.259434710242,-26.3336747782793,232.239410819249,-84.4693678158227,7.635,0.025,7.354,0.002,,,,,,,,,,,6.847,0.03,6.82,0.02,6.698,0.029,AAA-111-111-000-0-0,,6.708,0.057,6.713,0.021,6.751,0.015,6.731,0.047,7.31343,0.000362,7.1271,0.006,rered,gaia2,7548.0,132.073,4.1389,0.0769589,,,1.86682,0.060603,1.75,0.278771,0.268988,0.0520102,DWARF,10.1912079,0.389221,104.057,0.327,0.0241315,0.009784115,164,0.005628312,,,0.009728462,0.00754453,0.0120237,schlegel,0.192996,0.364546,0.0484347,0.0727714,0.0480585,0.0559619,0.0769265,0.0769912,0.367995,0.410447,0.326,0.328,bj2018,134.589,129.557,dered,7.47166,0.002142,7.10464,0.002645,1,,tycho2v3,tycho2b3,,1.13582269156871,0.944801774003203,100.260803817957,-70.650929058545,0.0335717146390178,0.0314840436236644,1,0,569245093,5.266837791436312e+18,0.9857737
238170920,20190415,,9339-00390-1,103-117466,23483352-6932234,,J234833.39-693223.5,6.386806348441607e+18,32261484,,STAR,tmgaia2,357.13965213336,-69.5398188992501,tmgaia2,-60.8933,0.0362767,-17.7926,0.0388008,gaia2,6.60875,0.0239685,gaia2,310.856000700974,-46.6090693060681,311.930321193244,-58.5026698714611,9.67,0.034,9.156,0.002,,,,,,,,,,,8.108,0.023,7.876,0.029,7.791,0.026,AAA-111-111-000-0-0,,7.73,0.028,7.791,0.02,7.771,0.018,7.621,0.132,8.98283,0.000253,8.6106,0.006,rered,spect,6039.56,136.486,3.91706,0.0816626,-0.272898,0.0490079,1.92803,0.101985,1.12,0.140829,0.15627,0.0358444,DWARF,4.455998,0.1829165,150.657,0.548,0.0181051,0.00989324,57,0.00778262829,,,0.00224031415,0.00930108,0.0104854,schlegel,0.14605,0.135608,0.0964472,0.107523,0.0396167,0.0320722,0.092087,0.0712383,0.131965,0.233868,0.546,0.55,bj2018,107.69,165.281,spect,9.27583,0.000999,8.56975,0.001657,1,,tycho2v3,tycho2b3,,0.6847954522158,0.601743829569922,357.138902098357,-69.5398955078863,0.0198044560800724,0.0199690147907898,1,0,1725726911,6.386806348441607e+18,1.0932791
53814941,20190415,,,306-283423,21492595-2853101,,J214925.95-285310.1,6.809619314359178e+18,14724574,,STAR,tmgaia2,327.358197969975,-28.8861742408502,tmgaia2,14.5483,0.0491317,0.502573,0.0476399,gaia2,1.75666,0.032307,gaia2,19.4179824423676,-50.0360268480473,319.691382244348,-14.7942560956285,13.591,0.039,12.986,0.069,,,,,,,,,,,11.824,0.025,11.533,0.024,11.527,0.026,AAA-222-111-000-0-0,,11.361,0.022,11.414,0.021,11.382,0.176,8.933,,12.8789,0.000422,12.4766,0.0078,rered,spect,5927.42,104.866,4.27699,0.0782524,-0.252678,0.0598412,1.25098,0.0567764,1.08,0.140861,0.551656,0.117836,DWARF,1.74044883,0.08741935,560.248,10.221,0.0248719,0.007100495,57,0.0353977531,,,0.000264897273,0.00604769,0.0081533,panstarrs,0.128098,0.153624,0.069295,0.0442578,0.0924281,0.143243,0.0600164,0.0964884,0.0844836,0.0903551,10.038,10.404,bj2018,114.878,94.8532,spect,13.1792,0.002258,12.4146,0.002286,1,,ucac4,apassdr9,,0.786844807266942,0.73892466932024,327.358269509337,-28.8861720770131,0.0266115192686353,0.0273470223173011,1,0,1717072672,6.809619314359178e+18,1.0931759
167793568,20190415,,8920-01152-1,121-011381,06560783-6557570,,J065607.82-655756.8,5.282089971921874e+18,32469021,,STAR,tmgaia2,104.032615285684,-65.9658404731403,tmgaia2,-1.77811,0.0430166,11.5241,0.0415382,gaia2,4.1406,0.0231012,gaia2,276.429748505816,-24.1439210137738,180.446042968633,-84.3323288221582,12.382,0.324,11.826,0.022,,,,,,,,,,,10.251,0.022,9.914,0.024,9.846,0.022,AAA-222-111-000-0-0,,9.805,0.023,9.863,0.02,9.849,0.036,8.895,,11.4684,0.000874,10.968,0.0061,rered,spect,5542.4,124.141,4.26348,0.0827589,-0.308244,0.0629091,1.21034,0.0643718,0.98,0.128114,0.552715,0.126246,DWARF,1.24538267,0.0444574,239.843,1.339,0.0397139,0.0101920851,164,0.0132036218,,,0.003378167,0.00912907,0.0112551,schlegel,0.0992142,0.157014,0.0943648,0.0343789,0.101037,0.151455,0.0911138,0.0744041,0.0492589,0.0396559,1.331,1.347,bj2018,88.7599,159.522,spect,11.8852,0.000928,10.924,0.000803,1,,tycho2v3,tycho2b3,,0.795157671013923,0.644249798613713,104.032596488472,-65.9657908554883,0.0216497208469122,0.0229162231050338,1,0,576723841,5.282089971921874e+18,0.82315904
238809285,20190415,,9122-00370-1,125-179052,21473855-6502078,,J214738.61-650207.9,6.402041933174704e+18,32390599,,STAR,tmgaia2,326.910606621807,-65.0354994963804,tmgaia2,43.4286,0.037338,-20.0573,0.0538516,gaia2,8.92881,0.0333798,gaia2,327.193588656931,-42.4194732861285,301.723277621035,-47.7403894807472,10.756,0.052,10.106,0.004,,,,,,,,,,,9.022,0.023,8.708,0.029,8.632,0.019,AAA-112-111-000-0-0,,8.606,0.023,8.629,0.02,8.627,0.026,8.279,0.341,9.96047,0.000334,9.5422,0.006,rered,spect,5683.5,132.4,4.41245,0.0793158,0.06,0.1,1.03507,0.057211,1.01,0.129966,0.910767,0.201513,DWARF,1.00716531,0.0371546,111.637,0.419,0.0158754,0.00983711,75,0.00231250748,,,0.00320584956,0.0117668,0.00790742,schlegel,0.130003,0.12993,0.0541151,0.060307,0.208936,0.194089,0.0768747,0.081757,0.0341797,0.0401295,0.417,0.421,bj2018,120.76,144.04,spect,10.2942,0.001148,9.49826,0.001398,1,,tycho2v3,tycho2b3,,0.686609120946054,0.835153354211272,326.911049652978,-65.0355858548556,0.0192098744917186,0.0275203366676093,1,0,1716891300,6.402041933174704e+18,1.003817
293525651,20190415,,9344-00386-1,080-055005,23273649-7403034,,J232736.59-740303.4,6.378219879888162e+18,34536037,,STAR,tmgaia2,351.902063224234,-74.0509422285574,tmgaia2,38.0547,0.0479122,-4.13056,0.0420412,gaia2,5.2096,0.0213981,gaia2,310.510287481574,-41.8210665633943,303.058214589762,-60.0852095992212,13.267,0.324,11.926,0.043,,,,,,,,,,,10.533,0.024,10.131,0.028,9.984,0.023,AAA-222-111-000-0-0,,9.923,0.023,9.941,0.02,9.846,0.042,9.033,0.531,11.8572,0.002021,11.3218,0.0063,rered,gaia2,5211.0,129.409,4.47895,0.0870534,,,0.900021,0.0541031,0.89,0.108901,1.22076,0.303327,DWARF,0.538126767,0.0176927,190.896,0.7855,0.0133924,0.00994417,62,0.005971297,,,0.0015195614,0.0104007,0.00948764,schlegel,0.0980214,0.119781,0.0408327,0.0673734,0.244996,0.361658,0.0902071,0.0838998,0.0156929,0.0196925,0.782,0.789,bj2018,169.413,89.4053,dered,12.2976,0.00622,11.2608,0.00356,1,,tycho2v3,tycho2b3,,0.930489570782471,0.65201446424619,351.902659501572,-74.0509600137327,0.0233420958026844,0.0221358662872371,1,0,1724348565,6.378219879888162e+18,0.94289017
293524954,20190415,,,069-037068,23263894-7623004,,J232638.98-762300.4,6.377499394829697e+18,35110931,,STAR,tmgaia2,351.662426444842,-76.3834548341013,tmgaia2,6.80742,0.0265098,2.69443,0.0238461,gaia2,1.19222,0.0139379,gaia2,309.282172189296,-39.6811839713258,299.133979937474,-61.4158572731594,13.799,0.023,13.355,0.114,,,,,,,,,,,12.151,0.024,11.89,0.025,11.857,0.026,AAA-222-111-000-0-0,,11.806,0.023,11.827,0.021,11.596,0.174,9.034,,13.1425,0.000263,12.7468,0.006,rered,gaia2,6351.0,131.441,4.18271,0.0892536,,,1.50614,0.0674397,1.26,0.201933,0.368787,0.0869774,DWARF,3.32501173,0.160427,818.934,9.4185,0.0815215,0.009923255,77,0.00291729532,,,0.000326902,0.0113878,0.00845871,schlegel,0.162881,0.240985,0.074304,0.0605754,0.0940805,0.0798743,0.0961651,0.0823421,0.13073,0.190124,9.312,9.525,bj2018,133.239,129.643,dered,13.4377,0.001166,12.6838,0.001105,1,,ucac4,apassdr9,,0.522978667909453,0.369859443021213,351.6625509431,-76.3834432331141,0.0132132369044697,0.0134570435185307,1,0,1724347942,6.377499394829697e+18,1.0077298
340008199,20190415,,,154-010639,07314136-5915446,,J073141.35-591544.6,5.293547712013172e+18,27372716,,STAR,tmgaia2,112.922349235811,-59.2624049343976,tmgaia2,-4.28865,0.0438191,3.58712,0.042577,gaia2,1.79695,0.0223113,gaia2,270.942221932968,-18.206665647124,155.670593028961,-77.3808402900516,13.369,0.034,12.803,0.08,,,,,,,,,,,11.299,0.022,11.042,0.022,10.925,0.023,AAA-222-111-000-0-0,,10.877,0.023,10.909,0.02,10.917,0.057,9.5,,12.5391,0.000195,12.0549,0.006,rered,spect,6191.49,116.001,4.11901,0.079625,-0.0357814,0.1,1.57508,0.0719699,1.19,0.166249,0.304536,0.064822,DWARF,3.284588,0.1685105,547.765,6.746,0.174754,0.0103852,181,0.0143923191,,,0.000946416636,0.0103767,0.0103937,schlegel,0.134196,0.198301,0.0763266,0.0676131,0.0625831,0.0670608,0.0723692,0.0868808,0.161412,0.175609,6.664,6.828,bj2018,128.57,103.432,spect,12.9256,0.00158,11.9978,0.001221,1,,ucac4,apassdr9,,0.781654657064009,0.66032638534163,112.922313108306,-59.2623894898581,0.0207042367551674,0.0224835937094866,1,0,598945474,5.293547712013172e+18,1.0882714
183802490,20190415,,,078-001713,01230004-7429580,,J012300.10-742958.0,4.686057779502167e+18,33510596,,STAR,tmgaia2,20.7501447171845,-74.4994785395304,tmgaia2,26.2252,0.0303639,3.3005,0.0260384,gaia2,1.00724,0.0169775,gaia2,300.081696737989,-42.4536516509237,310.132519390346,-67.1869097023852,13.811,0.03,13.157,0.092,,,,,,,,,,,11.942,0.023,11.683,0.027,11.629,0.027,AAA-222-111-000-0-0,,11.554,0.023,11.607,0.021,11.502,0.125,8.812,,13.0208,0.000331,12.5774,0.006,rered,spect,5905.85,128.241,3.8212,0.0791707,0.213751,0.083898,2.10439,0.110914,1.07,0.136077,0.114817,0.0257445,DWARF,4.85374451,0.246793,965.121,15.934,0.0518689,0.009900555,270,0.0210640766,,,0.0002341663,0.0112041,0.00859701,schlegel,0.127014,0.145141,0.135939,0.08589,0.0216494,0.0298396,0.0726536,0.0856878,0.205028,0.288558,15.676,16.192,bj2018,105.256,151.226,spect,13.3661,0.000898,12.5205,0.000621,1,,ucac4,apassdr9,,0.591490542468071,0.403805728604088,20.7505672251815,-74.4994643294454,0.0167522172002721,0.0130376758066047,1,0,515214191,4.686057779502167e+18,1.0057708
238170169,20190415,,,094-080074,23472406-7123290,,J234724.06-712329.1,6.386208214116388e+18,34540991,,STAR,tmgaia2,356.850135242928,-71.3914320382241,tmgaia2,20.6018,0.0433504,1.3655,0.0407078,gaia2,1.27735,0.0235645,gaia2,310.061462523769,-44.8398145964158,309.028006138077,-59.6032369296189,13.62,0.047,13.055,0.103,,,,,,,,,,,11.905,0.023,11.638,0.024,11.573,0.024,AAA-222-111-000-0-0,,11.534,0.023,11.582,0.021,11.938,0.207,8.579,,12.9,0.000283,12.4799,0.006,rered,spect,5875.12,125.749,3.981,0.0803844,0.0879903,0.0812784,1.74255,0.0926608,1.06,0.133709,0.200332,0.0456005,DWARF,3.259353,0.1782585,765.691,13.9225,0.0325591,0.01006337,68,0.0152976923,,,0.0002749906,0.00897754,0.0111492,schlegel,0.126712,0.140705,0.0683246,0.116997,0.0408539,0.050347,0.0884661,0.0723027,0.171862,0.184655,13.674,14.171,bj2018,130.043,121.455,spect,13.2261,0.00129,12.4264,0.001063,1,,ucac4,apassdr9,,0.827644048785056,0.63131788293179,356.850413218195,-71.3914261591919,0.0212224358595603,0.0209282742400659,1,0,1725509762,6.386208214116388e+18,1.1313133
139198684,20190415,,,226-200093,23024512-4454456,,J230245.14-445445.8,6.54017712232167e+18,22081946,,STAR,tmgaia2,345.688034143475,-44.9127085579976,tmgaia2,20.4636,0.0321032,-5.27358,0.0534082,gaia2,1.07466,0.0396129,gaia2,346.407945540896,-61.9646474565097,327.24535818062,-35.3192905442113,14.032,0.017,13.463,0.16,,,,,,,,,,,12.198,0.022,11.877,0.024,11.826,0.023,AAA-222-111-000-0-0,,11.795,0.023,11.844,0.021,11.592,0.215,8.823,,13.2763,0.000283,12.8423,0.006,rered,gaia2,5790.0,131.819,3.97496,0.0828281,,,1.73808,0.107746,1.04,0.128105,0.198071,0.04804,DWARF,3.05879831,0.260136,906.64,32.825,0.00882454,0.009911345,46,0.006074718,,,0.000164613419,0.0106042,0.00921849,schlegel,0.113867,0.142343,0.0883422,0.12715,0.0307416,0.0653384,0.112359,0.0532971,0.268796,0.251476,31.661,33.989,bj2018,118.362,145.276,dered,13.61,0.001308,12.7827,0.001299,1,,ucac4,apassdr9,,0.538610562135564,0.828396936881416,345.688158556424,-44.912731263757,0.0140129478172474,0.030720962551705,1,0,1722802710,6.54017712232167e+18,1.0606692
238175140,20190415,,9133-01298-1,119-154050,23513424-6623595,,J235134.30-662359.6,6.389156687689696e+18,33074616,,STAR,tmgaia2,357.892663172632,-66.3999058741272,tmgaia2,41.8068,0.0386884,-8.28494,0.035412,gaia2,2.83555,0.0236391,gaia2,312.120395278569,-49.6466680314631,316.624358389562,-56.6043827029271,12.763,0.358,12.374,0.025,,,,,,,,,,,11.185,0.026,10.963,0.023,10.893,0.019,AAA-222-111-000-0-0,,10.835,0.022,10.867,0.019,10.837,0.082,8.642,,12.1604,0.000179,11.7662,0.006,rered,gaia2,6095.0,123.899,4.48085,0.0823617,,,1.0164,0.0470804,1.14,0.15482,1.08572,0.244745,DWARF,1.284445,0.0540593,349.129,2.9035,0.0195806,0.01013448,70,0.0376579,,,0.0008727647,0.00962476,0.0106442,schlegel,0.164822,0.144818,0.043608,0.0505528,0.214176,0.275314,0.0751521,0.0895712,0.0403321,0.0677865,2.88,2.927,bj2018,126.444,121.355,dered,12.4616,0.001194,11.713,0.001074,1,,tycho2v3,tycho2b3,,0.716965157903334,0.549180572276786,357.89311278236,-66.3999415460431,0.021140115632654,0.0179849929179471,1,0,1725730900,6.389156687689696e+18,1.0440869
340008007,20190415,,8563-00251-1,153-011102,07314408-5931231,,J073144.06-593123.0,5.293506068008371e+18,27372772,,STAR,tmgaia2,112.933645057763,-59.5231123278313,tmgaia2,-10.4539,0.0360656,16.2093,0.0372495,gaia2,3.14979,0.0171024,gaia2,271.197863032716,-18.3018558671961,156.547564654403,-77.5591804591995,11.667,0.155,11.178,0.011,,,,,,,,,,,9.947,0.026,9.722,0.025,9.598,0.019,AAA-222-111-000-0-0,,9.568,0.023,9.588,0.02,9.564,0.027,9.298,0.349,10.9327,0.000401,10.5301,0.006,rered,spect,6515.21,106.974,4.15192,0.0874963,-0.200077,0.045901,1.60926,0.0663242,1.34,0.22314,0.321535,0.0724498,DWARF,4.203967,0.2019795,314.6,1.7055,0.127226,0.0100639453,180,0.0411855429,,,0.002594252,0.0120477,0.00808019,schlegel,0.169714,0.276566,0.0821573,0.050491,0.0644088,0.0804907,0.0886899,0.0863028,0.211897,0.192062,1.697,1.714,bj2018,114.261,99.6862,spect,11.246,0.000772,10.4761,0.000842,1,,tycho2v3,tycho2b3,,0.64415377097907,0.577629125850909,112.933556314332,-59.5230425378194,0.0159961998588991,0.0173915398606103,1,0,598945374,5.293506068008371e+18,0.9442286
141944605,20190415,,,080-007557,06221513-7401393,,J062215.10-740139.3,5.264880523300302e+18,33616217,,STAR,tmgaia2,95.5630376276229,-74.0276095279382,tmgaia2,-10.3125,0.0364929,-0.743521,0.0386773,gaia2,1.19392,0.0174059,gaia2,284.92496542015,-28.0007767083068,258.502308466266,-82.3091517476005,13.224,0.057,12.682,0.069,,,,,,,,,,,11.428,0.022,11.133,0.025,11.073,0.023,AAA-222-111-000-0-0,,11.035,0.023,11.041,0.02,10.952,0.065,9.313,,12.4938,0.000852,12.0685,0.0061,rered,gaia2,6308.0,136.941,3.86782,0.0878754,,,2.14702,0.103327,1.24,0.187569,0.125288,0.0293931,DWARF,6.575597,0.3481025,817.824,11.7305,0.116301,0.0098456,231,0.0138574457,,,0.000694664661,0.0103556,0.0093356,schlegel,0.151684,0.223455,0.0868965,0.119757,0.0267383,0.0320479,0.106116,0.0696348,0.332022,0.364183,11.566,11.895,bj2018,169.072,104.809,dered,12.8189,0.003068,12.0066,0.002759,1,,ucac4,apassdr9,,0.708635230171505,0.599786376145642,95.5628762714495,-74.0276127292693,0.0187691211394439,0.0185920724100271,1,0,562839071,5.264880523300302e+18,1.2167283
280913750,20190415,,,054-004725,06505619-7923320,,J065056.15-792332.1,5.211250984661338e+18,34640489,,STAR,tmgaia2,102.734077998807,-79.3922491801536,tmgaia2,-2.38,0.0399868,0.286384,0.042635,gaia2,2.06959,0.0225476,gaia2,291.045861648959,-26.6506804958785,259.83182974102,-76.7117982287783,13.6,0.027,13.011,0.092,,,,,,,,,,,11.342,0.028,11.074,0.027,10.898,0.021,AAA-222-111-000-0-0,,10.817,0.023,10.818,0.02,10.843,0.069,9.721,,12.6882,0.000215,12.1611,0.006,rered,gaia2,6225.0,125.614,4.22965,0.0832191,,,1.39252,0.0617336,1.2,0.171467,0.444406,0.100152,DWARF,2.62333155,0.1231175,476.579,5.1605,0.251345,0.01073475,96,0.00466598,,,0.0009750032,0.0100653,0.0114042,schlegel,0.174718,0.168217,0.0551271,0.0683402,0.0946721,0.105632,0.0872087,0.0792296,0.12311,0.123125,5.106,5.215,bj2018,136.529,114.698,dered,13.1074,0.001109,12.0939,0.000976,1,,ucac4,apassdr9,,0.805762495041966,0.661253528878808,102.73402233289,-79.3922479471163,0.0200876713736101,0.0233113630752643,1,0,573718576,5.211250984661338e+18,1.0385919
115192309,20190415,,,267-187857,21103836-3641504,,,6.776112973109842e+18,19592065,,STAR,tmgaia2,317.659876813139,-36.6973746809832,tmgaia2,208.36,0.0770375,-305.752,0.0608222,gaia2,17.9607,0.0586869,gaia2,6.78695016770275,-42.8243557112086,308.949971786808,-19.479027902985,16.72,0.09,15.191,0.027,,,,,,,,,,,10.985,0.024,10.371,0.023,10.124,0.019,AAA-222-111-000-0-0,,,,,,,,,,13.8814,0.00044,12.6012,0.00729529,cdwrf,cdwrf,3316.0,157.0,4.83872,0.0025051,,,0.386955,0.0115235,0.376681,0.0202494,6.50118,0.231184,DWARF,0.0163107421,0.004083214,55.5886,0.1827,0.0,0.0,96,0.0116167478,,,0.00154770224,0.0,0.0,,,,,,,,,,,,0.1821,0.1833,bj2018,,,cdwrf,15.4001,0.002767,12.6759,0.001091,1,,cdwrf,apassdr9,cooldwarfs_v8,1.2586535091987,0.943224870451699,317.660995673423,-36.6986911184504,0.0390677290187553,0.0301117610546918,1,0,1712339348,6.776112973109842e+18,1.1856029
150062797,20190415,,8893-00700-1,143-006859,06053232-6135319,,J060532.35-613531.7,5.481287398310734e+18,29858695,,STAR,tmgaia2,91.3847557432943,-61.5922447635079,tmgaia2,11.262,0.0439216,26.2334,0.0478762,gaia2,3.32577,0.0200031,gaia2,270.707357876894,-29.0325646648289,97.5727223895852,-84.9950966243941,11.622,0.173,11.27,0.012,,,,,,,,,,,10.401,0.023,10.18,0.025,10.144,0.023,AAA-222-111-000-0-0,,10.076,0.023,10.099,0.02,10.043,0.039,9.212,,11.1898,0.000486,10.8427,0.006,rered,gaia2,6474.0,134.779,4.38266,0.0878216,,,1.22459,0.0563065,1.32,0.20441,0.718796,0.168242,DWARF,2.37336326,0.1099378,298.098,1.791,0.0365497,0.009859765,128,0.006519886,,,0.00359817175,0.00818103,0.0115385,schlegel,0.131681,0.277139,0.0417286,0.0708844,0.135787,0.200696,0.0838149,0.0918284,0.0932036,0.126672,1.78,1.802,bj2018,163.424,106.135,dered,11.4529,0.001763,10.7937,0.000889,1,,tycho2v3,tycho2b3,,0.792777371557407,0.742413017937123,91.3848576662637,-61.5921318141848,0.0195464450761806,0.0221975274590947,1,0,557486628,5.481287398310734e+18,0.9344101
201291679,20190415,,8467-01146-1,173-000191,00105968-5529431,,J001059.68-552943.1,4.922868841544366e+18,27129416,,STAR,tmgaia2,2.74871373567938,-55.4952859987929,tmgaia2,-7.00115,0.0360779,-2.98553,0.0364782,gaia2,2.17937,0.0274593,gaia2,314.657440879615,-60.7027392390642,331.840546178976,-50.0749136117315,12.388,0.316,12.081,0.023,,,,,,,,,,,11.009,0.024,10.765,0.024,10.75,0.019,AAA-222-111-000-0-0,,10.715,0.023,10.734,0.021,10.708,0.077,8.888,,11.7124,0.000227,11.4094,0.006,rered,gaia2,6653.0,131.596,4.32907,0.0876281,,,1.34141,0.0597739,1.4,0.24078,0.58002,0.134564,DWARF,3.17605615,0.1679925,452.902,5.676,0.0110659,0.01027319,45,0.0118340505,,,0.000665593834,0.00681718,0.0137292,schlegel,0.175971,0.305589,0.0666709,0.0528769,0.139092,0.130035,0.0833364,0.0919198,0.178219,0.157766,5.606,5.746,bj2018,83.2482,179.944,dered,11.9294,0.001173,11.3545,0.000915,1,,tycho2v3,tycho2b3,,0.632184160983161,0.565720820895696,2.74866052257798,-55.4952988531698,0.0199903869026538,0.0186870106889701,1,0,507941680,4.922868841544366e+18,0.9714001
271998538,20190415,,,091-013964,07393476-7159486,,J073934.74-715948.3,5.263420921613507e+18,33652524,,STAR,tmgaia2,114.894778038306,-71.9968339181849,tmgaia2,-0.349745,0.0296739,19.6459,0.0387237,gaia2,3.17993,0.0181601,gaia2,283.890180420743,-22.1048652369235,222.943473133911,-79.7623635259675,13.787,0.027,13.03,0.08,,,,,,,,,,,11.607,0.022,11.281,0.022,11.22,0.024,AAA-222-111-000-0-0,,11.129,0.023,11.151,0.02,11.101,0.061,10.025,,12.8736,0.000244,12.3716,0.006,rered,gaia2,5696.0,127.438,4.60991,0.0759071,,,0.824596,0.0403417,1.01,0.131466,1.80135,0.383211,DWARF,0.6448469,0.0227967,311.646,1.777,0.0893139,0.0100941546,165,0.0153647792,,,0.00248586037,0.00872591,0.0114624,schlegel,0.0890684,0.173863,0.0481462,0.0325372,0.353769,0.412652,0.0798925,0.0719218,0.0207606,0.0248328,1.767,1.787,bj2018,85.436,169.44,dered,13.2789,0.000883,12.3163,0.00102,1,,ucac4,apassdr9,,0.568722086308765,0.600547030210781,114.894773166113,-71.9967493316708,0.0154517123943947,0.019896438223117,1,0,604802832,5.263420921613507e+18,1.1849953
238172250,20190415,,,,23490129-6724277,,J234900.85-672428.8,6.388633530608837e+18,,,STAR,tmgaia2,357.255373952931,-67.407719841245,tmgaia2,-234.315,0.137441,-104.759,0.138184,gaia2,11.1495,0.0857991,gaia2,311.924815701757,-48.6162399406867,314.970150681031,-57.1146776020839,,,18.47,0.2,,,,,,,,,,,13.999,0.028,13.59,0.024,13.232,0.043,AAA-222-111-000-0-0,,13.108,0.023,12.841,0.025,12.398,0.268,9.33,,17.1037,0.001036,15.7245,0.00777625,cdwrf,cdwrf,3136.0,157.0,5.11325,0.0314315,,,0.175059,0.00593662,0.14506,0.0202086,27.0392,1.03151,DWARF,0.00267034769,0.0007205466,89.4672,0.692,0.0,0.0,51,0.04659783,,,0.0005996017,0.0,0.0,,,,,,,,,,,,0.6867,0.6973,bj2018,,,cdwrf,18.9266,0.0244,15.8267,0.002474,1,,cdwrf,,cooldwarfs_v8,2.56175672424334,2.14291578642411,357.252747892187,-67.4081709082605,0.0713394089602753,0.0675135379139506,1,0,1725728057,6.388633530608837e+18,1.0443211
139190805,20190415,,,218-197150,23014395-4635269,,J230144.13-463527.5,6.539565896939222e+18,24600587,,STAR,tmgaia2,345.433177947534,-46.590840792299,tmgaia2,173.837,0.0963196,-51.6174,0.147875,gaia2,10.5769,0.126789,gaia2,343.600406330964,-60.940708886795,326.063875681901,-36.7101829587172,18.115,0.17,17.08,0.2,,,,,,,,,,,12.656,0.024,12.058,0.023,11.823,0.022,AAA-222-111-000-0-0,,11.674,0.023,11.496,0.021,11.237,0.182,8.928,,15.5619,0.00052,14.252,0.00733525,cdwrf,cdwrf,3281.0,157.0,4.90785,0.00275841,,,0.316563,0.0100051,0.2956,0.0205357,9.31803,0.235223,DWARF,0.0104626073,0.00267962553,94.3123,1.1365,0.0,0.0,48,0.000177172842,,,0.0006805805,0.0,0.0,,,,,,,,,,,,1.123,1.15,bj2018,,,cdwrf,17.1268,0.004788,14.3313,0.001335,1,,cdwrf,bpbj,cooldwarfs_v8,1.62647296931639,2.29318831981311,345.434267093146,-46.5910630390444,0.0572078703083234,0.07184821654727,1,0,1722799805,6.539565896939222e+18,1.0995761
280911597,20190415,,,048-004426,06490204-8032088,,J064902.07-803208.8,5.207757935001743e+18,35134376,,STAR,tmgaia2,102.258548483666,-80.5358144837637,tmgaia2,5.80627,0.0384667,12.5263,0.0383534,gaia2,1.58562,0.0204927,gaia2,292.31428442112,-26.8278953942257,261.887950018663,-75.6753717581727,13.559,0.042,12.959,0.069,,,,,,,,,,,11.62,0.026,11.342,0.023,11.266,0.021,AAA-222-111-000-0-0,,11.174,0.023,11.186,0.021,11.263,0.097,9.675,,12.7741,0.000208,12.3134,0.006,rered,gaia2,6413.0,130.54,4.1825,0.0871359,,,1.52432,0.0685226,1.29,0.206474,0.364215,0.0848456,DWARF,3.54074359,0.187991,619.445,7.9235,0.19442,0.00995781,127,0.09146153,,,0.000681996346,0.00951412,0.0104015,schlegel,0.170032,0.242916,0.0905769,0.0464683,0.0733127,0.0963786,0.0785861,0.0956856,0.188016,0.187966,7.824,8.023,bj2018,137.264,123.815,dered,13.1362,0.001351,12.2524,0.000673,1,,ucac4,apassdr9,,0.781612582911522,0.594858803674201,102.258700518308,-80.5357605511154,0.0181376341990964,0.0212899157210996,1,0,572823613,5.207757935001743e+18,1.2970036
238809679,20190415,107584,9119-01195-1,132-176290,21472419-6344413,,,6.402724459313825e+18,31752588,,STAR,tmgaia2,326.850857500002,-63.7448356147622,tmgaia2,289.306,0.0409603,-77.8004,0.054063,gaia2,11.9608,0.0368493,gaia2,328.741559010693,-43.0305455847039,302.6207633554,-46.6027174511462,10.577,0.046,9.95,0.03,,,,,,,,,,,8.702,0.027,8.323,0.029,8.294,0.024,AAA-111-111-000-0-0,,,,,,,,,,9.77044,0.00022,9.33,0.006,gbprp,gaia2,5712.0,122.811,4.6207,0.0751529,,,0.818436,0.0398493,1.02,0.121091,1.86057,0.396082,DWARF,0.642416239,0.01643025,83.4058,0.25825,0.0,0.0,82,0.00020542703,,,0.00503726769,0.0,0.0,,0.12772,0.114463,0.0404668,0.0392317,0.381941,0.410223,0.069368,0.0809379,0.0111655,0.021695,0.2575,0.259,bj2018,96.988,148.633,dered0,10.122,0.00081,9.28154,0.000909,1,,hipvmag,tycho2b3,,0.74788688960921,0.838445300419711,326.853673297623,-63.7451706161597,0.020521594532054,0.0280340372342016,1,0,1716891651,6.402724459313825e+18,0.8966701
389448523,20190415,,7469-00836-1,263-196695,20492774-3724471,,J204927.74-372447.3,6.778040142116539e+18,19573521,,STAR,tmgaia2,312.365609692911,-37.4130807624914,tmgaia2,-7.21577,0.063539,-26.9652,0.0488367,gaia2,2.79746,0.0420765,gaia2,5.26959508452055,-38.6964561068573,304.454030152522,-18.90403468467,12.463,0.313,12.239,0.025,,,,,,,,,,,10.715,0.021,10.456,0.023,10.364,0.02,AAA-222-111-000-0-0,,10.349,0.023,10.397,0.021,10.365,0.077,8.49,,11.7669,0.000282,11.3298,0.006,rered,spect,6142.04,136.014,4.32107,0.086158,0.21,0.12,1.23233,0.0663316,1.16,0.16856,0.619833,0.146652,DWARF,1.94715536,0.1069735,353.933,5.312,0.0304398,0.0106114354,118,0.00311575714,,,0.0005682218,0.0123989,0.00882397,schlegel,0.151709,0.185411,0.0619367,0.0707266,0.153026,0.140278,0.088993,0.083323,0.091737,0.12221,5.234,5.39,bj2018,124.782,147.247,spect,12.1126,0.000723,11.2793,0.000579,1,,tycho2v3,tycho2b3,,1.04029946683811,0.757389565719376,312.365570578168,-37.4131968626654,0.0327842997307302,0.02524112498012,1,0,1708807104,6.778040142116539e+18,0.8898507
167084916,20190415,,,121-010062,06221328-6553537,,J062213.28-655353.4,5.284487186447999e+18,32461594,,STAR,tmgaia2,95.5553248095503,-65.8983006411056,tmgaia2,3.7341,0.0742639,35.384,0.06623,gaia2,12.297,0.0380598,gaia2,275.749569911583,-27.5445220334838,166.075085188159,-87.6657627601634,17.543,0.017,16.151,0.103,,,,,,,,,,,12.192,0.022,11.607,0.027,11.347,0.023,AAA-222-111-000-0-0,,11.191,0.023,11.051,0.02,10.95,0.054,9.579,,14.8771,0.000278,13.6738,0.00727706,cdwrf,cdwrf,3428.0,157.0,4.88926,0.00162876,,,0.334599,0.0101128,0.316405,0.0202904,8.44636,0.223552,DWARF,0.0139285931,0.00341191282,81.1306,0.2524,0.0,0.0,359,0.00557798054,,,0.0037173056,0.0,0.0,,,,,,,,,,,,0.2516,0.2532,bj2018,,,cdwrf,16.2392,0.001793,13.7311,0.000952,1,,ucac4,apassdr9,cooldwarfs_v8,1.37214555823425,1.02722311199535,95.5553641803805,-65.8981482933316,0.0338945723908498,0.0367644201968675,1,0,562852243,5.284487186447999e+18,1.1992991
261258217,20190415,,9382-02666-1,058-004276,05593032-7826169,,J055930.30-782616.8,4.623692788481985e+18,34626423,,STAR,tmgaia2,89.8762567514874,-78.4380335503261,tmgaia2,0.102673,0.0359321,10.1118,0.0399861,gaia2,2.74199,0.019849,gaia2,290.012226835026,-29.130909512299,270.1204767292,-78.1226333622482,12.637,0.391,12.779,0.045,,,,,,,,,,,11.198,0.023,10.917,0.021,10.818,0.02,AAA-222-111-000-0-0,,10.802,0.023,10.832,0.02,10.759,0.063,9.585,,12.3156,0.000199,11.8766,0.006,rered,gaia2,6175.0,126.77,4.45835,0.0843242,,,1.0612,0.0464875,1.18,0.172549,0.987388,0.223397,DWARF,1.47515881,0.06414535,360.908,2.605,0.106145,0.01008204,108,0.0159203447,,,0.00226136157,0.00886418,0.0112999,schlegel,0.162373,0.182724,0.0464432,0.0465317,0.208962,0.237833,0.0963475,0.0723009,0.0799161,0.0483746,2.586,2.624,bj2018,127.201,126.339,dered,12.6577,0.001224,11.8195,0.000664,1,,tycho2v3,tycho2b3,,0.71912296759018,0.620146127755309,89.8762589570931,-78.4379900134091,0.0183846572091162,0.0211738364781016,1,0,556142788,4.623692788481985e+18,1.0711076
350434533,20190415,,,175-006471,05400997-5504169,,J054010.00-550417.2,4.768269225982169e+18,27262036,,STAR,tmgaia2,85.0416026940521,-55.0713752747864,tmgaia2,16.161,0.0222065,-34.2497,0.0233587,gaia2,2.72234,0.0122594,gaia2,262.939215005819,-31.9898738381943,75.9139277640495,-78.2680201280775,14.092,0.035,13.031,0.16,,,,,,,,,,,11.752,0.023,11.41,0.023,11.327,0.023,AAA-222-111-000-0-0,,11.278,0.023,11.337,0.021,11.286,0.081,9.736,,13.0367,0.000324,12.5084,0.006,rered,gaia2,5348.0,130.299,4.42991,0.0854246,,,0.968216,0.0539698,0.92,0.117904,1.01361,0.243348,DWARF,0.6908839,0.0215639,363.469,1.6315,0.0403955,0.00968137,87,0.0211043116,,,0.00183158473,0.00892734,0.0104354,schlegel,0.105192,0.130617,0.0503714,0.0575683,0.202063,0.284633,0.089724,0.0811253,0.018185,0.0249428,1.624,1.639,bj2018,155.993,104.606,dered,13.4743,0.000919,12.4551,0.000885,1,,ucac4,apassdr9,,0.388333683567617,0.362249094219837,85.0417242230188,-55.0715227388342,0.011207882786949,0.011707744491144,1,0,549644494,4.768269225982169e+18,1.1026489
238170910,20190415,,,103-117462,23474764-6934501,,J234747.58-693450.1,6.386805352009201e+18,32261478,,STAR,tmgaia2,356.948536599286,-69.5806048347049,tmgaia2,-19.1,0.0216441,3.71031,0.0253821,gaia2,2.11529,0.0137811,gaia2,310.925914039504,-46.5473554555572,311.788021454188,-58.4784445906627,14.094,0.042,13.424,0.114,,,,,,,,,,,12.106,0.029,11.772,0.022,11.737,0.026,AAA-222-111-000-0-0,,11.664,0.023,11.72,0.022,11.549,0.145,9.288,,13.2511,0.000248,12.788,0.006,rered,spect,5468.22,120.999,4.37521,0.0813644,-0.135503,0.0798447,1.05333,0.0566708,0.96,0.119438,0.82145,0.184054,DWARF,0.8937282,0.03286605,466.379,3.02,0.0288304,0.00999077,53,0.0144663882,,,0.000472836255,0.00899974,0.0109818,schlegel,0.0865754,0.152301,0.0522955,0.0610462,0.219634,0.148475,0.0898816,0.0728472,0.0318076,0.0339245,3.001,3.039,bj2018,130.196,111.803,spect,13.6192,0.001641,12.7336,0.001269,1,,ucac4,apassdr9,,0.408680224348938,0.393673812302931,356.948300890967,-69.5805888599175,0.0119450703614405,0.0140629884669135,1,0,1725510020,6.386805352009201e+18,0.9663659
150441905,20190415,,,144-007555,06310649-6116176,,J063106.52-611617.0,5.478568168616464e+18,29875212,,STAR,tmgaia2,97.7771062067298,-61.2715643216175,tmgaia2,13.9269,0.0579231,51.3713,0.0526941,gaia2,6.4712,0.0266353,gaia2,270.75736421998,-25.9605301826867,126.429785779893,-83.7118058159001,12.928,0.038,11.977,0.069,,,,,,,,,,,10.37,0.022,9.908,0.024,9.832,0.021,AAA-222-111-000-0-0,,9.77,0.023,9.852,0.02,9.725,0.029,9.004,,11.7682,0.000221,11.1834,0.006,rered,gaia2,4984.0,123.003,4.49037,0.0861886,,,0.852617,0.0526432,0.82,0.096229,1.32298,0.330893,DWARF,0.404123932,0.01406705,153.846,0.6355,0.0213439,0.00980197,106,0.02814484,,,0.00494780764,0.00882354,0.0107804,schlegel,0.076985,0.115473,0.0487638,0.0565226,0.30375,0.358036,0.0800945,0.0922827,0.0167065,0.0114276,0.633,0.638,bj2018,125.287,120.719,dered,12.2797,0.001885,11.1369,0.000898,1,,ucac4,apassdr9,,1.04376004411179,0.817189314297309,97.7772309585222,-61.2713431396868,0.0255489704340408,0.0265301037239557,1,0,565497207,5.478568168616464e+18,1.1547582
293527865,20190415,,,,23291038-7726564,,J232910.37-772656.7,6.35337312041886e+18,,,STAR,tmgaia2,352.293021431463,-77.4490118833366,tmgaia2,5.31344,0.0893985,-25.287,0.0759856,gaia2,10.1571,0.0477932,gaia2,308.550707667942,-38.7675708696747,297.424481114466,-62.1244039864478,18.627,0.169,,,,,,,,,,,,,13.034,0.027,12.43,0.027,12.206,0.027,AAA-222-111-000-0-0,,12.024,0.023,11.853,0.021,11.397,0.139,8.65,,15.995,0.000818,14.6823,0.00763987,cdwrf,cdwrf,3265.0,157.0,4.94502,0.00745465,,,0.282988,0.00875868,0.257331,0.020309,11.355,0.156391,DWARF,0.008199049,0.0020967673,98.1765,0.4641,0.0,0.0,90,0.00310722017,,,0.000809856865,0.0,0.0,,,,,,,,,,,,0.4619,0.4663,bj2018,,,cdwrf,17.5916,0.007779,14.7639,0.002626,1,,,bpbj,cooldwarfs_v8,1.77669216591003,1.17848999097384,352.29312670727,-77.4491207579413,0.0443202585986504,0.04099351420983,1,0,1724587175,6.35337312041886e+18,1.0189953
389447216,20190415,,,266-190668,20490296-3655129,,J204902.95-365513.2,6.778343985282206e+18,19572958,,STAR,tmgaia2,312.26230675723,-36.9202704250022,tmgaia2,-19.5248,0.0683285,-25.7752,0.0501878,gaia2,2.23325,0.0435164,gaia2,5.88195950688874,-38.5523686381634,304.517696542942,-18.4080508912582,13.427,0.021,12.698,0.069,,,,,,,,,,,11.423,0.024,11.135,0.03,11.025,0.023,AAA-222-111-000-0-0,,10.977,0.023,11.017,0.021,11.077,0.151,8.879,,12.5415,0.000171,12.0708,0.006,rered,gaia2,5652.0,128.654,4.21706,0.0771466,,,1.28975,0.0683869,1.0,0.123581,0.466107,0.0997832,DWARF,1.52937114,0.07424815,442.303,8.582,0.0313172,0.0104293246,114,0.0569076352,,,0.000319706363,0.0123297,0.00852895,schlegel,0.111641,0.13552,0.0705623,0.0662116,0.111998,0.0875684,0.0982163,0.0560769,0.0567652,0.0917311,8.419,8.745,bj2018,140.136,117.173,dered,12.92,0.001008,12.0191,0.00054,1,,ucac4,apassdr9,,1.1170918638923,0.778311426302915,312.262201606466,-36.920381401605,0.0349558597577308,0.0249661365627064,1,0,1708806088,6.778343985282206e+18,0.9387552
141944982,20190415,,,083-010867,06220768-7330499,,J062207.67-733049.7,5.265142546368675e+18,33616173,,STAR,tmgaia2,95.5320002889845,-73.5138791832516,tmgaia2,1.71653,0.0404739,25.5974,0.046776,gaia2,2.52836,0.0203484,gaia2,284.343053413607,-27.9985789699336,257.388148417859,-82.8022843280862,13.804,0.051,12.888,0.069,,,,,,,,,,,11.559,0.024,11.221,0.024,11.141,0.023,AAA-222-111-000-0-0,,11.095,0.023,11.145,0.021,11.187,0.077,9.359,,12.8087,0.000187,12.2914,0.006,rered,gaia2,5555.0,136.81,4.33785,0.079019,,,1.11103,0.0593969,0.98,0.123158,0.714584,0.158581,DWARF,1.05895972,0.03736545,391.061,3.1355,0.0778221,0.01026362,350,0.03572378,,,0.0016393906,0.00896214,0.0115651,schlegel,0.0977888,0.148527,0.0534864,0.0653075,0.137414,0.179749,0.0683667,0.0896714,0.0347814,0.0399495,3.11,3.161,bj2018,147.641,125.979,dered,13.2352,0.001207,12.241,0.000628,1,,ucac4,apassdr9,,0.783273221265528,0.725376965034438,95.5320263321703,-73.5137689722245,0.0197171802910611,0.0224975691702989,1,0,562839225,5.265142546368675e+18,0.96398085
183802396,20190415,,,074-001121,01223115-7515060,,J012231.16-751506.2,4.6379694702295e+18,34562324,,STAR,tmgaia2,20.6298155460025,-75.2517073476851,tmgaia2,5.93151,0.0269075,-10.1162,0.0223285,gaia2,1.07215,0.012942,gaia2,300.289049499192,-41.7166623126615,308.235048423627,-67.3586052878384,13.925,0.02,13.388,0.08,,,,,,,,,,,12.073,0.023,11.797,0.028,11.709,0.019,AAA-222-111-000-0-0,,11.685,0.022,11.71,0.021,11.771,0.169,9.263,,13.1723,0.00031,12.7331,0.006,rered,spect,5815.86,123.477,3.89944,0.0806535,-0.303591,0.0755987,1.90506,0.0967386,1.05,0.130157,0.151867,0.0326881,DWARF,3.74082875,0.1627755,908.202,10.756,0.0502968,0.01011818,198,0.031275928,,,0.0002606275,0.0104069,0.00982946,schlegel,0.086767,0.173547,0.10033,0.0931472,0.0363496,0.0290265,0.0926273,0.0686797,0.176079,0.149472,10.631,10.881,bj2018,127.773,119.18,spect,13.5089,0.001619,12.6714,0.001462,1,,ucac4,apassdr9,,0.526785292499113,0.346272108720971,20.6299158647043,-75.2517509035682,0.0143615668676011,0.0111746973115845,1,0,515214106,4.6379694702295e+18,1.1491009
204445334,20190415,,,297-231279,21430839-3042165,,J214308.38-304216.6,6.593220518181879e+18,17371871,,STAR,tmgaia2,325.784977084681,-30.7046332840426,tmgaia2,-10.5219,0.0569653,-3.48922,0.0457035,gaia2,1.15292,0.032152,gaia2,16.3536958330428,-48.9365585908005,317.71230970965,-16.0313850289829,13.935,0.022,13.258,0.08,,,,,,,,,,,11.759,0.022,11.351,0.023,11.297,0.023,AAA-222-111-000-0-0,,11.238,0.022,11.278,0.02,11.424,0.208,8.419,,13.0076,0.000255,12.4999,0.0084,rered,gaia2,5475.0,136.671,3.74678,0.0846477,,,2.17161,0.135487,0.96,0.115975,0.0937402,0.0228881,DWARF,3.81763935,0.2439535,846.663,23.236,0.0428435,0.009240155,63,0.00379272015,,,0.000116497555,0.0112351,0.00724521,panstarrs,0.104255,0.127694,0.15101,0.119965,0.0181009,0.0276753,0.0832371,0.0860583,0.309767,0.17814,22.61,23.862,bj2018,125.985,147.356,dered,13.4188,0.001131,12.4425,0.001153,1,,ucac4,apassdr9,,0.9161874912331,0.70898478101319,325.784924395629,-30.7046483070839,0.0317939294997613,0.0286851580134814,1,0,1716459484,6.593220518181879e+18,1.1761365
53813330,20190415,,,322-219986,21485392-2540119,,J214853.90-254012.6,6.811388810821077e+18,13850821,,STAR,tmgaia2,327.224618499643,-25.6700236613409,tmgaia2,-19.2388,0.0364246,-59.0342,0.0319504,gaia2,2.90647,0.0273487,gaia2,24.2697292483167,-49.3244391607835,320.713435576876,-11.7334743964576,14.348,0.031,13.685,0.15,,,,,,,,,,,12.165,,11.679,0.027,11.64,,UAU-626-020-0c0-0-0,,11.528,0.023,11.567,0.022,11.46,0.211,8.797,,13.3817,0.000227,12.858,0.0061,rered,gaia2,5337.0,133.68,4.63127,0.0838835,,,0.768294,0.0450603,0.921,0.112442,2.03085,0.48396,DWARF,0.43145746,0.01485965,340.706,3.199,0.0305684,0.007992295,72,0.03249625,,,0.000449530227,0.00604282,0.00994177,panstarrs,0.110697,0.114186,0.0384402,0.0516804,0.475432,0.492488,0.0864458,0.0813213,0.0146249,0.0150944,3.169,3.229,bj2018,160.842,106.518,dered,13.8088,0.001379,12.7984,0.001457,1,,ucac4,apassdr9,,0.579434051296743,0.495668000815027,327.224526595315,-25.6702778363855,0.0210972512217617,0.0208044605439689,1,0,1716974026,6.811388810821077e+18,1.0083433
293524962,20190415,,,069-037086,23280785-7621560,,J232808.03-762155.8,6.377500150743815e+18,35111200,,STAR,tmgaia2,352.032735574608,-76.365507945807,tmgaia2,62.0133,0.0269329,1.6176,0.0231596,gaia2,5.3712,0.0138784,gaia2,309.188670918538,-39.7336995361465,299.268372962771,-61.4775481641066,14.383,0.035,13.359,0.08,,,,,,,,,,,11.493,0.024,10.9,0.024,10.808,0.023,AAA-222-111-000-0-0,,10.741,0.023,10.81,0.02,10.694,0.08,8.518,,13.0408,0.00038,12.3856,0.006,rered,gaia2,4741.0,129.699,4.66116,0.0955946,,,0.674313,0.0497035,0.76,0.0894175,2.47873,0.703471,DWARF,0.206965134,0.00909834,185.181,0.4795,0.0487356,0.01025619,88,0.00544645172,,,0.00124010071,0.0110101,0.00950228,schlegel,0.0967259,0.0821092,0.0331613,0.0662457,0.620023,0.78692,0.10222,0.0889692,0.00777998,0.0104167,0.479,0.48,bj2018,159.251,100.148,dered,13.6264,0.001421,12.3306,0.000753,1,,ucac4,apassdr9,,0.531252639465389,0.359168540133015,352.033868247125,-76.3655009837051,0.0131260565275781,0.0118258671919308,1,0,1724585518,6.377500150743815e+18,0.9853499
150443417,20190415,,8902-01014-1,131-008398,06314081-6356018,,J063140.86-635601.6,5.477087401331798e+18,29875591,,STAR,tmgaia2,97.9200339950283,-63.9338751148659,tmgaia2,16.3158,0.0578159,-14.691,0.0490878,gaia2,4.84048,0.0305727,gaia2,273.697776386043,-26.3131304848809,145.260939846692,-85.7746477636083,11.89,0.165,11.192,0.011,,,,,,,,,,,9.971,0.028,9.695,0.036,9.533,0.024,AAE-222-111-000-0-0,,9.413,0.022,9.45,0.02,9.429,0.027,9.299,0.302,11.0877,0.000417,10.6589,0.006,rered,spect,5502.0,109.689,4.23623,0.0726772,-0.23,0.09,1.24253,0.0603341,0.97,0.121945,0.505657,0.10168,DWARF,1.27464068,0.04524865,205.374,1.2995,0.0310449,0.009989715,152,0.07753456,,,0.0039096144,0.0113359,0.00864353,schlegel,0.0894398,0.154451,0.0511412,0.0695271,0.0813706,0.121989,0.0976325,0.047722,0.0430314,0.0474659,1.291,1.308,bj2018,117.062,102.317,spect,11.413,0.002843,10.5961,0.003861,1,,tycho2v3,tycho2b3,,1.05666770587371,0.761395171447359,97.9201938659449,-63.933938367871,0.0264654910030299,0.0285183792411673,1,0,565498719,5.477087401331798e+18,0.8138015
167796352,20190415,,8908-01885-1,145-008759,06571583-6100119,,J065715.83-610011.6,5.479476296501849e+18,29893807,,STAR,tmgaia2,104.316035238835,-61.0033028935436,tmgaia2,-0.960414,0.0487815,21.5534,0.0481373,gaia2,3.6489,0.0279823,gaia2,271.212529918784,-22.8213246145463,145.289550528395,-81.6154656603005,11.692,0.145,11.109,0.01,,,,,,,,,,,10.286,0.024,10.054,0.025,10.044,0.025,AAA-222-111-000-0-0,,9.958,0.023,9.978,0.02,9.99,0.036,9.108,,11.1469,0.00047,10.7839,0.006,rered,spect,6087.03,105.884,4.22393,0.075726,0.0209357,0.0475655,1.36622,0.0590955,1.14,0.147563,0.447033,0.0923259,DWARF,2.308661,0.103636548,271.919,2.085,0.0801848,0.01021008,129,0.0376330428,,,0.00321232318,0.00952396,0.0108962,schlegel,0.128485,0.166641,0.0571201,0.0610709,0.0994183,0.0852336,0.0770338,0.0744181,0.0794481,0.127825,2.069,2.101,bj2018,97.2425,114.525,spect,11.4258,0.001686,10.7336,0.000904,1,,tycho2v3,tycho2b3,,0.877898088581393,0.746610240486321,104.316026708588,-61.003210094182,0.0245922003290006,0.0268260130585948,1,0,576726593,5.479476296501849e+18,0.9260178
389449843,20190415,,7967-00972-1,250-186752,20493252-4004594,,J204932.53-400459.4,6.67851238392717e+18,21998927,,STAR,tmgaia2,312.385534054819,-40.0831642472813,tmgaia2,5.69568,0.0556617,-6.13148,0.047429,gaia2,1.69518,0.0371117,gaia2,1.86195982069488,-38.9902036942833,303.657105407126,-21.4672844864114,12.644,0.32,11.867,0.023,,,,,,,,,,,11.322,0.023,11.117,0.025,11.045,0.021,AAA-222-111-000-0-0,,11.024,0.022,11.051,0.02,11.09,0.133,8.986,,12.1576,0.000183,11.8141,0.006,rered,gaia2,6490.0,131.936,4.20047,0.0900046,,,1.51608,0.0704321,1.33,0.213037,0.381664,0.090455,DWARF,3.673842,0.2339865,580.389,12.6035,0.0348549,0.009989045,119,0.0260539968,,,0.00030414213,0.0100152,0.00996289,schlegel,0.16607,0.260003,0.0594407,0.0814236,0.0643659,0.116544,0.0818056,0.0982036,0.141159,0.326814,12.335,12.872,bj2018,123.68,140.191,dered,12.4086,0.001018,11.7563,0.000576,1,,tycho2v3,tycho2b3,,0.918881402977576,0.735515670728888,312.38556610648,-40.0831906467137,0.0306810412823466,0.0232059160025325,1,0,1708808424,6.67851238392717e+18,0.8322501
141944451,20190415,,,079-007046,06213813-7414309,,J062138.13-741431.0,5.264863137272891e+18,33615954,,STAR,tmgaia2,95.408821373228,-74.2419412124807,tmgaia2,4.03604,0.0391655,-1.65705,0.0462435,gaia2,3.09984,0.0222307,gaia2,285.166930200208,-28.0465197639342,259.244983838595,-82.1152716190374,13.24,0.049,12.584,0.08,,,,,,,,,,,11.24,0.022,10.957,0.024,10.861,0.021,AAA-222-111-000-0-0,,10.823,0.023,10.855,0.02,10.828,0.058,9.709,,12.3775,0.000206,11.913,0.006,rered,gaia2,5924.0,135.057,4.49609,0.0801231,,,0.972081,0.0447437,1.08,0.141151,1.17575,0.260556,DWARF,1.04847991,0.0413631,319.63,2.2885,0.086273,0.0104500046,196,0.0848370045,,,0.00248598238,0.00818261,0.0127174,schlegel,0.166557,0.115744,0.0543286,0.0351588,0.241302,0.27981,0.0837502,0.0764959,0.0425775,0.0401487,2.272,2.305,bj2018,152.912,117.201,dered,12.7476,0.001421,11.86,0.000769,1,,ucac4,apassdr9,,0.761644014460913,0.717129215706234,95.4088853604956,-74.2419483470109,0.0214782873396103,0.0225607304043024,1,0,562193547,5.264863137272891e+18,1.062247
238809716,20190415,,9119-01701-1,132-176293,21473501-6336321,,J214735.12-633632.4,6.402751878385038e+18,31752657,,STAR,tmgaia2,326.895910551673,-63.6089129808175,tmgaia2,69.6077,0.0388608,-25.1964,0.0504981,gaia2,2.68643,0.0368914,gaia2,328.891410221643,-43.1135598436657,302.741905777914,-46.4934806520695,13.263,0.306,12.292,0.025,,,,,,,,,,,11.246,0.026,10.93,0.024,10.877,0.023,AAA-222-111-000-0-0,,10.837,0.023,10.877,0.02,10.685,0.085,8.891,,12.2131,0.000206,11.804,0.006,rered,spect,5820.47,111.718,4.32818,0.0727465,-0.696708,0.0686516,1.16289,0.0557185,1.05,0.128483,0.667684,0.133086,DWARF,1.39831746,0.06681395,368.372,5.045,0.0252505,0.009760295,76,0.073800385,,,0.000597579347,0.00996596,0.00955463,schlegel,0.124304,0.132661,0.0487276,0.0627095,0.125529,0.140642,0.0740395,0.0714535,0.050844,0.0827839,4.978,5.112,bj2018,92.5011,130.935,spect,12.5252,0.000875,11.7474,0.000641,1,,tycho2v3,tycho2b3,,0.709043103965566,0.783138770678146,326.896584798308,-63.609021466898,0.0199560867772382,0.02559052064683,1,0,1716891681,6.402751878385038e+18,0.95354474
139190547,20190415,,,212-187768,23011179-4747229,,J230111.82-474723.1,6.515450686361537e+18,24600381,,STAR,tmgaia2,345.299162554383,-47.7897136723884,tmgaia2,34.8765,0.0473106,-22.1542,0.0839279,gaia2,2.39559,0.0499462,gaia2,341.660813003187,-60.2074080538324,325.236202087136,-37.7157369133478,12.979,0.011,12.471,0.137,,,,,,,,,,,11.133,0.023,10.848,0.023,10.757,0.023,AAA-222-111-000-0-0,,10.747,0.023,10.779,0.02,10.473,0.087,8.677,,12.1979,0.000207,11.7607,0.006,rered,gaia2,5772.0,127.927,4.21663,0.074981,,,1.3096,0.0657035,1.03,0.123095,0.458591,0.0962512,DWARF,1.71504092,0.0927076,412.674,8.5745,0.00939362,0.01070033,40,0.03603835,,,0.0004619398,0.00908886,0.0123118,schlegel,0.099311,0.146879,0.0526055,0.0788015,0.0871814,0.105321,0.0750175,0.0749444,0.110088,0.0753272,8.4,8.749,bj2018,108.16,147.694,dered,12.5388,0.001066,11.7051,0.000859,1,,ucac4,apassdr9,,0.802400875369246,1.30150501708615,345.299386059496,-47.789809058745,0.0234269855977948,0.040251220880921,1,0,1722799547,6.515450686361537e+18,0.9797997
150270853,20190415,,8902-00675-1,124-009297,06185785-6518401,,J061857.83-651840.0,5.284390669945597e+18,31812125,,STAR,tmgaia2,94.7410240126689,-65.3111607033042,tmgaia2,-5.165,0.0516412,11.0978,0.0555841,gaia2,1.55039,0.028103,gaia2,275.055079222389,-27.8267238940608,149.302864589307,-87.6990248926053,12.807,0.488,12.369,0.034,,,,,,,,,,,11.229,0.023,11.034,0.026,10.965,0.023,AAA-222-111-000-0-0,,10.933,0.023,10.956,0.02,10.894,0.054,9.723,,12.0297,0.000205,11.6972,0.006,rered,spect,6318.64,117.925,3.97959,0.087773,-0.0837885,0.1,1.89536,0.0925326,1.25,0.191235,0.183584,0.0434724,DWARF,5.159092,0.2850365,633.331,11.36,0.0529336,0.009897475,295,0.0267327446,,,0.00100804516,0.0100383,0.00975665,schlegel,0.14567,0.2368,0.110444,0.0746211,0.0372281,0.0497167,0.074022,0.101524,0.23947,0.330603,11.16,11.56,bj2018,89.7075,146.143,spect,12.2755,0.001898,11.6425,0.0009869999,1,,tycho2v3,tycho2b3,,0.951084180249728,0.862131230576788,94.7409707717738,-65.3111129211187,0.0263454602560765,0.0315553358125645,1,0,561569864,5.284390669945597e+18,0.8742188
261257038,20190415,,9390-01786-1,043-003445,05563475-8124470,,J055634.77-812446.9,4.621434258456799e+18,35223642,,STAR,tmgaia2,89.1447805707193,-81.4130966044946,tmgaia2,4.42527,0.0291027,21.4852,0.0388647,gaia2,3.29347,0.0161449,gaia2,293.400316251394,-28.8407946191193,270.498075816483,-75.1461433355979,13.136,0.569,12.155,0.069,,,,,,,,,,,10.863,0.023,10.607,0.021,10.535,0.021,AAA-222-111-000-0-0,,10.504,0.023,10.536,0.021,10.505,0.055,8.88,,11.9273,0.000183,11.496,0.006,rered,gaia2,6290.0,133.486,4.49511,0.0835048,,,1.03856,0.0448643,1.23,0.175753,1.09801,0.247472,DWARF,1.52112293,0.0643989,300.992,1.474,0.1213,0.01002206,121,0.0410009138,,,0.00190997566,0.0117633,0.00828082,schlegel,0.158545,0.19296,0.0391186,0.0506101,0.218928,0.276016,0.0685682,0.0984414,0.0510653,0.0777325,1.467,1.481,bj2018,81.4368,185.536,dered,12.2643,0.001307,11.4403,0.000754,1,,ucac4,tycho2b3,,0.595270073248902,0.602726845913787,89.144908179931,-81.4130040987926,0.0157888638059945,0.0197599872737758,1,0,556003676,4.621434258456799e+18,0.95599926
141943694,20190415,,9379-01532-1,072-005581,06214352-7539260,,J062143.51-753925.9,5.261495367515674e+18,34632785,,STAR,tmgaia2,95.431342545682,-75.6572500579519,tmgaia2,-2.53755,0.0371775,10.1744,0.0466276,gaia2,0.965116,0.0222878,gaia2,286.770613807366,-28.0520969267058,261.617236111791,-80.7445151004826,11.674,0.197,11.642,0.019,,,,,,,,,,,11.076,0.023,11.042,0.024,11.049,0.025,AAA-222-111-000-0-0,,11.022,0.023,11.044,0.021,10.998,0.098,9.302,,11.4539,0.000416,11.3597,0.006,rered,gaia2,8656.0,159.417,4.05356,0.0715812,,,2.29342,0.0811608,2.17,0.31299,0.179891,0.0331917,DWARF,26.6029854,1.92373,1006.1,22.731,0.0731692,0.0104859648,134,0.0531491078,,,0.0009992236,0.00964333,0.0113286,schlegel,0.279272,0.346707,0.0732784,0.0890432,0.0336919,0.0326915,0.0751038,0.0680586,2.29493,1.55253,22.232,23.23,bj2018,151.861,166.973,dered,11.529,0.001684,11.3073,0.00104,1,,tycho2v3,tycho2b3,,0.729854183965704,0.723060001934687,95.4312984415465,-75.6572062515112,0.020311326850212,0.0219155995799638,1,0,562193072,5.261495367515674e+18,0.80770344
150441436,20190415,,,148-008037,06305420-6029470,,J063054.20-602947.0,5.481619038505605e+18,29875078,,STAR,tmgaia2,97.7258712995989,-60.4964068093138,tmgaia2,-0.287155,0.0460925,8.2074,0.0436724,gaia2,0.7742,0.0219234,gaia2,269.903397611652,-25.8535536986326,123.104187482382,-83.0375002331584,13.116,0.019,12.751,0.069,,,,,,,,,,,11.804,0.024,11.682,0.026,11.589,0.025,AAA-222-111-000-0-0,,11.57,0.023,11.587,0.02,11.528,0.113,9.405,0.495,12.6466,0.000261,12.3322,0.006,rered,gaia2,6807.0,133.854,3.82856,0.0910435,,,2.44574,0.121884,1.47,0.239239,0.100481,0.0243055,DWARF,11.5701532,0.820695,1244.84,34.22,0.0630074,0.00992552,138,0.08648733,,,0.000487755984,0.00979154,0.0100595,schlegel,0.174732,0.303747,0.144072,0.0996965,0.0260812,0.0225298,0.0938769,0.0882102,0.770407,0.870983,33.3,35.14,bj2018,118.792,148.915,dered,12.8742,0.001722,12.2735,0.001326,1,,ucac4,apassdr9,,0.827306179842116,0.677311765500511,97.7258687891082,-60.4963714718969,0.0212539279408955,0.0229687359813087,1,0,565496738,5.481619038505605e+18,1.1035542
176935090,20190415,,,115-013229,06421464-6704209,,J064214.63-670420.8,5.280437616401936e+18,32459437,,STAR,tmgaia2,100.560991660695,-67.0724680897242,tmgaia2,3.15569,0.045044,0.298681,0.0546827,gaia2,13.5867,0.0290233,gaia2,277.335205828109,-25.7131098772749,191.853650314142,-85.816186800322,14.893,0.039,13.423,0.103,,,,,,,,,,,10.367,0.027,9.677,0.022,9.493,0.023,AAA-222-111-000-0-0,,9.38,0.023,9.387,0.02,9.262,0.023,9.063,0.286,12.6439,0.00027,11.6287,0.00723303,cdwrf,cdwrf,3747.0,157.0,4.66655,0.0104787,,,0.581922,0.0173315,0.573082,0.0203107,2.90819,0.156996,DWARF,0.06013939,0.0137260929,73.4452,0.15775,0.0,0.0,184,0.03210514,,,0.00640520873,0.0,0.0,,,,,,,,,,,,,,bj2018,,,cdwrf,13.6767,0.001115,11.6496,0.000414,1,,ucac4,apassdr9,cooldwarfs_v8,0.837908838360587,0.848114111187388,100.561026537916,-67.0724668037404,0.0222219176826059,0.0300425222934281,1,0,570034590,5.280437616401936e+18,1.2769021
167792156,20190415,,,134-009156,06560933-6314126,,J065609.31-631412.6,5.286350137099378e+18,29892902,,STAR,tmgaia2,104.038911171663,-63.2368198011749,tmgaia2,-11.2235,0.0514754,-5.65182,0.0538541,gaia2,1.75544,0.0257171,gaia2,273.528355142432,-23.508652721529,157.3240140106,-83.2010095620293,13.372,0.018,12.873,0.069,,,,,,,,,,,11.779,0.024,11.55,0.026,11.514,0.029,AAA-222-111-000-0-0,,11.452,0.022,11.485,0.02,11.417,0.1,9.698,,12.718,0.000281,12.3325,0.006,rered,spect,6073.71,121.279,4.23342,0.0776583,-0.0895547,0.1,1.35137,0.0667462,1.14,0.146858,0.461937,0.0995319,DWARF,2.239025,0.113972,560.529,8.1425,0.0680724,0.01001402,135,0.0310129616,,,0.001197069,0.0119093,0.00811874,schlegel,0.117469,0.176248,0.0631533,0.0703392,0.0751578,0.123906,0.0632941,0.0920225,0.102987,0.124957,8.027,8.258,bj2018,78.5523,164.006,spect,13.0116,0.001536,12.2779,0.000734,1,,ucac4,apassdr9,,0.937298507083915,0.835136663686095,104.038803858783,-63.2368441354404,0.0255111820670405,0.0257837192165795,1,0,576722433,5.286350137099378e+18,1.1367655
176932597,20190415,,,108-014266,06411268-6831320,,J064112.67-683131.7,5.279302714242109e+18,32018959,,STAR,tmgaia2,100.30288484167,-68.525514994523,tmgaia2,-7.13644,0.0549192,12.3046,0.0512056,gaia2,2.25458,0.0276414,gaia2,278.914639225015,-26.0313581939971,211.230617538609,-85.6084737680827,12.734,0.018,12.277,0.046,,,,,,,,,,,11.204,0.023,10.956,0.022,10.895,0.023,AAA-222-111-000-0-0,,10.875,0.023,10.906,0.02,10.854,0.05,9.299,,12.1303,0.000191,11.7633,0.006,rered,spect,5990.22,109.371,4.2065,0.0770852,-0.460661,0.1,1.36924,0.0625176,1.1,0.142349,0.428507,0.0902169,DWARF,2.17481518,0.09787955,437.988,5.3435,0.0362297,0.01005294,186,0.03487334,,,0.00161940139,0.00728108,0.0128248,schlegel,0.117768,0.16693,0.0732628,0.0517724,0.0700119,0.110422,0.0838448,0.0703256,0.0959167,0.0998424,5.279,5.408,bj2018,95.6956,123.047,spect,12.403,0.001516,11.7061,0.001035,1,,ucac4,apassdr9,,1.03029087925543,0.794241929958687,100.302800909842,-68.5254620164049,0.025033025083282,0.0296901803675991,1,0,569246424,5.279302714242109e+18,1.2221342
204443991,20190415,,,278-229275,21430857-3430522,,J214308.67-343053.2,6.59131561428754e+18,,,STAR,tmgaia2,325.785826800825,-34.5145410227069,tmgaia2,95.0049,0.0988079,-94.0737,0.0829406,gaia2,11.4701,0.0774231,gaia2,10.5553485466503,-49.2715582839659,316.329714825718,-19.6067982455728,17.399,0.172,16.13,0.2,,,,,,,,,,,12.107,0.025,11.471,0.022,11.251,0.024,AAA-222-111-000-0-0,,11.075,0.023,10.938,0.02,10.797,0.102,8.485,,14.8699,0.000579,13.6325,0.00736789,cdwrf,cdwrf,3383.0,157.0,4.85836,0.00140663,,,0.366118,0.0112128,0.352804,0.0204512,7.18903,0.243505,DWARF,0.0158177558,0.00392679824,86.9711,0.59005,0.0,0.0,52,0.00135340076,,,0.000781029055,0.0,0.0,,,,,,,,,,,,0.5861,0.594,bj2018,,,cdwrf,16.2884,0.005286,13.6963,0.001521,1,,cdwrf,bpbj,cooldwarfs_v8,1.60458320510377,1.28630129993786,325.786323229961,-34.514946063256,0.0526270854690017,0.0430917350932547,1,0,1716458822,6.59131561428754e+18,1.0631473
260371427,20190415,,8538-01009-1,175-007923,06212450-5509451,,J062124.48-550945.0,5.499506610924037e+18,27293489,,STAR,tmgaia2,95.3520789860766,-55.1625343985245,tmgaia2,-0.011066,0.0579209,9.90009,0.0541294,gaia2,1.35661,0.0234091,gaia2,263.813802005189,-26.1476521070785,105.257557353572,-78.3180885754985,12.162,0.24,11.635,0.017,,,,,,,,,,,10.994,0.026,10.868,0.03,10.812,0.023,AAA-222-111-000-0-0,,10.739,0.023,10.772,0.02,10.702,0.058,9.519,,11.6693,0.000295,11.425,0.006,rered,gaia2,7289.0,138.199,4.07897,0.0845733,,,1.94219,0.0781659,1.65,0.272089,0.225222,0.0486479,DWARF,9.592875,0.566665,721.844,12.291,0.05991,0.009812225,104,0.03774248,,,0.00122568128,0.0104809,0.00914355,schlegel,0.204037,0.340141,0.0820337,0.074298,0.0416705,0.0556252,0.0776752,0.0914714,0.583834,0.549496,12.086,12.496,bj2018,129.633,146.766,dered,11.8351,0.001806,11.3609,0.002445,1,,tycho2v3,tycho2b3,,1.01315355869863,0.839370368088523,95.3520789026714,-55.1624917731367,0.0234184544304114,0.0247396481901477,1,0,562290920,5.499506610924037e+18,1.0648212
340007470,20190415,,,152-010737,07311988-5938476,,J073119.87-593847.4,5.293504315663661e+18,27372238,,STAR,tmgaia2,112.832857673402,-59.6465410696728,tmgaia2,-5.68293,0.0377482,9.50138,0.0326236,gaia2,1.63086,0.0175436,gaia2,271.297295039603,-18.3963612107848,156.798148524561,-77.6814594625259,13.644,0.021,13.018,0.08,,,,,,,,,,,11.611,0.024,11.291,0.022,11.26,0.023,AAA-222-111-000-0-0,,11.177,0.023,11.211,0.021,11.083,0.071,9.297,,12.8154,0.000185,12.3388,0.006,rered,spect,6098.67,123.529,4.10104,0.0819933,-0.155113,0.1,1.58074,0.0774371,1.15,0.155686,0.291147,0.0666377,DWARF,3.114287,0.15219,602.543,6.418,0.178256,0.0102416249,195,0.02961694,,,0.000849549833,0.0118896,0.00859365,schlegel,0.12208,0.189292,0.0739296,0.0809447,0.0586767,0.0745986,0.067311,0.0966755,0.140461,0.163919,6.351,6.485,bj2018,133.235,113.822,spect,13.1917,0.001356,12.2783,0.001048,1,,ucac4,apassdr9,,0.674625056196226,0.50597312756426,112.832809253505,-59.6465001609619,0.016874072641058,0.0176324850069017,1,0,598944941,5.293504315663661e+18,1.0684537
280910710,20190415,,,057-004740,06474547-7840075,,J064745.47-784007.3,5.211531703723389e+18,34639694,,STAR,tmgaia2,101.939402169651,-78.6687696632809,tmgaia2,3.6524,0.0230584,25.4697,0.0312693,gaia2,2.6127,0.0138214,gaia2,290.224318226875,-26.737497492641,259.228356393757,-77.4384745343142,14.326,0.031,13.518,0.092,,,,,,,,,,,11.848,0.023,11.482,0.025,11.349,0.023,AAA-222-111-000-0-0,,11.267,0.023,11.307,0.02,11.037,0.072,9.674,0.481,13.25,0.000271,12.6814,0.006,rered,gaia2,6125.0,126.907,4.56768,0.0856503,,,0.927734,0.0432362,1.16,0.169772,1.45274,0.335552,DWARF,1.09135544,0.048179,378.558,1.9955,0.290902,0.009859665,110,0.0180343445,,,0.00156975188,0.00972041,0.00999892,schlegel,0.167102,0.172441,0.0360407,0.0504317,0.313152,0.357952,0.0745101,0.0967904,0.0474151,0.0489429,1.985,2.006,bj2018,139.965,113.849,dered,13.7213,0.001289,12.6262,0.000645,1,,ucac4,apassdr9,,0.462243939352224,0.484911388962225,101.939482206099,-78.6686600020837,0.0120870335920054,0.0151665245541458,1,0,571930807,5.211531703723389e+18,1.0644413
139199905,20190415,,,229-191599,23032526-4413525,,J230325.27-441352.4,6.54029435774831e+18,22082220,,STAR,tmgaia2,345.855251783629,-44.2312613483943,tmgaia2,23.9195,0.030232,7.09787,0.0457444,gaia2,1.70044,0.0337895,gaia2,347.549917755146,-62.4058306556894,327.765740422313,-34.774255674494,13.69,0.005,13.243,0.103,,,,,,,,,,,12.086,0.021,11.839,0.023,11.785,0.025,AAA-222-111-000-0-0,,11.747,0.023,11.778,0.022,12.015,0.299,8.747,,13.0437,0.000354,12.6603,0.006,rered,gaia2,6120.0,126.567,4.41808,0.0802888,,,1.09734,0.0510076,1.15,0.15858,0.8703,0.186485,DWARF,1.52190089,0.08679575,578.449,11.395,0.00894873,0.01016146,35,0.00813025,,,0.000370996044,0.00675142,0.0135715,schlegel,0.129034,0.188126,0.0426754,0.0593397,0.205494,0.167475,0.0917606,0.0688171,0.0842886,0.0893029,11.174,11.616,bj2018,113.965,139.17,dered,13.3268,0.001518,12.5994,0.001223,1,,ucac4,apassdr9,,0.505980526121793,0.709627568035294,345.855395513438,-44.2312307882105,0.0131169959722038,0.0289156749263476,1,0,1722803931,6.54029435774831e+18,1.1247298
176935123,20190415,,,115-013232,06422703-6707193,,,5.280389615847484e+18,,,STAR,tmgaia2,100.613116833192,-67.1221573532265,tmgaia2,697.703,0.107194,-408.949,0.135534,gaia2,74.1265,0.0663376,gaia2,277.393256926135,-25.7010821558093,192.520447795789,-85.7937957995554,,,15.73,0.2,,,,,,,,,,,10.615,0.026,10.151,0.021,9.807,0.019,AAA-222-111-000-0-0,,,,,,,,,,14.0038,0.000436,12.4744,0.00728143,cdwrf,cdwrf,2906.0,157.0,5.21,0.0536064,,,0.136895,0.00404575,0.110844,0.0200136,43.2065,4.00028,DWARF,0.00120407168,0.000333609321,13.4852,0.0122,0.0,0.0,187,0.00390855549,,,0.03428609,0.0,0.0,,,,,,,,,,,,0.0122,0.0122,bj2018,,,cdwrf,16.3004,0.002185,12.6235,0.0009860001,1,,cdwrf,,cooldwarfs_v8,1.9946487902248,2.10194856088471,100.62084381051,-67.1239182925063,0.0540499656406217,0.0701694297847572,1,0,570034615,5.280389615847484e+18,1.3638562
176936384,20190415,,,105-017741,06423771-6906240,,J064237.79-690624.3,5.279213791239396e+18,32019045,,STAR,tmgaia2,100.657222598539,-69.1067070083694,tmgaia2,27.4529,0.0445667,-16.793,0.0468645,gaia2,3.52606,0.0242815,gaia2,279.575153340563,-25.9889468984083,217.202443798693,-85.2503318148374,13.622,0.027,12.887,0.069,,,,,,,,,,,11.434,0.023,11.087,0.023,10.978,0.024,AAA-222-111-000-0-0,,10.96,0.023,11.014,0.021,10.881,0.054,9.81,,12.6803,0.000254,12.167,0.006,rered,gaia2,5424.0,125.654,4.55027,0.078764,,,0.852046,0.0435452,0.94,0.11368,1.51963,0.337924,DWARF,0.5661084,0.0183216,281.309,1.936,0.0380996,0.010038415,172,0.01975098,,,0.00259474781,0.0101635,0.00991333,schlegel,0.0746503,0.15271,0.0410342,0.0460563,0.389865,0.285983,0.0965007,0.0610273,0.0169936,0.0196496,1.923,1.949,bj2018,163.332,87.975,dered,13.1044,0.001419,12.1163,0.000946,1,,ucac4,apassdr9,,0.839054428543372,0.72680885606657,100.657554035709,-69.1067793118838,0.0230012572562188,0.0243827081501168,1,0,570035591,5.279213791239396e+18,1.0946327
53812652,20190415,,6953-00963-1,328-205345,21484730-2427450,,J214847.31-242745.1,6.813169023225338e+18,12426917,,STAR,tmgaia2,327.197091239425,-24.4625088407208,tmgaia2,21.0157,0.0848051,-9.57984,0.0714165,gaia2,7.403,0.0623127,gaia2,26.0591837372142,-49.0241272501089,321.109069661191,-10.5897705876803,9.383,0.036,8.878,0.003,,,,,,,,,,,8.005,0.021,7.757,0.034,7.731,0.02,AAA-111-111-000-0-0,,7.638,0.029,7.709,0.02,7.705,0.018,7.495,0.147,8.75228,0.000291,8.41472,0.006,rered,gaia2,6432.0,129.583,4.10625,0.0839008,,,1.66999,0.0734472,1.299,0.192851,0.278913,0.0615316,DWARF,4.30037165,0.182845,134.57,1.137,0.012244,0.00471611,65,0.000791748171,,,0.002049705,0.0058084,0.00362382,panstarrs,0.151551,0.234151,0.0582995,0.088595,0.0478802,0.075183,0.0595716,0.10823,0.177178,0.188512,1.127,1.147,bj2018,143.951,115.214,dered,9.0138,0.000876,8.37414,0.001016,1,,tycho2v3,tycho2b3,,1.34567067329665,1.10800565679169,327.197190647293,-24.462550087287,0.0421539690480356,0.0482234696421297,1,0,1716973657,6.813169023225338e+18,1.0017014
389447086,20190415,,,265-191905,20491237-3711224,,J204912.38-371122.4,6.778151158430565e+18,19573160,,STAR,tmgaia2,312.301546475401,-37.1895728817731,tmgaia2,4.2703,0.0426854,1.28675,0.0286202,gaia2,1.1129,0.0294046,gaia2,5.54544722194475,-38.6180318633574,304.469206035973,-18.6752416779377,13.739,0.018,13.254,0.057,,,,,,,,,,,12.345,0.023,12.117,0.025,12.075,0.025,AAA-222-111-000-0-0,,12.009,0.022,12.019,0.022,12.034,0.43,8.623,,13.1575,0.000251,12.8197,0.006,rered,gaia2,6516.0,137.279,4.25531,0.0925042,,,1.42866,0.0733015,1.34,0.219551,0.459532,0.113471,DWARF,3.31496286,0.237902,876.455,22.775,0.0323708,0.01042188,131,0.0417172536,,,0.000190467763,0.0116929,0.00915086,schlegel,0.208745,0.230356,0.068197,0.078406,0.111374,0.115568,0.0835715,0.101437,0.251381,0.224423,22.194,23.356,bj2018,172.292,102.267,dered,13.3996,0.0012,12.7581,0.000905,1,,ucac4,apassdr9,,0.698349204676053,0.443835143810788,312.301569554854,-37.1895673416017,0.0199407838369556,0.014037535037632,1,0,1708806026,6.778151158430565e+18,1.0291401
167793046,20190415,,,126-010346,06565543-6457468,,J065655.42-645746.7,5.285196165287154e+18,29893548,,STAR,tmgaia2,104.230999273651,-64.9630189050131,tmgaia2,-6.18024,0.0398931,10.3222,0.0394954,gaia2,1.04278,0.0194056,gaia2,275.381202423259,-23.8361246778625,171.275123810691,-83.9581465530419,13.255,0.013,12.72,0.103,,,,,,,,,,,11.679,0.023,11.454,0.028,11.427,0.029,AAA-222-111-000-0-0,,11.341,0.022,11.37,0.02,11.464,0.11,9.065,,12.6057,0.00029,12.2261,0.006,rered,spect,6245.63,121.696,3.81053,0.0878276,-0.14924,0.1,2.26549,0.11044,1.21,0.172268,0.104064,0.0244785,DWARF,7.03595638,0.4128155,933.182,17.0285,0.0787412,0.009765965,156,0.025710145,,,0.0005833034,0.00785233,0.0116796,schlegel,0.149475,0.195062,0.0936397,0.12724,0.0231361,0.0258208,0.0906065,0.0850487,0.492694,0.332937,16.724,17.333,bj2018,131.006,112.386,spect,12.8884,0.000727,12.1651,0.000548,1,,ucac4,apassdr9,,0.733259488809051,0.612462246414566,104.230936397543,-64.9629744622211,0.0190590814787271,0.0186344452422649,1,0,576723321,5.285196165287154e+18,1.1320938
176933517,20190415,,8907-00782-1,115-013167,06410129-6706386,,J064101.29-670638.5,5.28043586405531e+18,32459175,,STAR,tmgaia2,100.255489648821,-67.1107621474197,tmgaia2,-5.85089,0.0459923,14.2574,0.0476498,gaia2,2.25294,0.028833,gaia2,277.356307772436,-25.8365890650595,192.459967543233,-85.9332601477243,12.319,0.312,11.763,0.021,,,,,,,,,,,10.564,0.023,10.35,0.022,10.311,0.021,AAA-222-111-000-0-0,,10.255,0.022,10.286,0.02,10.232,0.038,9.475,,11.5049,0.000556,11.132,0.006,rered,spect,6100.35,116.418,3.99881,0.0814881,-0.184461,0.1,1.77818,0.0830654,1.15,0.155465,0.204537,0.045645,DWARF,3.94515753,0.189592,438.312,5.582,0.0449059,0.00989725,200,0.02598391,,,0.00167723862,0.0096194,0.0101751,schlegel,0.1457,0.165231,0.0990965,0.0670342,0.0488018,0.0424881,0.078891,0.0840851,0.189542,0.189642,5.512,5.652,bj2018,101.364,131.471,spect,11.789,0.000751,11.0804,0.00041,1,,tycho2v3,tycho2b3,,0.855727015912812,0.739073547683524,100.25542488144,-67.1107007614049,0.022261322579791,0.0272260429717663,1,0,569247344,5.28043586405531e+18,0.9261689
204445872,20190415,,,297-231289,21432026-3038510,,J214320.29-303851.1,6.593221098002479e+18,17371976,,STAR,tmgaia2,325.834486607637,-30.6475461030576,tmgaia2,27.2587,0.0755813,2.2783,0.0548132,gaia2,1.9299,0.047874,gaia2,16.4481134247445,-48.9716021287781,317.774263775992,-15.9923228087577,12.837,0.016,12.422,0.057,,,,,,,,,,,11.34,0.021,11.086,0.023,11.068,0.022,AAA-222-111-000-0-0,,11.026,0.023,11.053,0.021,11.043,0.124,8.439,,12.2501,0.00027,11.8911,0.008,rered,gaia2,6397.0,130.948,4.30415,0.090085,,,1.31997,0.0667839,1.28,0.199696,0.556568,0.134854,DWARF,2.62862182,0.169786,510.903,12.5995,0.0366647,0.006900995,63,0.008175251,,,0.000337223348,0.00845107,0.00535092,panstarrs,0.175994,0.223399,0.0667583,0.0668095,0.108784,0.160925,0.060016,0.120154,0.157451,0.182121,12.294,12.905,bj2018,97.267,164.629,dered,12.5131,0.001945,11.8314,0.000752,1,,ucac4,apassdr9,,1.21536936040493,0.850259129281127,325.834623026577,-30.6475362937815,0.0404766226358587,0.0333558178544632,1,0,1716459874,6.593221098002479e+18,1.0728971
167795545,20190415,,8912-01382-1,139-008598,06572352-6216593,,J065723.52-621659.3,5.286640648687317e+18,29893902,,STAR,tmgaia2,104.34801411068,-62.2831539671337,tmgaia2,-0.190788,0.0444058,4.79445,0.0392406,gaia2,1.0529,0.0205152,gaia2,272.560207570863,-23.1356926670753,152.002115578345,-82.4995081249114,11.99,0.202,11.533,0.014,,,,,,,,,,,11.057,0.021,10.968,0.023,10.898,0.02,AAA-222-111-000-0-0,,10.903,0.022,10.919,0.02,10.894,0.063,9.341,0.374,11.6486,0.000238,11.4465,0.006,rered,spect,7299.17,112.166,3.84437,0.0782128,-0.455579,0.0673239,2.54443,0.102415,1.65,0.265898,0.100164,0.0207384,DWARF,16.5565758,0.9511525,924.486,17.669,0.0722517,0.0100391,130,0.0124310683,,,0.0008055057,0.0133426,0.0067356,schlegel,0.19334,0.338455,0.0780784,0.126751,0.0167832,0.0246936,0.0713486,0.0850771,0.623755,1.27855,17.337,18.001,bj2018,79.7725,144.559,spect,11.7937,0.001252,11.3913,0.000924,1,,tycho2v3,tycho2b3,,0.80445338888048,0.608561163317766,104.348012344513,-62.2831333243628,0.0210343440897666,0.0200949774864892,1,0,576725802,5.286640648687317e+18,1.002519
204445748,20190415,,,299-245517,21432591-3016305,,J214325.92-301630.6,6.785412917334234e+18,17372030,,STAR,tmgaia2,325.85802387595,-30.2751534379203,tmgaia2,3.84194,0.0550337,-7.70216,0.0548679,gaia2,1.21926,0.0366117,gaia2,17.0144515121293,-48.9432771021296,317.926503681773,-15.6493451316031,13.714,0.034,13.197,0.092,,,,,,,,,,,11.905,0.021,11.615,0.023,11.546,0.022,AAA-222-111-000-0-0,,11.526,0.023,11.569,0.022,11.545,0.18,8.642,,12.957,0.000311,12.5232,0.0083,rered,gaia2,5962.0,131.582,3.98587,0.082746,,,1.75716,0.098857,1.09,0.138173,0.200905,0.0474138,DWARF,3.5146904,0.261101,801.79,23.732,0.0486818,0.008311315,68,0.007610466,,,0.000158090479,0.00613423,0.0104884,panstarrs,0.13289,0.143456,0.08751,0.110204,0.0367597,0.0580678,0.090537,0.074955,0.281192,0.24101,23.043,24.421,bj2018,117.711,145.453,dered,13.2924,0.001207,12.4656,0.000933,1,,ucac4,apassdr9,,0.884220697997933,0.851104956327143,325.858043029972,-30.2751865999997,0.0307773139892682,0.0333208189219082,1,0,1716459750,6.785412917334234e+18,1.0210192
201291554,20190415,,,170-000182,00103865-5610454,,J001038.68-561045.3,4.922602209974307e+18,27129265,,STAR,tmgaia2,2.66110644117349,-56.1793009792077,tmgaia2,19.0961,0.0286628,14.364,0.0248902,gaia2,1.88178,0.0170718,gaia2,314.312656899136,-60.0384770271318,331.11334176508,-50.5796702404189,13.926,0.014,13.442,0.126,,,,,,,,,,,12.253,0.024,11.905,0.026,11.929,0.026,AAA-222-111-000-0-0,,11.871,0.023,11.899,0.022,11.558,0.201,8.93,,13.2423,0.000235,12.8359,0.006,rered,gaia2,5973.0,127.116,4.52005,0.0825072,,,0.954347,0.0444221,1.1,0.150063,1.26553,0.281096,DWARF,1.044425,0.0415068,523.387,4.712,0.00969797,0.0103191,40,0.000256308937,,,0.000485617842,0.0106332,0.010005,schlegel,0.122086,0.178041,0.0393156,0.0495286,0.233409,0.328782,0.0784264,0.086588,0.0446941,0.0383195,4.67,4.754,bj2018,132.02,122.211,dered,13.5483,0.001165,12.7758,0.001137,1,,ucac4,apassdr9,,0.503776291897004,0.385988125765521,2.66125415936007,-56.1792391342953,0.0136920464719208,0.0121102959654001,1,0,507941555,4.922602209974307e+18,0.9872163
183800007,20190415,,,088-005266,01232967-7232597,,J012329.70-723259.8,4.68731483053129e+18,33510757,,STAR,tmgaia2,20.8736689332902,-72.5499453153974,tmgaia2,12.0712,0.0471989,-3.62423,0.0344658,gaia2,2.84028,0.0222137,gaia2,299.579073679419,-44.3690191950897,314.872801498352,-66.6007832421322,13.491,0.0,12.755,0.057,,,,,,,,,,,11.599,0.024,11.257,0.026,11.214,0.023,AAA-222-111-000-0-0,,11.15,0.022,11.182,0.021,11.106,0.094,9.435,,12.6673,0.000334,12.2076,0.006,rered,gaia2,5715.0,137.232,4.50587,0.0826954,,,0.934111,0.0484473,1.02,0.12901,1.25143,0.283978,DWARF,0.838603258,0.0306943,348.548,2.719,0.0297347,0.01004517,425,0.0157802925,,,0.0009299898,0.0106353,0.00945504,schlegel,0.145704,0.112317,0.0531337,0.0437608,0.252401,0.315556,0.0826672,0.0827236,0.0297672,0.0316214,2.698,2.74,bj2018,141.621,132.844,dered,13.0319,0.001331,12.1533,0.000847,1,,ucac4,apassdr9,,0.907762161803604,0.534522536210793,20.8738422499735,-72.5499609197961,0.0233830704166124,0.0179844421989705,1,0,515212103,4.68731483053129e+18,1.1048521
238809776,20190415,,,134-176629,21465186-6322468,,J214651.86-632246.4,6.402768371059575e+18,31752409,,STAR,tmgaia2,326.716155406146,-63.3796881175737,tmgaia2,-10.7528,0.033101,42.7148,0.0461926,gaia2,5.16218,0.029446,gaia2,329.219822310709,-43.1528121689247,302.800348414839,-46.2539944361628,13.684,0.035,12.746,0.114,,,,,,,,,,,11.092,0.028,10.589,0.022,10.513,0.019,AAA-222-111-000-0-0,,10.48,0.023,10.552,0.02,10.497,0.097,8.455,,12.5207,0.00016,11.9326,0.006,rered,spect,4957.4,113.204,4.58889,0.0846242,0.0138675,0.0698965,0.761195,0.0459045,0.82,0.0928797,1.8592,0.450739,DWARF,0.315284073,0.0124449,192.645,1.101,0.0167891,0.0103029,96,0.0193934925,,,0.00104517327,0.0129124,0.0076934,schlegel,0.0984937,0.0872656,0.0408492,0.0509598,0.426104,0.475374,0.0820147,0.0872337,0.0130754,0.0118144,1.095,1.107,bj2018,125.866,100.542,spect,13.0283,0.001003,11.8775,0.000536,1,,ucac4,apassdr9,,0.603190155748118,0.716380360634685,326.716052082662,-63.3795042066651,0.0164995138672428,0.0237880492472958,1,0,1716785466,6.402768371059575e+18,0.92470217
260373233,20190415,,,156-007555,06220845-5855025,,J062208.42-585501.9,5.482909109241975e+18,27294106,,STAR,tmgaia2,95.5352750444743,-58.9173491969521,tmgaia2,-24.1949,0.0425075,42.2369,0.0437883,gaia2,3.72547,0.0192659,gaia2,267.964869550128,-26.6853849899044,110.843510280812,-81.9546239768905,13.342,0.023,12.632,0.069,,,,,,,,,,,11.326,0.023,10.949,0.022,10.879,0.023,AAA-222-111-000-0-0,,10.838,0.022,10.884,0.02,10.872,0.067,9.252,,12.4686,0.00018,11.9825,0.006,rered,spect,5379.45,125.493,4.50213,0.0849665,-0.090137,0.1,0.895794,0.0510377,0.93,0.1178,1.29377,0.311506,DWARF,0.605427861,0.0218931,266.36,1.377,0.0284599,0.01006039,101,0.0491686724,,,0.00271030632,0.0104152,0.00970558,schlegel,0.109925,0.125676,0.048498,0.0535774,0.367163,0.255849,0.0952245,0.0747085,0.0200552,0.023731,1.37,1.384,bj2018,137.914,113.072,spect,12.8636,0.001129,11.9313,0.001123,1,,ucac4,apassdr9,,0.756922392384587,0.67900434956204,95.5350732669656,-58.9171673437883,0.0183974989307584,0.0196951990684695,1,0,562922654,5.482909109241975e+18,1.1372674
238170338,20190415,,,092-075929,23475124-7145118,,J234751.32-714511.9,6.386193439428838e+18,34541097,,STAR,tmgaia2,356.96361019377,-71.7532971544995,tmgaia2,27.2615,0.0225661,-5.04727,0.0250956,gaia2,2.62527,0.013897,gaia2,309.839043569841,-44.5123723271939,308.506175729635,-59.8543110879081,14.255,0.016,13.467,0.126,,,,,,,,,,,11.79,0.027,11.366,0.023,11.272,0.021,AAA-222-111-000-0-0,,11.229,0.023,11.254,0.021,11.273,0.118,8.878,,13.2099,0.000258,12.6434,0.006,rered,spect,5558.4,131.412,4.51167,0.0823556,0.0454536,0.0866944,0.909516,0.0521859,0.98,0.121545,1.30255,0.299209,DWARF,0.7114016,0.02623855,376.766,1.9875,0.0962605,0.009837,67,0.0015239194,,,0.0006928024,0.0094873,0.0101867,schlegel,0.110515,0.132574,0.0467327,0.0576392,0.265931,0.332487,0.0836629,0.0810482,0.0304485,0.0220286,1.977,1.998,bj2018,163.352,99.4722,spect,13.6811,0.00125,12.5858,0.000879,1,,ucac4,apassdr9,,0.431827523598322,0.389189559901829,356.963985065926,-71.7533188861657,0.0116264269319612,0.0127150621445491,1,0,1725509902,6.386193439428838e+18,1.1733589
150443513,20190415,,8902-01399-1,130-008635,06305236-6405005,,J063052.39-640500.4,5.477085236668202e+18,29875053,,STAR,tmgaia2,97.7181799024802,-64.0834830857612,tmgaia2,15.9593,0.0387622,3.71118,0.039903,gaia2,4.0118,0.0194039,gaia2,273.848726729439,-26.4222916085145,146.001612476583,-85.9400134566031,11.031,0.083,10.452,0.006,,,,,,,,,,,9.599,0.024,9.396,0.023,9.314,0.021,AAA-222-111-000-0-0,,9.286,0.023,9.312,0.02,9.306,0.023,9.441,0.343,10.4148,0.000344,10.0658,0.006,rered,spect,6179.01,103.63,4.10821,0.0757392,0.0541828,0.0457752,1.58806,0.0648367,1.18,0.161165,0.294632,0.0595068,DWARF,3.31211233,0.143146,247.485,1.1975,0.031367,0.0102477353,167,0.0183123779,,,0.003954359,0.0113328,0.00916267,schlegel,0.149214,0.173116,0.0698065,0.0598668,0.0576263,0.0613872,0.0708112,0.0806673,0.114492,0.1718,1.192,1.203,bj2018,77.6798,129.58,spect,10.6839,0.001088,10.0214,0.000828,1,,tycho2v3,tycho2b3,,0.70901195099088,0.618823833149765,97.7183371199832,-64.0834671071542,0.0177464948902752,0.0201250083706423,1,0,565498815,5.477085236668202e+18,1.1169555
167795897,20190415,,,142-008759,06575241-6141327,,J065752.42-614132.9,5.479198906036726e+18,29894296,,STAR,tmgaia2,104.468380863995,-61.6924354753158,tmgaia2,3.3748,0.0484207,-13.1581,0.047554,gaia2,0.706512,0.0217695,gaia2,271.955382476035,-22.9299471660522,149.043193045461,-82.058734350536,12.694,0.04,12.582,0.103,,,,,,,,,,,11.996,0.022,11.936,0.027,11.915,0.026,AAA-222-111-000-0-0,,11.903,0.022,11.925,0.021,12.066,0.203,9.373,,12.4329,0.000235,12.2899,0.006,rered,gaia2,8315.0,145.525,4.08021,0.0792706,,,2.16175,0.0922612,2.05,0.308603,0.202926,0.0418891,DWARF,20.1258354,1.656655,1359.5,40.535,0.0983047,0.0101185,150,0.0148399854,,,0.0006075999,0.010163,0.010074,schlegel,0.245033,0.372174,0.0768513,0.107671,0.0390663,0.0447119,0.0724573,0.0860839,1.98794,1.32537,39.35,41.72,bj2018,141.072,149.977,dered,12.5406,0.001031,12.233,0.00099,1,,ucac4,apassdr9,,0.874387108008965,0.737399470964335,104.468411505607,-61.6924921282502,0.0191979579643951,0.0214647201118831,1,0,576726144,5.479198906036726e+18,1.2295948
204448646,20190415,,,284-210803,21435777-3316410,,J214357.72-331641.2,6.59154128904906e+18,17372328,,STAR,tmgaia2,325.99071602033,-33.2780532355797,tmgaia2,-45.7122,0.0618375,-22.3635,0.0532624,gaia2,3.19132,0.0462546,gaia2,12.4646790722031,-49.3657842117584,316.954199375437,-18.507056827951,13.465,0.035,12.556,0.103,,,,,,,,,,,11.203,0.022,10.853,0.025,10.754,0.023,AAA-222-111-000-0-0,,10.707,0.022,10.768,0.021,10.736,0.086,8.97,,12.4357,0.000438,11.9153,0.006,rered,gaia2,5343.0,134.585,4.33826,0.0857316,,,1.07597,0.0643115,0.92,0.117054,0.738566,0.183531,DWARF,0.8500301,0.0363766,310.631,4.498,0.0272286,0.0101674348,72,0.09222217,,,0.0004595238,0.00957397,0.0107609,schlegel,0.0928542,0.141254,0.0548236,0.0737995,0.12876,0.238303,0.087193,0.0842703,0.0310314,0.0417218,4.434,4.562,bj2018,125.595,143.575,dered,12.8709,0.001979,11.8671,0.001333,1,,ucac4,apassdr9,,1.00099165012248,0.826092209311951,325.990480598948,-33.278149523094,0.0352950975587409,0.0294471827185597,1,0,1716461987,6.59154128904906e+18,1.1151077
280911711,20190415,,,047-004007,06485291-8047465,,J064852.87-804746.3,5.207555182482632e+18,35134372,,STAR,tmgaia2,102.220429846353,-80.7962351222732,tmgaia2,-6.73807,0.0233061,14.7014,0.0321028,gaia2,1.69772,0.0143601,gaia2,292.604885283577,-26.8528730709689,262.264173392482,-75.4323722524648,14.209,0.042,13.297,0.057,,,,,,,,,,,11.588,0.022,11.185,0.023,11.073,0.023,AAA-222-111-000-0-0,,11.008,0.024,11.052,0.021,11.02,0.073,9.535,,13.0695,0.000297,12.4703,0.006,rered,gaia2,5493.0,129.412,3.95215,0.079552,,,1.71434,0.0886507,0.96,0.123589,0.190539,0.0415563,DWARF,2.41059875,0.0869673,579.176,4.8535,0.185941,0.0106828054,130,0.0233577956,,,0.000520559552,0.0119621,0.00940351,schlegel,0.125442,0.121735,0.0746613,0.10264,0.044735,0.0383776,0.0847158,0.0743883,0.0898552,0.0840794,4.814,4.893,bj2018,181.185,77.6382,dered,13.5753,0.001162,12.4179,0.000742,1,,ucac4,apassdr9,,0.474518952705052,0.497808028407422,102.220248465604,-80.7961718246243,0.0127305063561229,0.0146164778015989,1,0,572823709,5.207555182482632e+18,1.0454568
234330429,20190415,,9147-01292-1,094-002709,02223366-7121538,,J022233.65-712154.0,4.645200477167943e+18,33529452,,STAR,tmgaia2,35.6402890832203,-71.3649695633183,tmgaia2,-3.34367,0.0341604,-14.0539,0.0328833,gaia2,2.76405,0.018931,gaia2,293.03279242351,-43.9698374758982,321.56358312592,-70.6383903461876,12.181,0.255,11.741,0.018,,,,,,,,,,,10.586,0.024,10.306,0.024,10.246,0.023,AAA-222-111-000-0-0,,10.23,0.023,10.267,0.02,10.25,0.046,8.915,,11.5067,0.00024,11.1256,0.006,rered,spect,5687.7,136.932,4.00559,0.081787,-0.82,0.11,1.65349,0.09399,1.01,0.122717,0.223418,0.0522639,DWARF,2.577764,0.1030752,358.054,2.445,0.0290681,0.0102546,62,0.031711176,,,0.0008859994,0.0102802,0.010229,schlegel,0.0906229,0.154812,0.100672,0.087308,0.0593217,0.0452062,0.0900621,0.0735119,0.114156,0.0919944,2.429,2.461,bj2018,139.044,134.821,spect,11.795,0.001258,11.0713,0.000798,1,,tycho2v3,tycho2b3,,0.652138863360107,0.509946653128741,35.6402440296586,-71.3650300731714,0.0188412817598706,0.0161406520587562,1,0,518382918,4.645200477167943e+18,0.9686254
150272570,20190415,,,140-007339,06184982-6206243,,J061849.85-620624.1,5.478060434762484e+18,29867298,,STAR,tmgaia2,94.7076017098442,-62.106775742625,tmgaia2,16.7306,0.0479659,18.1286,0.0385873,gaia2,2.86654,0.0207113,gaia2,271.45333021146,-27.5192582833112,116.739212505947,-85.1047023043743,12.897,0.031,12.333,0.08,,,,,,,,,,,11.095,0.023,10.792,0.026,10.73,0.025,AAA-222-111-000-0-0,,10.692,0.023,10.733,0.02,10.686,0.06,9.729,0.513,12.1417,0.000188,11.7117,0.006,rered,spect,5812.26,136.622,4.33752,0.0836825,-0.232173,0.1,1.15046,0.0610553,1.05,0.134828,0.68957,0.157537,DWARF,1.36086619,0.05335645,345.383,2.4895,0.039608,0.01033824,129,0.007437859,,,0.002205315,0.0109833,0.00969318,schlegel,0.0898921,0.179764,0.0672005,0.05491,0.170432,0.144642,0.086209,0.081156,0.0587302,0.0479827,2.472,2.507,bj2018,122.01,151.234,spect,12.4771,0.001047,11.6579,0.000876,1,,ucac4,apassdr9,,0.868069477456016,0.59842687081749,94.7077556872543,-62.1066976890162,0.0197599432788495,0.0196809978530296,1,0,561571581,5.478060434762484e+18,0.9595544
280910400,20190415,,,060-004996,06480348-7806045,,J064803.51-780604.6,5.212357127718394e+18,34639764,,STAR,tmgaia2,102.014412393807,-78.1012448418902,tmgaia2,14.0133,0.0385802,-9.2857,0.0438005,gaia2,3.94098,0.0215921,gaia2,289.592960385347,-26.6726617554535,258.130634065817,-77.9558020251253,12.803,0.025,12.175,0.046,,,,,,,,,,,10.817,0.024,10.473,0.022,10.436,0.021,AAA-222-111-000-0-0,,10.369,0.023,10.396,0.02,10.361,0.039,9.292,,11.9742,0.000177,11.5089,0.006,rered,gaia2,6263.0,130.768,4.60837,0.0816633,,,0.907883,0.0389547,1.22,0.174608,1.63031,0.352846,DWARF,1.14257336,0.04843295,251.902,1.3805,0.166453,0.0103943,121,0.03539044,,,0.003521836,0.0104186,0.01037,schlegel,0.178058,0.171159,0.0395899,0.0383196,0.290574,0.415118,0.0726376,0.0906889,0.0500802,0.0467857,1.373,1.388,bj2018,110.294,151.243,dered,12.3438,0.001272,11.4526,0.001032,1,,ucac4,apassdr9,,0.770332656363553,0.67928826121412,102.01470502251,-78.1012848221384,0.0217754802101906,0.022733429421014,1,0,572822661,5.212357127718394e+18,0.888478
389449621,20190415,,,252-186581,20492081-3936464,,J204920.82-393646.7,6.678750565635828e+18,19573361,,STAR,tmgaia2,312.336733823621,-39.612892059341,tmgaia2,5.12719,0.0413026,-27.8972,0.0283362,gaia2,2.63397,0.0275102,gaia2,2.45997372933327,-38.9110082363073,303.763687099262,-21.0061007030278,14.205,0.018,13.43,0.092,,,,,,,,,,,11.95,0.022,11.598,0.022,11.477,0.021,AAA-222-111-000-0-0,,11.476,0.022,11.543,0.022,11.192,0.156,9.033,,13.2061,0.000246,12.6835,0.006,rered,gaia2,5386.0,123.045,4.48642,0.080672,,,0.912151,0.0487387,0.93,0.123787,1.22541,0.277952,DWARF,0.63080287,0.0236386,375.588,3.911,0.0420131,0.0100724055,97,0.04510377,,,0.0004265337,0.010227,0.00991781,schlegel,0.0889803,0.158593,0.0463186,0.0511588,0.269017,0.286887,0.0781876,0.0831563,0.0278388,0.0194384,3.871,3.951,bj2018,121.315,124.775,dered,13.6364,0.001333,12.6293,0.001061,1,,ucac4,apassdr9,,0.680768367103416,0.439461905970192,312.336762479212,-39.6130121722899,0.0210193612366516,0.0148450811969321,1,0,1708808202,6.678750565635828e+18,1.0666989
167085203,20190415,,8906-01651-1,119-010884,06225415-6616233,,J062254.15-661623.3,5.284416130508369e+18,31812372,,STAR,tmgaia2,95.7256190597207,-66.2731547954201,tmgaia2,1.82146,0.0546702,3.08381,0.0476587,gaia2,1.52554,0.0276205,gaia2,276.177693048126,-27.5107083187102,175.474750682994,-87.6921542798591,13.246,0.451,12.397,0.034,,,,,,,,,,,11.686,0.023,11.423,0.024,11.371,0.025,AAA-222-111-000-0-0,,11.334,0.023,11.354,0.021,11.375,0.078,10.061,,12.5767,0.000261,12.2301,0.006,rered,spect,6314.93,123.047,4.18108,0.0839228,-0.301131,0.1,1.49694,0.0735176,1.24,0.181539,0.369667,0.0834247,DWARF,3.210524,0.192519,643.451,11.5245,0.052045,0.0103362,410,0.0600059479,,,0.00102974521,0.0089902,0.0116822,schlegel,0.139177,0.2239,0.0818719,0.0651633,0.0480833,0.118766,0.0495335,0.118312,0.226488,0.15855,11.322,11.727,bj2018,102.797,143.297,spect,12.827,0.000544,12.1676,0.000487,1,,tycho2v3,tycho2b3,,1.01231863546762,0.73912196604804,95.7256385499054,-66.2731415179059,0.0267997845146796,0.0246786994733764,1,0,562852528,5.284416130508369e+18,1.0751989
261259984,20190415,,9390-00454-1,039-002900,05590761-8212597,,J055907.67-821259.5,4.62129214228176e+18,35133724,,STAR,tmgaia2,89.7816927123444,-82.216599815605,tmgaia2,15.4585,0.0345437,18.2738,0.0399215,gaia2,2.29816,0.0229285,gaia2,294.288603105391,-28.6237400060097,270.10953759083,-74.3440358348879,13.075,0.36,12.637,0.057,,,,,,,,,,,11.33,0.023,11.043,0.024,10.966,0.019,AAA-222-111-000-0-0,,10.932,0.023,10.967,0.021,11.104,0.091,9.521,,12.4543,0.000173,12.0059,0.006,rered,gaia2,6176.0,128.14,4.34669,0.0835192,,,1.20678,0.0541357,1.18,0.1632,0.671426,0.150838,DWARF,1.9088856,0.08986955,429.765,4.2675,0.120623,0.0101698348,124,0.0362700969,,,0.00100703759,0.00850287,0.0118368,schlegel,0.129369,0.197031,0.0521784,0.056093,0.14526,0.156417,0.0835607,0.0834777,0.0790221,0.100717,4.226,4.309,bj2018,134.186,122.094,dered,12.8042,0.001254,11.9473,0.000611,1,,ucac4,tycho2b3,,0.710852882739057,0.619149805788866,89.7821841703279,-82.2165211370271,0.0183228951246764,0.0213019137128068,1,0,556211758,4.62129214228176e+18,1.064609
204442797,20190415,,,282-216817,21422351-3345557,,J214223.58-334558.2,6.591432437398114e+18,17371430,,STAR,tmgaia2,325.598008358827,-33.7655615926316,tmgaia2,84.2005,0.0661634,-212.271,0.0571869,gaia2,13.1987,0.0493129,gaia2,11.6852891356925,-49.0730371126953,316.451407710594,-18.8505364827681,16.212,0.064,14.71,0.012,,,,,,,,,,,11.046,0.021,10.41,0.021,10.175,0.021,AAA-222-111-000-0-0,,10.059,0.024,9.984,0.021,9.835,0.049,9.129,,13.6732,0.000497,12.5078,0.00733819,cdwrf,cdwrf,3488.0,157.0,4.75688,0.00735701,,,0.477829,0.014259,0.475722,0.0203295,4.36049,0.204189,DWARF,0.0304470789,0.00733712176,75.6012,0.28395,0.0,0.0,79,0.007047972,,,0.00115764106,0.0,0.0,,,,,,,,,,,,0.2829,0.285,bj2018,,,cdwrf,14.957,0.003082,12.5573,0.001384,1,,cdwrf,apassdr9,cooldwarfs_v8,1.07246591280376,0.887012070953401,325.598444449028,-33.7664755379891,0.0398419424039642,0.033028185656182,1,0,1716348101,6.591432437398114e+18,1.1614286
204441419,20190415,,,300-264027,21414139-3007231,,J214141.39-300723.1,6.785409305266262e+18,17371041,,STAR,tmgaia2,325.422487475375,-30.1231015755641,tmgaia2,0.812721,0.0646748,-1.82379,0.0604206,gaia2,2.11153,0.0435099,gaia2,17.1649352984864,-48.5496143785582,317.61300466792,-15.3781146719967,12.907,0.016,12.467,0.08,,,,,,,,,,,11.419,0.025,11.159,0.027,11.079,0.025,AAA-222-111-000-0-0,,11.041,0.024,11.069,0.021,11.165,0.169,8.428,,12.2869,0.000203,11.907,0.0089,rered,gaia2,6284.0,129.541,4.34131,0.0860466,,,1.23975,0.0590351,1.23,0.186282,0.645516,0.151823,DWARF,2.1592598,0.1378875,467.445,9.584,0.0419153,0.008865555,72,0.00441919267,,,0.0003645833,0.00580081,0.0119303,panstarrs,0.164833,0.207731,0.0662301,0.0518402,0.13177,0.171875,0.0768538,0.0952394,0.10945,0.166325,9.391,9.777,bj2018,68.7916,190.29,dered,12.5726,0.001488,11.8509,0.000927,1,,ucac4,apassdr9,,1.03878958839172,0.9372390722799,325.422491520949,-30.1231094279934,0.0372419243863053,0.0367243697780957,1,0,1716237877,6.785409305266262e+18,1.0116733
150063841,20190415,,,148-007038,06061977-6033029,,J060619.77-603302.7,5.482330521311532e+18,29859193,,STAR,tmgaia2,91.5824426888986,-60.550808592274,tmgaia2,-7.60359,0.0364955,13.3492,0.0367072,gaia2,2.39875,0.0183855,gaia2,269.529096790169,-28.8575785602118,97.4007262110257,-83.9494109242414,13.244,0.032,12.655,0.092,,,,,,,,,,,11.54,0.021,11.282,0.024,11.197,0.023,AAA-222-111-000-0-0,,11.188,0.023,11.213,0.02,11.123,0.07,9.609,,12.5215,0.000675,12.1154,0.006,rered,gaia2,6055.0,130.119,4.45615,0.0774089,,,1.04111,0.0476759,1.13,0.14699,1.00135,0.217353,DWARF,1.31264079,0.0565254,411.934,3.1435,0.0282083,0.01040463,110,0.0264517888,,,0.00198921259,0.0115232,0.00928606,schlegel,0.135247,0.158733,0.0455854,0.0497663,0.179563,0.255143,0.0759613,0.0788565,0.047666,0.0653848,3.12,3.167,bj2018,125.704,134.534,dered,12.8336,0.00275,12.0616,0.002349,1,,ucac4,apassdr9,,0.655257007702541,0.569281879993582,91.5823761017413,-60.5507511165679,0.0177540547803333,0.0190933657186802,1,0,558043944,5.482330521311532e+18,1.1290865
204445656,20190415,,,300-264095,21432422-3003077,,J214324.24-300307.9,6.785419926720874e+18,17372012,,STAR,tmgaia2,325.850992250141,-30.0521469229278,tmgaia2,9.08842,0.0625899,-21.3326,0.0502854,gaia2,3.06335,0.0489287,gaia2,17.3494546020274,-48.90695037821,317.999668116903,-15.4376844854751,14.385,0.01,13.718,0.195,,,,,,,,,,,12.149,0.022,11.737,0.023,11.641,0.023,AAA-222-111-000-0-0,,11.572,0.023,11.642,0.022,11.426,0.161,8.786,,13.42,0.000269,12.8986,0.0062,rered,gaia2,5363.0,132.639,4.70064,0.0843726,,,0.712009,0.0413468,0.928,0.116189,2.57094,0.619663,DWARF,0.3778301,0.01634345,323.508,5.1615,0.0341236,0.007774195,78,0.00821199547,,,0.0005038337,0.00581421,0.00973418,panstarrs,0.0896726,0.142705,0.0462191,0.0364744,0.429932,0.809393,0.0534772,0.115268,0.0135943,0.0190926,5.081,5.242,bj2018,153.69,111.587,dered,13.8472,0.002241,12.8418,0.002129,1,,ucac4,apassdr9,,1.00496070091423,0.779985470717236,325.851037458153,-30.0522387716307,0.0307803118471414,0.0295978108700435,1,0,1716459658,6.785419926720874e+18,1.0238608
150441174,20190415,,,150-008003,06312938-6001573,,J063129.37-600156.6,5.481713562145641e+18,29875462,,STAR,tmgaia2,97.8724465017957,-60.0325559799546,tmgaia2,-9.79105,0.0320543,52.0832,0.0402493,gaia2,2.69319,0.0163135,gaia2,269.410446458113,-25.7005934866594,122.027620325615,-82.5877022383807,13.608,0.019,12.938,0.103,,,,,,,,,,,11.555,0.024,11.195,0.024,11.107,0.023,AAA-222-111-000-0-0,,11.065,0.023,11.081,0.021,10.983,0.077,9.433,,12.7456,0.000217,12.2573,0.006,rered,gaia2,5602.0,132.126,4.42263,0.0816039,,,1.01282,0.0533668,0.99,0.128705,0.952867,0.212791,DWARF,0.910197854,0.0322325,367.369,2.218,0.0455614,0.01016163,112,0.0405454971,,,0.00191632193,0.0136273,0.00669596,schlegel,0.11845,0.13896,0.0597296,0.047004,0.181506,0.244076,0.0919077,0.0713001,0.0337402,0.0307248,2.205,2.231,bj2018,112.79,151.461,dered,13.1388,0.001193,12.2025,0.000912,1,,ucac4,apassdr9,,0.573987629563816,0.624186110820704,97.8723621069072,-60.032331732879,0.014798704629535,0.020045530331055,1,0,565496476,5.481713562145641e+18,1.3871825
141943594,20190415,,,071-005392,06221241-7551508,,J062212.41-755150.8,5.26147512962979e+18,34632931,,STAR,tmgaia2,95.5517603653868,-75.8641261711707,tmgaia2,-3.88742,0.0327416,-2.78382,0.0382089,gaia2,1.1085,0.0185211,gaia2,287.005054916103,-28.0228369835184,261.737924876648,-80.5364530827385,13.36,0.063,12.882,0.057,,,,,,,,,,,11.976,0.022,11.791,0.025,11.718,0.026,AAA-222-111-000-0-0,,11.682,0.023,11.685,0.021,11.605,0.137,9.246,,12.8109,0.00024,12.4826,0.006,rered,gaia2,6740.0,132.497,4.16364,0.0848621,,,1.64587,0.0700427,1.44,0.239145,0.322978,0.0725544,DWARF,5.03648,0.2836305,879.256,14.428,0.0689857,0.01027098,155,0.06329475,,,0.0008277355,0.0116043,0.00893766,schlegel,0.203688,0.274602,0.0826864,0.057399,0.0617036,0.0834052,0.0834163,0.0863079,0.27802,0.289241,14.196,14.66,bj2018,160.107,104.887,dered,13.0501,0.001275,12.4233,0.001296,1,,ucac4,apassdr9,,0.643637058751575,0.592521574427859,95.5516918314789,-75.8641381570722,0.0165358214464337,0.0183310322204308,1,0,562838686,5.26147512962979e+18,1.0031134
150440362,20190415,30983,8894-01287-1,144-007517,06300903-6115552,,J063009.04-611555.8,5.478571845108453e+18,29874592,,STAR,tmgaia2,97.5376696000122,-61.2653531526295,tmgaia2,5.83461,0.0872868,-50.5146,0.0768479,gaia2,6.46342,0.0401367,gaia2,270.729392801022,-26.0730219802745,125.479941580074,-83.7622993499889,8.685,0.032,8.35,0.03,,,,,,,,,,,7.669,0.026,7.56,0.042,7.482,0.017,AAA-111-111-000-0-0,,7.398,0.034,7.477,0.02,7.465,0.017,7.394,0.08,8.26599,0.001405,8.0186,0.0062,rered,spect,7001.0,121.435,4.00296,0.0865186,,,2.04792,0.0860855,1.54,0.260805,0.179301,0.0404125,DWARF,9.0773735,0.439008,154.036,0.9595,0.022713,0.0101022748,103,0.00261068949,,,0.00689095072,0.0108668,0.00933775,schlegel,0.208632,0.312979,0.069802,0.102369,0.036826,0.0439991,0.0793785,0.0936587,0.404184,0.473832,0.954,0.965,bj2018,108.177,134.693,spect,8.45868,0.005708,7.98401,0.004113,1,,hipvmag,tycho2b3,,1.57277913768894,1.19178444899384,97.5377218538614,-61.265570646058,0.0359337504527641,0.0391131265888679,1,0,565495759,5.478571845108453e+18,1.0517458
394485004,20190415,,,152-212080,21172749-5942110,,J211727.53-594211.2,6.453130436017831e+18,29656780,,STAR,tmgaia2,319.364595838093,-59.703103333581,tmgaia2,20.7546,0.0523534,-15.2832,0.0466074,gaia2,2.42133,0.0283192,gaia2,335.633877685569,-41.3612028808718,300.69564225934,-41.4135726629109,13.421,0.023,12.758,0.08,,,,,,,,,,,11.609,0.024,11.331,0.027,11.221,0.023,AAA-222-111-000-0-0,,11.199,0.023,11.229,0.02,11.273,0.131,9.223,,12.6285,0.000191,12.1916,0.006,rered,gaia2,5869.0,127.128,4.4181,0.0756025,,,1.05351,0.049598,1.06,0.127233,0.906546,0.189659,DWARF,1.18639278,0.05054285,408.192,4.755,0.0315253,0.00973723,98,0.06960216,,,0.0005090733,0.00938286,0.0100916,schlegel,0.0861683,0.168297,0.0347573,0.0644387,0.158065,0.221253,0.0689707,0.0822344,0.0471279,0.0539578,4.7,4.81,bj2018,146.663,107.592,dered,12.9709,0.000898,12.1382,0.000739,1,,ucac4,apassdr9,,0.935876037707414,0.722757537506031,319.364772970845,-59.7031691363666,0.0219899638884742,0.0222589138479977,1,0,1713343958,6.453130436017831e+18,0.9921457
234338563,20190415,,9144-01294-1,108-002312,02293381-6834251,,J022933.86-683425.0,4.695285052879366e+18,32006232,,STAR,tmgaia2,37.3909633997198,-68.5736240131291,tmgaia2,16.7576,0.0518834,6.72931,0.0391296,gaia2,3.06853,0.0233162,gaia2,290.303076543294,-46.074287296266,330.120147045913,-70.4436125074627,12.214,0.239,11.597,0.016,,,,,,,,,,,10.488,0.023,10.268,0.027,10.172,0.019,AAA-222-111-000-0-0,,10.14,0.023,10.154,0.02,10.124,0.043,8.822,,11.3672,0.000242,11.0125,0.006,rered,spect,6627.5,114.926,4.46545,0.0907008,-0.52,0.12,1.1424,0.0465126,1.39,0.241644,0.932309,0.216469,DWARF,2.26845574,0.1118946,322.862,2.449,0.0200151,0.0104534253,53,0.00343968812,,,0.0016637583,0.00596835,0.0149385,schlegel,0.19154,0.291748,0.0482975,0.0447276,0.177767,0.255171,0.0877573,0.0936444,0.0971102,0.126679,2.43,2.468,bj2018,119.518,110.335,spect,11.6313,0.00153,10.9587,0.00076,1,,tycho2v3,tycho2b3,,0.973696349921031,0.606876321582683,37.3911609078511,-68.5735950398267,0.026703052981149,0.0211174150948532,1,0,518779357,4.695285052879366e+18,1.0214046
204448030,20190415,,,275-212249,21441696-3504149,,J214416.97-350415.1,6.591097704826776e+18,19612659,,STAR,tmgaia2,326.070698082475,-35.0708320627697,tmgaia2,5.57579,0.0435129,-17.6683,0.036515,gaia2,2.16874,0.0367724,gaia2,9.7165796589514,-49.5289394879479,316.355410610466,-20.2097941454098,14.43,0.039,13.537,0.069,,,,,,,,,,,11.909,0.023,11.469,0.026,11.347,0.023,AAA-222-111-000-0-0,,11.281,0.024,11.322,0.022,11.224,0.153,8.919,,13.3007,0.001368,12.7295,0.0062,rered,gaia2,5079.0,124.827,4.20926,0.0857024,,,1.19981,0.0743216,0.85,0.105833,0.492126,0.11978,DWARF,0.8630502,0.041536,455.196,7.6795,0.0293375,0.0101290951,69,0.0142197609,,,0.000279691361,0.00856249,0.0116957,schlegel,0.109261,0.102405,0.0718724,0.0767709,0.108026,0.131534,0.0724964,0.0989083,0.0356048,0.0474672,7.552,7.807,bj2018,120.634,129.021,dered,13.7837,0.004578,12.6717,0.003366,1,,ucac4,apassdr9,,0.707694308293083,0.5663011771675,326.07072741487,-35.0709081346211,0.0230585115421691,0.0189956035715096,1,0,1716566053,6.591097704826776e+18,0.9773545
201293014,20190415,,,157-000174,00121245-5842173,,J001212.50-584217.3,4.91817203281168e+18,27129854,,STAR,tmgaia2,3.05189657452689,-58.7048346223564,tmgaia2,37.8731,0.0347126,1.06912,0.0352305,gaia2,1.74128,0.0227803,gaia2,312.461145064736,-57.6917257295077,328.768823446677,-52.6544752734393,13.499,0.02,13.039,0.092,,,,,,,,,,,11.807,0.024,11.504,0.024,11.455,0.023,AAA-222-111-000-0-0,,11.411,0.023,11.443,0.02,11.397,0.148,9.152,0.468,12.8225,0.000239,12.4122,0.006,rered,spect,5771.49,121.32,4.19094,0.0764449,-0.48284,0.070691,1.3489,0.0680754,1.03,0.124493,0.419657,0.0897155,DWARF,1.81889665,0.07719565,564.971,7.327,0.011724,0.00943624,59,0.00599265471,,,0.000379523262,0.00966175,0.00921073,schlegel,0.128217,0.120769,0.0659171,0.0702337,0.069432,0.109999,0.0587583,0.0941315,0.105649,0.0487423,7.234,7.42,bj2018,119.44,123.199,spect,13.1331,0.001068,12.3528,0.000682,1,,ucac4,apassdr9,,0.617566314719156,0.546341750042352,3.05221049439567,-58.7048300195825,0.0183854058561154,0.0171423320110548,1,0,508155340,4.91817203281168e+18,1.0148433
389449937,20190415,,7967-00832-1,249-180200,20492555-4016122,,J204925.52-401612.2,6.678505958657933e+18,21998824,,STAR,tmgaia2,312.356457319382,-40.270066309984,tmgaia2,-28.0776,0.0656378,1.84398,0.0514209,gaia2,1.62219,0.0442,gaia2,1.61995192172356,-38.9838312795941,303.576311933903,-21.639851398733,13.623,0.418,12.418,0.045,,,,,,,,,,,11.41,0.022,11.156,0.025,11.076,0.025,AAA-222-111-000-0-0,,11.028,0.022,11.053,0.02,10.837,0.115,8.694,,12.4212,0.000137,11.9963,0.006,rered,gaia2,5970.0,132.417,4.03331,0.0789805,,,1.67138,0.0887939,1.1,0.134962,0.235597,0.0501635,DWARF,3.19698119,0.2175405,606.267,16.3845,0.0370333,0.0100047346,96,0.00388725568,,,0.000234877036,0.00818377,0.0118257,schlegel,0.134985,0.134939,0.0859191,0.0916688,0.0591691,0.041158,0.104376,0.053585,0.237329,0.197752,15.95,16.819,bj2018,151.003,113.83,dered,12.7523,0.000772,11.9431,0.000759,1,,tycho2v3,tycho2b3,,1.0842711511917,0.797422266002218,312.356298880725,-40.2700583707337,0.0378023768909869,0.0252010603449521,1,0,1708808518,6.678505958657933e+18,1.0356278
234336636,20190415,,,094-002776,02283956-7120496,,J022839.59-712049.5,4.645004420500747e+18,33531152,,STAR,tmgaia2,37.1648844363149,-71.3471225314265,tmgaia2,10.4186,0.0339932,3.98149,0.0355761,gaia2,1.21547,0.0198018,gaia2,292.432527942158,-43.745077963253,321.932894617238,-71.1108501708166,13.362,0.024,12.856,0.08,,,,,,,,,,,11.773,0.021,11.534,0.028,11.447,0.021,AAA-222-111-000-0-0,,11.447,0.023,11.488,0.021,11.576,0.142,9.333,,12.7251,0.000203,12.3348,0.006,rered,spect,6069.99,118.134,3.96281,0.0800802,0.00979051,0.0799651,1.83726,0.0875126,1.13,0.147448,0.182209,0.0403468,DWARF,4.128441,0.211243,803.663,12.887,0.0272777,0.0102682551,67,0.00680744275,,,0.000356788,0.00911351,0.011423,schlegel,0.134457,0.16044,0.0972221,0.077803,0.0436349,0.0370587,0.0921782,0.0679822,0.26182,0.160666,12.684,13.09,bj2018,118.087,118.181,spect,13.022,0.001129,12.2807,0.000805,1,,ucac4,apassdr9,,0.64888142740229,0.551711035174656,37.1650246899519,-71.347105388952,0.0190003783128629,0.0176215129965716,1,0,518777811,4.645004420500747e+18,1.3242047
238809739,20190415,,,133-184501,21473509-6332233,,J214735.12-633223.3,6.402754352286274e+18,31752656,,STAR,tmgaia2,326.896183470135,-63.5398442400815,tmgaia2,25.4722,0.0356131,4.65862,0.0476708,gaia2,5.31298,0.0341644,gaia2,328.974300394972,-43.1468923508502,302.790565449056,-46.4330896862653,13.835,0.017,12.808,0.08,,,,,,,,,,,11.174,0.027,10.69,0.023,10.543,0.019,AAA-222-111-000-0-0,,10.504,0.023,10.584,0.02,10.526,0.089,8.864,0.485,12.6016,0.000486,11.9964,0.006,rered,spect,5012.96,111.707,4.67446,0.0826871,0.115157,0.0726441,0.693975,0.0412689,0.83,0.0987312,2.4834,0.584136,DWARF,0.2740052,0.0105387149,187.21,1.2065,0.0185117,0.00953049,72,0.07383071,,,0.00114951259,0.00817128,0.0108897,schlegel,0.0720675,0.125395,0.0461749,0.0363628,0.503288,0.664984,0.0790429,0.0863314,0.00840633,0.0126711,1.199,1.214,bj2018,81.4084,142.005,spect,13.1286,0.001699,11.9403,0.001123,1,,ucac4,apassdr9,,0.64955093076882,0.739350426203743,326.89642960577,-63.539824182345,0.0185481017773892,0.0258782727572041,1,0,1716891702,6.402754352286274e+18,0.94723076
389448978,20190415,,,259-189116,20492913-3820218,,J204929.14-382021.9,6.777928301167817e+18,19573560,,STAR,tmgaia2,312.371387037674,-38.3394462871957,tmgaia2,7.73179,0.0408665,6.6644,0.029411,gaia2,1.73129,0.0294397,gaia2,4.09047493467433,-38.8088220063807,304.179714524619,-19.7935215443271,13.942,0.036,13.379,0.069,,,,,,,,,,,12.243,0.026,11.848,0.021,11.859,0.024,AAA-222-111-000-0-0,,11.831,0.024,11.84,0.023,11.817,0.306,9.033,,13.2405,0.000193,12.818,0.006,rered,gaia2,5998.0,135.637,4.42658,0.0803005,,,1.0676,0.0528769,1.11,0.143438,0.912225,0.20274,DWARF,1.32902932,0.06470875,568.327,9.584,0.0398327,0.00993113,113,0.03467209,,,0.000298077532,0.0113462,0.00851606,schlegel,0.136339,0.150536,0.0382749,0.0674789,0.181813,0.223666,0.0723127,0.0882884,0.062736,0.0666815,9.425,9.743,bj2018,128.931,142.342,dered,13.5649,0.000944,12.7604,0.000651,1,,ucac4,apassdr9,,0.670917712068409,0.456102557206625,312.371429480045,-38.3394175932588,0.0201065669580636,0.0145475056340324,1,0,1708807559,6.777928301167817e+18,1.0391605
150441741,20190415,,,146-007754,06305423-6058019,,J063054.23-605801.8,5.478590365007402e+18,29875077,,STAR,tmgaia2,97.7260052953504,-60.9672140165896,tmgaia2,-4.9097,0.0365367,6.42656,0.0404229,gaia2,1.06142,0.0199215,gaia2,270.419087732691,-25.9338029373735,124.927577932307,-83.4567096337929,13.226,0.033,12.828,0.08,,,,,,,,,,,11.817,0.023,11.602,0.025,11.52,0.023,AAA-222-111-000-0-0,,11.509,0.023,11.54,0.02,11.614,0.116,9.68,,12.6738,0.000199,12.3267,0.006,rered,gaia2,6555.0,131.3,4.01393,0.0875201,,,1.90037,0.0847035,1.36,0.224019,0.198165,0.0461711,DWARF,6.007029,0.361576,917.191,16.8865,0.05557,0.0103259645,125,0.0324123465,,,0.000719077769,0.0109961,0.00965583,schlegel,0.164266,0.283773,0.0907186,0.0786884,0.0376721,0.0546701,0.0660442,0.108996,0.321416,0.401736,16.581,17.192,bj2018,117.855,144.745,dered,12.9307,0.001804,12.27,0.001109,1,,ucac4,apassdr9,,0.65741227119548,0.626898324833067,97.7259617376544,-60.9671863466853,0.0184123214597665,0.0207461878185724,1,0,565497043,5.478590365007402e+18,1.1939832
53813418,20190415,,,321-230671,21485178-2555553,,J214851.79-255555.4,6.811328848781715e+18,13850808,,STAR,tmgaia2,327.215746720731,-25.9320765056701,tmgaia2,11.6213,0.0786198,-0.0935172,0.0644256,gaia2,1.51182,0.0564236,gaia2,23.8741984732128,-49.3728297464801,320.614264053693,-11.9770223528859,13.115,0.01,12.757,0.08,,,,,,,,,,,11.611,0.024,11.352,0.025,11.283,0.022,AAA-222-111-000-0-0,,11.278,0.022,11.321,0.022,11.174,0.156,8.779,,12.5048,0.00025,12.1368,0.0086,rered,gaia2,6325.0,123.553,4.17,0.0889774,,,1.52226,0.0827738,1.25,0.196968,0.354361,0.0884226,DWARF,3.341278,0.292441,649.986,24.052,0.0334785,0.00936153,53,0.0120082637,,,0.000226309247,0.00694316,0.0117799,panstarrs,0.18728,0.206656,0.0856608,0.0798869,0.0982633,0.0785818,0.103287,0.0746679,0.347518,0.237364,23.179,24.925,bj2018,146.681,100.426,dered,12.7752,0.001297,12.0765,0.00057,1,,ucac4,apassdr9,,1.25134806549466,0.999438077779713,327.215802358921,-25.9320769083242,0.0463228386040351,0.0409988090774335,1,0,1716974046,6.811328848781715e+18,1.0625036
271999376,20190415,,9188-00266-1,085-013863,07382035-7301480,,J073820.40-730147.8,5.263117525123724e+18,33651754,,STAR,tmgaia2,114.584871921444,-73.0300420577401,tmgaia2,8.11002,0.0356128,28.6443,0.0449777,gaia2,2.49611,0.0212039,gaia2,284.907826477172,-22.5407465704782,228.436826022374,-79.4537382271757,11.914,0.183,11.358,0.013,,,,,,,,,,,10.185,0.023,9.87,0.022,9.787,0.019,AAA-222-111-000-0-0,,9.739,0.023,9.759,0.02,9.702,0.035,9.18,,11.3591,0.000276,10.8943,0.006,rered,spect,5804.98,111.821,3.81584,0.0752295,-0.513492,0.0463164,2.08751,0.0929397,1.04,0.131987,0.114327,0.0231385,DWARF,4.458143,0.175231,396.062,3.3515,0.115871,0.01041457,161,0.0124264853,,,0.00158382917,0.00881074,0.0120184,schlegel,0.154857,0.109118,0.0826563,0.103223,0.0193286,0.0269483,0.0714174,0.0790416,0.13069,0.219772,3.323,3.38,bj2018,117.138,106.503,spect,11.7279,0.001707,10.8394,0.000977,1,,tycho2v3,tycho2b3,,0.687096115140079,0.697522362758343,114.584991557285,-73.029918728149,0.0194710904620979,0.0226552162659952,1,0,604803667,5.263117525123724e+18,0.7920687
389448564,20190415,,,263-196703,20493476-3728499,,J204934.79-372850.1,6.778039008245158e+18,19573685,,STAR,tmgaia2,312.394861358154,-37.4805452165967,tmgaia2,21.3882,0.0634282,-15.4363,0.0450019,gaia2,1.56216,0.0411901,gaia2,5.18742137519756,-38.7277515588314,304.457357140178,-18.9753149565797,13.344,0.019,12.654,0.057,,,,,,,,,,,11.426,0.024,11.101,0.027,11.025,0.023,AAA-222-111-000-0-0,,10.987,0.022,11.019,0.021,10.829,0.101,8.688,,12.4988,0.000133,12.0444,0.006,rered,spect,5837.4,123.267,3.97256,0.0803906,-0.19,0.1,1.75126,0.0979524,1.05,0.129299,0.195497,0.0440584,DWARF,3.208276,0.210697,629.084,16.439,0.034903,0.0104086,123,0.06956603,,,0.000206142984,0.0098769,0.0109403,schlegel,0.0929498,0.165648,0.0652618,0.130643,0.0498744,0.0382424,0.0922331,0.0685482,0.198614,0.22278,16.017,16.861,bj2018,159.459,87.0756,spect,12.8576,0.000674,11.9898,0.000654,1,,ucac4,apassdr9,,1.03866658214376,0.697899788792702,312.394977402412,-37.4806116784989,0.0319015285396418,0.0227328304351998,1,0,1708807145,6.778039008245158e+18,0.9517156
183802440,20190415,,,076-001301,01215185-7454172,,J012151.84-745417.2,4.637993384607343e+18,33510229,,STAR,tmgaia2,20.4661199841608,-74.9048059314157,tmgaia2,-5.00863,0.0401414,0.310522,0.0366586,gaia2,1.22597,0.0208481,gaia2,300.270408041112,-42.0658392594355,309.073525202427,-67.2268616361818,13.533,0.009,13.01,0.092,,,,,,,,,,,11.775,0.023,11.478,0.023,11.438,0.023,AAA-222-111-000-0-0,,11.373,0.022,11.406,0.021,11.393,0.129,9.428,,12.8014,0.000287,12.3787,0.006,rered,spect,6128.9,173.009,3.99458,0.0986765,-0.164055,0.0927376,1.79462,0.117548,1.16,0.161233,0.200697,0.0570281,DWARF,4.09421062,0.227184,796.975,13.3435,0.0594125,0.009992735,211,0.00585339824,,,0.000324924942,0.00870477,0.0112807,schlegel,0.136413,0.186053,0.0991583,0.135937,0.0449053,0.069151,0.100278,0.0970751,0.220099,0.234269,13.124,13.563,bj2018,143.258,202.76,spect,13.1249,0.001478,12.3198,0.00109,1,,ucac4,apassdr9,,0.784026611193567,0.568490028500024,20.4660371769914,-74.904804594461,0.0205912667506851,0.0178952595697324,1,0,515214147,4.637993384607343e+18,1.101535
204449839,20190415,,7487-01080-1,299-245546,21442376-3012081,,J214423.77-301208.2,6.593260753435484e+18,17372583,,STAR,tmgaia2,326.099039143322,-30.2022956841759,tmgaia2,12.7291,0.0910321,-2.61697,0.0681572,gaia2,3.31393,0.0709362,gaia2,17.167044726358,-49.1398963631313,318.155578718928,-15.6521822848481,10.447,0.074,10.194,0.006,,,,,,,,,,,9.602,0.023,9.507,0.025,9.468,0.021,AAA-222-111-000-0-0,,9.426,0.023,9.439,0.02,9.38,0.038,8.362,,10.1518,0.001065,9.92908,0.0066,rered,gaia2,7288.0,131.488,4.27069,0.0832065,,,1.55514,0.0666633,1.645,0.278322,0.437378,0.0957986,DWARF,6.147057,0.353771,299.357,6.409,0.0270298,0.00706943,66,0.0018299761,,,0.00104465778,0.00618138,0.00795748,panstarrs,0.191615,0.365029,0.068694,0.0646327,0.0739101,0.117687,0.0965865,0.0698266,0.341943,0.365599,6.274,6.544,bj2018,114.511,148.465,dered,10.3204,0.004053,9.88914,0.002234,1,,tycho2v3,tycho2b3,,1.46218843418507,1.05719904171921,326.099102557326,-30.202306951701,0.045964397526037,0.0401437914560185,1,0,1716567340,6.593260753435484e+18,1.0177225
150275595,20190415,,8898-00424-1,132-007879,06193195-6340285,,J061931.93-634028.4,5.476933675863596e+18,29867787,,STAR,tmgaia2,94.8831010727609,-63.6746005291799,tmgaia2,-2.83638,0.0764878,13.8004,0.0880744,gaia2,2.6122,0.0355629,gaia2,273.221218654374,-27.6107067508585,127.681820797036,-86.4594316786381,9.97,0.051,9.72,0.004,,,,,,,,,,,9.256,0.023,9.165,0.027,9.102,0.023,AAA-222-111-000-0-0,,9.078,0.023,9.102,0.02,9.066,0.023,9.055,0.287,9.6885,0.000499,9.5058,0.006,rered,spect,7269.38,114.321,3.86856,0.0836921,-0.437042,0.0457657,2.46704,0.0971759,1.64,0.277516,0.109224,0.023531,DWARF,15.3121414,0.7998285,378.707,5.14,0.0336666,0.01058408,166,0.00036253818,,,0.002795211,0.0114015,0.00976666,schlegel,0.193455,0.361576,0.0736638,0.120688,0.0182242,0.0288377,0.0590512,0.108333,0.72239,0.877267,5.072,5.208,bj2018,137.116,91.5254,spect,9.83515,0.002054,9.4727,0.001428,1,,tycho2v3,tycho2b3,,1.39591280590808,1.36573012320423,94.8830735348637,-63.6745411107934,0.0332423605987395,0.0396926940026677,1,0,561574281,5.476933675863596e+18,1.1302217
141940500,20190415,,,082-008643,06204752-7340362,,J062047.50-734036.1,5.264951373080759e+18,33615569,,STAR,tmgaia2,95.1980015967954,-73.6767457556543,tmgaia2,-5.05938,0.0294567,10.3917,0.0391747,gaia2,1.2812,0.0173831,gaia2,284.525445917654,-28.0961033092214,258.480644449575,-82.6743954828691,13.363,0.047,12.761,0.103,,,,,,,,,,,11.497,0.022,11.196,0.025,11.105,0.025,AAA-222-111-000-0-0,,11.068,0.024,11.1,0.021,11.013,0.067,9.359,,12.565,0.000162,12.1214,0.006,rered,spect,6179.2,127.472,3.91341,0.0857066,0.19,0.12,1.98732,0.0972061,1.18,0.164522,0.150341,0.0348391,DWARF,5.187529,0.2467775,763.337,10.206,0.101772,0.009566995,383,0.0433313362,,,0.0007528742,0.0107721,0.00836189,schlegel,0.161319,0.167726,0.112874,0.0815382,0.0263686,0.0433096,0.07173,0.0996832,0.260211,0.233344,10.072,10.34,bj2018,73.3207,181.624,spect,12.9119,0.000907,12.0649,0.000813,1,,ucac4,apassdr9,,0.570693996184297,0.60750414122615,95.1979240911609,-73.6767010136264,0.0153291636965973,0.0189712547107335,1,0,562191040,5.264951373080759e+18,1.0716624
204442281,20190415,,,289-214541,21424062-3216364,,J214240.63-321636.8,6.592419489602216e+18,17371587,,STAR,tmgaia2,325.669252818787,-32.2768236751774,tmgaia2,12.2656,0.0458032,-30.0381,0.036192,gaia2,1.91408,0.0377454,gaia2,13.9564710244228,-49.0122869838331,317.051860362449,-17.4741579690953,14.358,0.016,13.629,0.08,,,,,,,,,,,12.306,0.021,11.963,0.024,11.918,0.026,AAA-222-111-000-0-0,,11.865,0.023,11.9,0.023,12.136,0.34,8.952,,13.4431,0.000338,12.9604,0.006,rered,gaia2,5579.0,135.631,4.41168,0.0820998,,,1.02048,0.0582412,0.98,0.123226,0.922166,0.215264,DWARF,0.908932,0.04648745,514.91,10.0875,0.0311661,0.0103347246,68,0.00117560138,,,0.000284696784,0.00816625,0.0125032,schlegel,0.0994558,0.146997,0.0763558,0.0401266,0.190425,0.240102,0.0835484,0.0806513,0.0502879,0.042687,9.894,10.281,bj2018,142.501,128.761,dered,13.8339,0.001764,12.9087,0.000755,1,,ucac4,apassdr9,,0.739507777700768,0.561326653093136,325.669315280765,-32.2769530059022,0.0253099904477522,0.0198378148177048,1,0,1716347585,6.592419489602216e+18,1.0051143
139197302,20190415,,,230-191653,23020600-4404452,,J230206.02-440445.0,6.54031029637078e+18,22081669,,STAR,tmgaia2,345.525071807463,-44.0791864227034,tmgaia2,11.7709,0.0567897,0.0849423,0.0647072,gaia2,1.23697,0.0592825,gaia2,348.083352026046,-62.2719751553789,327.597955823952,-34.5289137538936,13.069,0.026,12.725,0.092,,,,,,,,,,,11.864,0.025,11.664,0.026,11.591,0.023,AAA-222-111-000-0-0,,11.593,0.023,11.613,0.022,11.696,0.17,9.268,,12.6,0.000286,12.2998,0.006,rered,gaia2,6656.0,137.824,4.20438,0.0987639,,,1.54848,0.0992313,1.4,0.24596,0.37706,0.102456,DWARF,4.239937,0.4508045,791.075,37.4295,0.00746698,0.010534185,48,0.06606465,,,0.000251426944,0.00730937,0.013759,schlegel,0.191325,0.300595,0.0928296,0.105633,0.0871758,0.117737,0.0897367,0.107791,0.443662,0.457947,35.696,39.163,bj2018,122.395,153.253,dered,12.811,0.001961,12.2417,0.000797,1,,ucac4,apassdr9,,0.950023012424682,1.00387229993918,345.525142355545,-44.0791860570013,0.0271430136457037,0.0427507135686185,1,0,1722801328,6.54031029637078e+18,1.1074346
350824257,20190415,,8528-00018-1,165-006968,05590019-5705448,,J055900.18-570545.1,4.767070483430239e+18,27275073,,STAR,tmgaia2,89.7507868614703,-57.0958049634494,tmgaia2,3.71895,0.0433862,-27.2133,0.0429439,gaia2,4.94666,0.0219563,gaia2,265.493084340595,-29.5041275071121,89.1768023576024,-80.534374216048,10.821,0.092,10.328,0.006,,,,,,,,,,,9.39,0.024,9.101,0.025,9.093,0.023,AAA-222-111-000-0-0,,9.02,0.023,9.055,0.02,9.02,0.024,8.809,0.27,10.1953,0.000317,9.8289,0.006,rered,spect,5830.4,117.294,4.03583,0.0730586,-0.1,0.1,1.62823,0.0760402,1.05,0.131041,0.243244,0.0497939,DWARF,2.760069,0.101731554,200.985,0.8935,0.0388903,0.0100474348,78,0.006038937,,,0.00447388971,0.00719887,0.012896,schlegel,0.116459,0.145624,0.0759965,0.0760839,0.0429684,0.0566193,0.0525746,0.0935425,0.115282,0.0881811,0.89,0.897,bj2018,97.5834,137.005,spect,10.4818,0.001205,9.78592,0.001379,1,,tycho2v3,tycho2b3,,0.765837589091631,0.666057038499402,89.750816336962,-57.0959221318288,0.0204097451600505,0.0238344827380756,1,0,555381920,4.767070483430239e+18,0.96589977
280910795,20190415,,9388-00159-1,056-004791,06473559-7849577,,J064735.58-784958.0,5.21151507361002e+18,34639650,,STAR,tmgaia2,101.898427606537,-78.8326456845764,tmgaia2,-13.6418,0.0364642,-49.673,0.0509202,gaia2,6.86305,0.0203749,gaia2,290.406441750794,-26.7591572418224,259.543563752234,-77.289595936783,10.247,0.05,9.75,0.003,,,,,,,,,,,8.687,0.027,8.462,0.036,8.365,0.021,AAA-111-111-000-0-0,,8.316,0.024,8.334,0.02,8.327,0.02,8.256,0.141,9.64245,0.000174,9.2611,0.006,rered,spect,6140.0,109.987,4.1166,0.0763974,-0.46,0.1,1.55941,0.0656532,1.16,0.153299,0.305897,0.0623076,DWARF,3.11379361,0.1291495,145.097,0.4325,0.14867,0.01003168,101,0.00234974921,,,0.00539283641,0.00926176,0.0108016,schlegel,0.140503,0.166096,0.06861,0.0626965,0.0593237,0.0652916,0.0663014,0.0864935,0.115684,0.142615,0.431,0.434,bj2018,118.393,101.58,spect,9.94391,0.001944,9.21178,0.001005,1,,tycho2v3,tycho2b3,,0.731830198593328,0.789596438209863,101.898124338652,-78.8328595545903,0.0185371470886179,0.0229411031141015,1,0,571930822,5.21151507361002e+18,0.8961102
139190591,20190415,,,213-203326,23011296-4734526,,J230112.97-473452.4,6.515471199125362e+18,24600386,,STAR,tmgaia2,345.304087255326,-47.5813084681988,tmgaia2,5.29171,0.0405177,27.0204,0.0629475,gaia2,3.35861,0.0463707,gaia2,342.005944431663,-60.326337259701,325.367689671267,-37.5351864085015,13.625,0.009,13.101,0.16,,,,,,,,,,,11.595,0.024,11.235,0.027,11.19,0.027,AAA-222-111-000-0-0,,11.129,0.023,11.165,0.02,11.193,0.175,8.452,,12.7749,0.00037,12.2978,0.006,rered,gaia2,5523.0,127.117,4.62787,0.0785138,,,0.791561,0.041804,0.97,0.117376,1.95577,0.421829,DWARF,0.5252469,0.0211727,295.277,4.0745,0.0086988,0.0101341754,50,0.0234243833,,,0.000714821566,0.00792865,0.0123397,schlegel,0.123515,0.111236,0.0410628,0.0425452,0.437501,0.406158,0.0871992,0.0698284,0.0200736,0.0222718,4.019,4.13,bj2018,141.12,113.113,dered,13.157,0.001392,12.2423,0.000727,1,,ucac4,apassdr9,,0.686634805287239,0.976182983514137,345.304121031887,-47.5811921303695,0.0199125583372524,0.031137740179705,1,0,1722799591,6.515471199125362e+18,0.9386288
234338331,20190415,,,112-002173,02295555-6737156,,J022955.57-673715.4,4.695409572571103e+18,32409326,,STAR,tmgaia2,37.481540459743,-67.6210035200954,tmgaia2,6.05522,0.0371321,13.6126,0.023494,gaia2,1.25605,0.0132224,gaia2,289.51835426316,-46.8594707302895,332.802154661276,-70.1421875801476,13.948,0.015,13.407,0.103,,,,,,,,,,,12.267,0.024,11.936,0.026,11.887,0.026,AAA-222-111-000-0-0,,11.861,0.023,11.895,0.022,12.003,0.209,9.356,,13.236,0.000586,12.8227,0.006,rered,gaia2,5966.0,133.885,4.1573,0.0805869,,,1.44244,0.069603,1.09,0.139268,0.363192,0.0805625,DWARF,2.37476945,0.09966575,778.216,8.068,0.0185856,0.009837015,74,0.0002566989,,,0.0003807057,0.0107596,0.00891443,schlegel,0.112422,0.166114,0.0757186,0.0634874,0.055874,0.105251,0.0917033,0.0694704,0.0804015,0.11893,7.986,8.15,bj2018,166.809,100.961,dered,13.5536,0.002472,12.7674,0.001863,1,,ucac4,apassdr9,,0.692867763544588,0.364324649234292,37.4816089360594,-67.6209449103047,0.015514214046667,0.011051216706329,1,0,518779125,4.695409572571103e+18,1.0819838
238171955,20190415,,,119-154030,23495628-6616066,,J234956.27-661606.7,6.389161571067832e+18,33074384,,STAR,tmgaia2,357.484458070954,-66.2685383583696,tmgaia2,-0.282745,0.0217791,-6.35606,0.0241993,gaia2,1.73483,0.0139829,gaia2,312.429719047762,-49.7102512006681,316.589765124193,-56.395240016963,14.088,0.031,13.545,0.069,,,,,,,,,,,12.361,0.023,12.039,0.026,12.008,0.023,AAA-222-111-000-0-0,,11.985,0.024,11.988,0.023,11.848,0.195,9.369,,13.3896,0.000221,12.9826,0.006,rered,gaia2,6010.0,129.54,4.51462,0.0800793,,,0.964686,0.0432663,1.11,0.151614,1.23642,0.265855,DWARF,1.09386659,0.04778375,566.985,4.5295,0.0191739,0.01052625,50,0.0007136139,,,0.0004672153,0.011916,0.0091365,schlegel,0.113093,0.190134,0.0475583,0.0389744,0.206762,0.324949,0.0603497,0.0998089,0.0492238,0.0463437,4.494,4.565,bj2018,111.376,147.705,dered,13.6971,0.000974,12.9234,0.001025,1,,ucac4,apassdr9,,0.403309711682086,0.375281806920439,357.48445504605,-66.2685657247393,0.0121065784534869,0.0120234835944944,1,0,1725727762,6.389161571067832e+18,1.0160953
280911753,20190415,,,046-004206,06493960-8052533,,J064939.63-805253.3,5.207542091422325e+18,35134392,,STAR,tmgaia2,102.414968683593,-80.8814977749089,tmgaia2,8.87027,0.0270501,4.18661,0.0360224,gaia2,1.65174,0.0176828,gaia2,292.702695238391,-26.8281241145881,262.262230792965,-75.3416596613501,13.876,0.043,13.179,0.046,,,,,,,,,,,11.788,0.023,11.463,0.022,11.397,0.024,AAA-222-111-000-0-0,,11.327,0.023,11.353,0.021,11.196,0.095,9.596,,13.0021,0.000428,12.5104,0.006,rered,gaia2,6136.0,133.894,4.20285,0.0845952,,,1.41202,0.0664975,1.16,0.15846,0.412038,0.095191,DWARF,2.54633951,0.1158465,595.046,6.309,0.176889,0.0101089152,135,0.09918919,,,0.0006696182,0.0111423,0.00907553,schlegel,0.161646,0.155274,0.082601,0.050394,0.096965,0.0934171,0.0928188,0.0763716,0.101383,0.13031,6.243,6.375,bj2018,97.6599,170.129,dered,13.3928,0.001069,12.4503,0.000952,1,,ucac4,apassdr9,,0.551084616261276,0.558642326175601,102.415209674147,-80.8814797493061,0.0143092162291704,0.018156344539771,1,0,572823742,5.207542091422325e+18,0.9423685
280913801,20190415,,,053-004791,06513873-7930138,,J065138.74-793014.2,5.211245761981109e+18,34640701,,STAR,tmgaia2,102.911233014607,-79.5038985156537,tmgaia2,11.5298,0.025345,-20.0935,0.0230445,gaia2,2.52932,0.0132743,gaia2,291.173599657257,-26.6287387080213,259.886951595177,-76.5962295425908,14.407,0.021,13.528,0.092,,,,,,,,,,,11.744,0.028,11.334,0.024,11.217,0.023,AAA-222-111-000-0-0,,11.157,0.023,11.202,0.02,10.938,0.072,8.802,0.269,13.2528,0.000189,12.6539,0.006,rered,gaia2,5704.0,129.864,4.41002,0.0788402,,,1.04309,0.0514422,1.02,0.13172,0.898731,0.193379,DWARF,1.03767085,0.036525,390.896,2.0435,0.238104,0.00993993,114,0.0320299156,,,0.0011724279,0.00943356,0.0104463,schlegel,0.123484,0.139956,0.0567201,0.0461643,0.170127,0.216631,0.0748808,0.0827995,0.0417487,0.0313013,2.033,2.054,bj2018,142.919,116.809,dered,13.7564,0.001392,12.6014,0.00105,1,,ucac4,apassdr9,,0.511137450730114,0.35743187602765,102.91150552144,-79.5039850294502,0.0128902407978128,0.0131540296328844,1,0,573718618,5.211245761981109e+18,1.265307
201291201,20190415,,8470-00173-1,161-000159,00110693-5752236,,J001106.95-575223.4,4.919207089866455e+18,27129463,,STAR,tmgaia2,2.77894332760485,-57.8732478653916,tmgaia2,5.5138,0.037557,15.8794,0.0360398,gaia2,3.78268,0.0275666,gaia2,313.177714348184,-58.4457153873336,329.473630077967,-51.9290120054573,12.514,0.339,12.001,0.023,,,,,,,,,,,10.814,0.022,10.523,0.021,10.451,0.023,AAA-222-111-000-0-0,,10.431,0.023,10.478,0.02,10.397,0.074,8.951,,11.8109,0.000232,11.3935,0.006,rered,gaia2,5893.0,127.084,4.51252,0.0772744,,,0.949435,0.0442211,1.07,0.139319,1.25023,0.266903,DWARF,0.979424,0.03864705,262.373,1.912,0.00762175,0.009855205,48,0.00195668265,,,0.0011605171,0.0112997,0.00841071,schlegel,0.0928752,0.185762,0.0305819,0.0578603,0.215422,0.318385,0.0785226,0.0760262,0.0464134,0.0308807,1.899,1.925,bj2018,116.243,137.924,dered,12.1353,0.000773,11.3412,0.000704,1,,tycho2v3,tycho2b3,,0.665485618453307,0.55896055633941,2.77898796889445,-57.8731794957601,0.0202629241050574,0.019597514578468,1,0,507941202,4.919207089866455e+18,0.95000607
204442083,20190415,,,292-219533,21423682-3140207,,J214236.83-314020.9,6.593003673873118e+18,17371560,,STAR,tmgaia2,325.653427380936,-31.672423320815,tmgaia2,4.16755,0.0498737,-16.5302,0.0388597,gaia2,1.76199,0.0273095,gaia2,14.8704495189534,-48.9376260993403,317.256177916028,-16.9019864765595,14.069,0.013,13.576,0.08,,,,,,,,,,,12.407,0.026,12.098,0.024,12.02,0.026,AAA-222-111-000-0-0,,11.953,0.023,11.973,0.022,12.114,0.352,8.684,,13.3755,0.000299,12.9758,0.006,rered,gaia2,6102.0,138.023,4.55366,0.0813845,,,0.93876,0.0451055,1.15,0.154938,1.39006,0.314084,DWARF,1.10076022,0.05878315,558.518,8.5855,0.0296125,0.010432,84,0.0202797856,,,0.000316337741,0.0104718,0.0103922,schlegel,0.164588,0.145288,0.0331286,0.0570824,0.226597,0.401571,0.0550721,0.107697,0.0726594,0.0449069,8.455,8.716,bj2018,139.696,136.35,dered,13.6749,0.001957,12.9152,0.000823,1,,ucac4,apassdr9,,0.804040508126587,0.602745204511323,325.653448464685,-31.672494492511,0.0283575134217512,0.0224934281241053,1,0,1716347387,6.593003673873118e+18,1.0653076
350820668,20190415,,8524-00646-1,175-007033,05575558-5507281,,J055755.58-550728.0,4.767678788238195e+18,27274276,,STAR,tmgaia2,89.4816189057115,-55.1244769900556,tmgaia2,-3.50167,0.0425374,9.77057,0.0541608,gaia2,2.52784,0.0222421,gaia2,263.222462432466,-29.4609690291475,88.505312705672,-78.5610688074213,12.119,0.245,11.448,0.017,,,,,,,,,,,10.594,0.024,10.395,0.024,10.32,0.021,AAA-222-111-000-0-0,,10.291,0.022,10.323,0.019,10.28,0.053,9.099,,11.4441,0.000257,11.0958,0.006,rered,gaia2,6548.0,132.768,4.25711,0.0848633,,,1.43102,0.0641608,1.35,0.221498,0.460675,0.104685,DWARF,3.39173865,0.1762195,391.145,3.429,0.0556864,0.009835655,86,0.08165425,,,0.00240855222,0.0109873,0.00868401,schlegel,0.169795,0.2732,0.0601834,0.0681382,0.0727996,0.13657,0.0534336,0.116293,0.2014,0.151039,3.4,3.458,bj2018,130.372,135.164,dered,11.7043,0.00136,11.0415,0.001222,1,,tycho2v3,tycho2b3,,0.744018157459977,0.839785990753735,89.4815925385293,-55.1244349223262,0.0204418834460697,0.022204067385778,1,0,555937148,4.767678788238195e+18,0.71256846
167794398,20190415,,8916-01515-1,129-009439,06572100-6420467,,J065720.98-642046.4,5.285449293476907e+18,29893879,,STAR,tmgaia2,104.337553697576,-64.3463181854306,tmgaia2,-11.7111,0.0478766,29.4241,0.0398183,gaia2,2.80191,0.0231876,gaia2,274.738080979597,-23.6468119120801,166.233014144804,-83.6628084166891,12.253,0.295,11.77,0.02,,,,,,,,,,,10.226,0.023,9.935,0.025,9.884,0.021,AAA-222-111-000-0-0,,9.821,0.023,9.876,0.02,9.819,0.032,9.276,,11.3208,0.000578,10.8559,0.006,rered,spect,5734.69,142.428,3.94152,0.0844775,0.442553,0.1,1.78884,0.106055,1.02,0.132486,0.178189,0.0428991,DWARF,3.118027,0.1220615,353.278,2.9155,0.0484988,0.00976877,130,0.0224627312,,,0.00202652533,0.00717294,0.0123646,schlegel,0.109374,0.155598,0.0848623,0.127248,0.0314508,0.0543474,0.0731678,0.0957872,0.087461,0.156662,2.892,2.939,bj2018,157.141,127.715,spect,11.6985,0.000848,10.8099,0.000597,1,,tycho2v3,tycho2b3,,0.876987447098548,0.617662530852136,104.33743722902,-64.3461914983805,0.0219631446327401,0.0243175696018923,1,0,576724664,5.285449293476907e+18,0.8325084
204449717,20190415,,7487-00596-1,298-244236,21441457-3033216,,J214414.57-303321.8,6.593216837394919e+18,17372494,,STAR,tmgaia2,326.060766354744,-30.5560308546377,tmgaia2,-0.245717,0.0850184,-18.7535,0.0554893,gaia2,2.23373,0.0636875,gaia2,16.6242995142508,-49.1532094434585,317.99721767261,-15.9731226413826,13.106,0.608,12.254,0.057,,,,,,,,,,,11.113,0.023,10.864,0.023,10.803,0.021,AAA-222-111-000-0-0,,10.774,0.022,10.814,0.021,11.041,0.144,8.912,,12.0691,0.00023,11.6749,0.0071,rered,gaia2,6112.0,126.028,4.24287,0.0854351,,,1.3426,0.071583,1.15,0.157568,0.475184,0.111424,DWARF,2.266308,0.157846,442.447,12.5745,0.0235629,0.005161435,64,0.08141159,,,0.000376876938,0.00423884,0.00608403,panstarrs,0.117532,0.197605,0.0593317,0.0838342,0.107712,0.115136,0.0867307,0.0841395,0.11913,0.196562,12.224,12.925,bj2018,94.3759,157.68,dered,12.369,0.001484,11.6203,0.000917,1,,ucac4,tycho2b3,,1.36681381089033,0.860713951026576,326.060765126189,-30.5561115988738,0.0452648053819264,0.0329205165596928,1,0,1716567244,6.593216837394919e+18,0.9823946
350432380,20190415,,,153-006188,05393972-5934047,,J053939.70-593404.3,4.759805082392224e+18,27261733,,STAR,tmgaia2,84.915491621788,-59.5679505108036,tmgaia2,-8.75897,0.0327109,25.711,0.0349603,gaia2,2.50959,0.0165751,gaia2,268.243384211266,-32.1438491468067,69.4768046224148,-82.6435256663075,13.878,0.085,13.04,0.114,,,,,,,,,,,11.805,0.027,11.445,0.024,11.337,0.024,AAA-222-111-000-0-0,,11.127,0.023,11.148,0.021,11.05,0.074,9.627,,12.8693,0.008592,12.3638,0.0105,rered,gaia2,5518.0,165.003,4.3679,0.0954084,,,1.06775,0.0710075,0.97,0.128216,0.796835,0.218918,DWARF,0.952263355,0.03507175,393.94,2.5915,0.0503832,0.010042185,80,0.01643733,,,0.00168560387,0.00900587,0.0110785,schlegel,0.143412,0.113019,0.0626146,0.0794005,0.224042,0.213793,0.115881,0.0749357,0.0321237,0.0380198,2.575,2.608,bj2018,177.754,152.251,dered,13.2902,0.027359,12.319,0.025086,1,,ucac4,apassdr9,,0.584383823414909,0.542199796050592,84.9154171676321,-59.5678398106849,0.0151569099339265,0.0184836395680422,1,0,548037812,4.759805082392224e+18,1.2481194
238174912,20190415,,9133-01204-1,119-154039,23505170-6618117,,J235051.70-661811.7,6.389158341252424e+18,31798461,,STAR,tmgaia2,357.715479435408,-66.3032677840013,tmgaia2,-0.652212,0.038262,5.02854,0.041146,gaia2,2.60467,0.0268618,gaia2,312.276341370768,-49.7115359054768,316.661421318231,-56.4861763834644,11.892,0.152,11.307,0.01,,,,,,,,,,,10.295,0.022,10.007,0.022,9.973,0.019,AAA-222-111-000-0-0,,9.924,0.022,9.962,0.02,9.9,0.042,9.058,0.442,11.231,0.000471,10.8533,0.006,rered,spect,6110.0,111.654,4.04454,0.0761219,-0.98,0.12,1.68699,0.0770352,1.15,0.148597,0.23953,0.0492915,DWARF,3.57343,0.167675,379.752,3.903,0.0191959,0.01046932,58,0.00703623658,,,0.00076352933,0.0157369,0.00520174,schlegel,0.138726,0.158468,0.0814397,0.0726307,0.0502964,0.0482866,0.0802845,0.0719594,0.195649,0.139701,3.864,3.942,bj2018,127.043,96.2646,spect,11.5195,0.001322,10.803,0.000827,1,,tycho2v3,tycho2b3,,0.708709508041192,0.638077565550086,357.715472448182,-66.303246133343,0.0221265600044727,0.0200333594118575,1,0,1725730719,6.389158341252424e+18,1.3528699
238175935,20190415,,,103-117511,23514372-6925381,,J235143.67-692539.0,6.386892282147614e+18,31997075,,STAR,tmgaia2,357.932283403933,-69.4272778837157,tmgaia2,-30.6724,0.0275215,-76.4512,0.0286911,gaia2,1.55218,0.0167799,gaia2,310.531739251487,-46.8100638749565,312.439728476397,-58.6415356068241,13.666,0.048,13.174,0.08,,,,,,,,,,,12.03,0.022,11.745,0.021,11.705,0.019,AAA-222-111-000-0-0,,11.683,0.022,11.723,0.021,11.824,0.195,9.116,,13.0094,0.000391,12.6273,0.006,rered,spect,6022.08,140.546,4.26472,0.0852177,-0.852627,0.0839075,1.29207,0.0685427,1.12,0.145259,0.519235,0.124766,DWARF,1.97810972,0.09096615,632.507,6.764,0.0285659,0.0101119149,50,0.005421087,,,0.000401835336,0.00993613,0.0102877,schlegel,0.151046,0.139471,0.0751477,0.0619377,0.108317,0.141215,0.0897302,0.0807052,0.107894,0.0740383,6.693,6.835,bj2018,151.955,129.137,spect,13.2914,0.001498,12.5659,0.001034,1,,ucac4,apassdr9,,0.519155643259126,0.44493332948199,357.931907583794,-69.4276070489019,0.0144897839295943,0.0140306902441331,1,0,1725731325,6.386892282147614e+18,0.96012247
260370732,20190415,,8534-01233-1,180-007923,06210375-5402180,,J062103.73-540217.7,5.499855607082598e+18,25183028,,STAR,tmgaia2,95.2656141032406,-54.0384038882531,tmgaia2,-10.9967,0.0402345,40.5902,0.0374313,gaia2,3.08903,0.0197754,gaia2,262.574194769143,-25.9855911525855,104.1007222988,-77.2198016496077,11.974,0.182,11.391,0.012,,,,,,,,,,,10.583,0.023,10.307,0.022,10.243,0.019,AAA-222-111-000-0-0,,10.215,0.023,10.253,0.02,10.227,0.045,9.393,,11.4735,0.00023,11.0924,0.006,rered,gaia2,6402.0,131.389,4.36156,0.0878606,,,1.23554,0.0533869,1.28,0.201348,0.678633,0.159551,DWARF,2.31032968,0.1042855,320.734,2.0495,0.0713088,0.01019572,120,0.0131888129,,,0.00251243915,0.0121287,0.00826274,schlegel,0.152984,0.249711,0.0366578,0.0701161,0.128771,0.19033,0.106613,0.0691082,0.106129,0.102442,2.037,2.062,bj2018,146.639,116.139,dered,11.7661,0.00137,11.0404,0.00056,1,,tycho2v3,tycho2b3,,0.700285036959989,0.580514076331039,95.265533477478,-54.0382291249175,0.0184978294178704,0.0195393075096693,1,0,562290358,5.499855607082598e+18,0.86507845
53812279,20190415,,,322-219969,21483518-2541421,,J214835.17-254142.2,6.811387466495367e+18,13850733,,STAR,tmgaia2,327.146590971768,-25.6950553167,tmgaia2,-7.43295,0.0713803,-6.36875,0.103718,gaia2,2.45507,0.028816,gaia2,24.2088812448484,-49.2612213544238,320.637202691934,-11.7329921140892,14.322,0.024,13.56,0.103,,,,,,,,,,,11.844,0.022,11.386,0.025,11.281,0.024,AAA-222-111-000-0-0,,11.265,0.024,11.331,0.022,10.858,0.132,8.601,,13.2065,0.000215,12.6344,0.0069,rered,gaia2,5094.0,125.853,4.27824,0.0858655,,,1.10821,0.070191,0.85,0.100769,0.624523,0.154932,DWARF,0.745036244,0.02856265,402.645,4.7075,0.0350485,0.0052199,66,0.00208970113,,,0.00029823443,0.00625035,0.00418945,panstarrs,0.100779,0.10076,0.0624136,0.0779683,0.139478,0.170385,0.0844841,0.087247,0.0330514,0.0240739,4.654,4.761,bj2018,147.259,104.446,dered,13.6928,0.001034,12.5795,0.00064,1,,ucac4,apassdr9,,1.13573579836019,1.60924306217471,327.146555456879,-25.6950827377115,0.0459895344896988,0.0720571406347055,1,0,1716973284,6.811387466495367e+18,0.9974675
150275504,20190415,,8898-00689-1,133-008201,06192687-6328424,,J061926.90-632841.9,5.47769058653949e+18,29867726,,STAR,tmgaia2,94.8619891774135,-63.4784512310824,tmgaia2,16.5385,0.0437867,42.3016,0.0532916,gaia2,2.3598,0.0250116,gaia2,272.999969426764,-27.5996487709217,125.89340242861,-86.2987670326385,13.129,0.517,12.476,0.036,,,,,,,,,,,11.39,0.023,11.122,0.025,11.062,0.023,AAA-222-111-000-0-0,,11.03,0.022,11.072,0.02,11.02,0.059,9.902,,12.4284,0.000171,12.0073,0.006,rered,spect,5811.06,113.83,4.27825,0.0751417,0.0265869,0.1,1.22582,0.059593,1.04,0.128779,0.56462,0.11683,DWARF,1.54371715,0.06554065,418.679,4.418,0.0416961,0.0101462854,179,0.06713394,,,0.00162632542,0.00885377,0.0114388,schlegel,0.143078,0.114479,0.0551241,0.0640618,0.103871,0.129789,0.0581868,0.0920966,0.0674499,0.0636314,4.373,4.463,bj2018,126.153,101.508,spect,12.7559,0.001566,11.9541,0.000354,1,,tycho2v3,tycho2b3,,0.79831482761004,0.826572976115948,94.8621486442625,-63.4782690992888,0.0209831131048836,0.0302353245912106,1,0,561574211,5.47769058653949e+18,1.0354823
150065945,20190415,,8901-01306-1,129-007464,06055868-6423487,,J060558.56-642348.1,5.47754345814217e+18,29858965,,STAR,tmgaia2,91.494428972938,-64.3968586267892,tmgaia2,-62.6273,0.0353723,48.6445,0.0378357,gaia2,9.2715,0.0192617,gaia2,273.914855695154,-29.1434785062766,106.675888783239,-87.7491637643241,11.735,0.138,10.899,0.01,,,,,,,,,,,9.639,0.021,9.224,0.025,9.182,0.025,AAA-222-111-000-0-0,,9.109,0.023,9.155,0.02,9.099,0.023,9.115,0.232,10.7891,0.000336,10.3012,0.006,rered,gaia2,5482.0,131.067,4.68493,0.0804842,,,0.737399,0.0399598,0.96,0.123626,2.39422,0.544489,DWARF,0.442440957,0.014041,107.522,0.2245,0.0147984,0.009790165,445,0.010957866,,,0.0104946494,0.00886273,0.0107176,schlegel,0.103371,0.143881,0.0416648,0.0382548,0.448353,0.640625,0.0781369,0.0828314,0.0165904,0.0114916,0.224,0.225,bj2018,106.849,155.285,dered,11.1907,0.001055,10.2538,0.000939,1,,tycho2v3,tycho2b3,,0.64815619344037,0.58678409193666,91.4938049892321,-64.3966491865162,0.0177099862279471,0.0196987010665228,1,0,557488370,5.47754345814217e+18,1.0023956
234335195,20190415,,8864-00307-1,116-002169,02273173-6655089,,J022731.80-665509.0,4.696243552140772e+18,32409043,,STAR,tmgaia2,36.8822291942064,-66.9191623883821,tmgaia2,28.6754,0.0391377,-3.07802,0.0385446,gaia2,4.0522,0.0225279,gaia2,289.247744349226,-47.5752988022685,334.425696164681,-69.6574765247721,11.6,0.127,10.981,0.009,,,,,,,,,,,9.859,0.024,9.559,0.027,9.468,0.023,AAA-222-111-000-0-0,,9.41,0.023,9.457,0.02,9.387,0.031,8.898,0.313,10.8215,0.000276,10.3954,0.006,rered,gaia2,5895.0,131.742,4.16191,0.0760189,,,1.42158,0.0677814,1.07,0.134171,0.372451,0.0778278,DWARF,2.19873714,0.0818619,245.037,1.363,0.0212408,0.01011486,52,0.00763426954,,,0.00176536571,0.00748432,0.0127454,schlegel,0.0939573,0.174384,0.058808,0.0767548,0.0508577,0.104798,0.0473918,0.104646,0.0885512,0.0751726,1.355,1.371,bj2018,144.104,119.379,dered,11.1603,0.000982,10.3488,0.000632,1,,tycho2v3,tycho2b3,,0.727443978069094,0.597731556115088,36.882544128517,-66.9191756412805,0.0210397803888012,0.0186254189234649,1,0,518585806,4.696243552140772e+18,0.92380273
139198590,20190415,,,224-188562,23023008-4522116,,J230230.13-452211.4,6.540141491272923e+18,24600880,,STAR,tmgaia2,345.625445105553,-45.3698948458901,tmgaia2,19.016,0.0525236,11.9561,0.0704402,gaia2,1.98452,0.0602254,gaia2,345.620761736339,-61.6947070434805,326.931683973083,-35.7010930873518,12.513,0.008,12.158,0.114,,,,,,,,,,,11.24,0.023,11.05,0.025,11.037,0.026,AAA-222-111-000-0-0,,10.96,0.023,10.977,0.021,10.908,0.134,8.382,,12.0272,0.000276,11.7196,0.006,rered,gaia2,6610.0,131.37,4.35951,0.0900638,,,1.28593,0.0644472,1.38,0.226029,0.648972,0.156675,DWARF,2.84404254,0.210039,497.164,15.013,0.00828744,0.009790605,27,0.004946443,,,0.000480643241,0.00946461,0.0101166,schlegel,0.172635,0.279422,0.0668447,0.0620498,0.141287,0.172063,0.0767405,0.103387,0.181172,0.238906,14.568,15.458,bj2018,151.612,111.128,dered,12.2422,0.00223,11.659,0.001155,1,,ucac4,apassdr9,,0.882694377714055,1.09278196950538,345.625561648314,-45.3698433682962,0.0236744303228743,0.0457684518249062,1,0,1722802616,6.540141491272923e+18,1.1533456
271999243,20190415,,,086-013650,07380564-7251427,,J073805.61-725142.2,5.263122438566312e+18,33651579,,STAR,tmgaia2,114.52352135914,-72.8618481272193,tmgaia2,-15.1846,0.033915,33.1625,0.0395541,gaia2,2.04949,0.0183999,gaia2,284.72958407573,-22.5019701569567,227.641645851921,-79.5409400052114,13.097,0.027,12.453,0.057,,,,,,,,,,,11.199,0.027,10.925,0.026,10.853,0.026,AAA-222-111-000-0-0,,10.812,0.023,10.843,0.02,10.759,0.051,9.279,,12.3241,0.000166,11.8738,0.006,rered,spect,5822.38,132.112,4.0358,0.0811225,0.089505,0.1,1.62828,0.0893567,1.05,0.130903,0.243223,0.0551127,DWARF,2.74507165,0.113297552,481.168,4.292,0.122059,0.0103971045,193,0.0493265577,,,0.00118503522,0.0108081,0.00998611,schlegel,0.119001,0.142806,0.113024,0.0656894,0.0480606,0.0621649,0.0783735,0.0838716,0.0993881,0.127207,4.254,4.33,bj2018,96.0122,168.212,spect,12.6772,0.001309,11.8168,0.000841,1,,ucac4,apassdr9,,0.653577612184818,0.613420413808535,114.523299495189,-72.8617053443584,0.0165748767697306,0.0201750820551383,1,0,604803535,5.263122438566312e+18,1.0531836
204448460,20190415,,,282-216874,21435979-3346000,,J214359.80-334600.2,6.591465938142742e+18,17372344,,STAR,tmgaia2,325.9991350278,-33.7666680407741,tmgaia2,15.7958,0.0444775,-28.2376,0.0352436,gaia2,1.64171,0.0281599,gaia2,11.7165250684196,-49.4058764822215,316.781484837275,-18.9675367028394,13.88,0.017,13.333,0.08,,,,,,,,,,,12.199,0.023,11.868,0.023,11.848,0.025,AAA-222-111-000-0-0,,11.789,0.023,11.834,0.021,11.395,0.187,8.701,,13.1682,0.000492,12.7576,0.006,rered,gaia2,6027.0,128.667,4.3774,0.0838106,,,1.13487,0.0562814,1.12,0.150278,0.766275,0.175077,DWARF,1.531046,0.0837729,598.762,10.175,0.0284557,0.010560195,72,0.00652804272,,,0.000299818028,0.0121078,0.00901259,schlegel,0.110683,0.189873,0.0627176,0.0498452,0.15009,0.200065,0.092457,0.0751643,0.0657948,0.101751,10.005,10.345,bj2018,107.357,149.977,dered,13.4821,0.001502,12.7013,0.000853,1,,ucac4,apassdr9,,0.720920719201739,0.546610139311892,325.999216838267,-33.766789619352,0.0259248929270562,0.0191153010158292,1,0,1716461935,6.591465938142742e+18,0.9678205
260371958,20190415,,,170-007940,06220497-5609450,,J062204.97-560944.9,5.496213607959229e+18,27294058,,STAR,tmgaia2,95.5207334680512,-56.1625004193399,tmgaia2,-4.31607,0.0435569,2.15378,0.0433454,gaia2,1.79014,0.0204849,gaia2,264.928989448934,-26.2349112657706,106.739292875563,-79.2805306364282,13.329,0.035,12.825,0.103,,,,,,,,,,,11.703,0.023,11.469,0.027,11.392,0.021,AAA-222-111-000-0-0,,11.363,0.022,11.397,0.02,11.45,0.098,9.545,,12.6742,0.000184,12.2772,0.006,rered,gaia2,6200.0,136.421,4.31025,0.0820602,,,1.26381,0.0601005,1.19,0.169756,0.589526,0.132954,DWARF,2.12629771,0.1050494,549.779,6.239,0.0482792,0.0104590654,101,0.0316994153,,,0.001369024,0.0142586,0.00665953,schlegel,0.146606,0.192905,0.0703035,0.0498975,0.086027,0.179881,0.0602464,0.103874,0.0982478,0.111851,6.169,6.309,bj2018,144.995,127.848,dered,12.9771,0.000971,12.2221,0.000687,1,,ucac4,apassdr9,,0.765448342194519,0.672212096422597,95.5207000956275,-56.1624911461249,0.0190217941672178,0.0219478557761941,1,0,562922405,5.496213607959229e+18,1.0773991
238176475,20190415,,9342-01188-1,093-080732,23515769-7126592,,J235157.75-712659.2,6.386213677314661e+18,34542101,,STAR,tmgaia2,357.990473938932,-71.4497819926669,tmgaia2,20.922,0.0383167,-4.06036,0.0342332,gaia2,2.08027,0.0191669,gaia2,309.550749329889,-44.9062969896966,309.3797391913,-59.9257919653407,12.281,0.288,11.936,0.02,,,,,,,,,,,10.961,0.026,10.757,0.022,10.73,0.023,AAA-222-111-000-0-0,,10.681,0.023,10.718,0.02,10.627,0.072,9.14,,11.7531,0.000186,11.4268,0.006,rered,gaia2,6582.0,133.798,4.25697,0.0856834,,,1.44181,0.0608467,1.37,0.225792,0.457085,0.104298,DWARF,3.515137,0.170307,474.147,4.342,0.029923,0.01036855,77,0.00424013147,,,0.0006926939,0.0106314,0.0101057,schlegel,0.145156,0.306428,0.0638116,0.0578819,0.0681506,0.140446,0.0742256,0.0971411,0.129758,0.210856,4.303,4.381,bj2018,118.803,148.793,dered,11.9925,0.001566,11.3729,0.000589,1,,tycho2v3,tycho2b3,,0.731811580736587,0.530915508912446,357.990757091152,-71.4497994749834,0.0188741136247069,0.0178724332591191,1,0,1725731617,6.386213677314661e+18,0.9476523
53811495,20190415,,6959-00812-1,310-264056,21483411-2802277,,J214834.12-280227.6,6.810094445116617e+18,14724370,,STAR,tmgaia2,327.14216670533,-28.0409864611522,tmgaia2,18.392,0.069425,-12.3947,0.058748,gaia2,1.86756,0.0459199,gaia2,20.6646059301422,-49.712046382966,319.808704937836,-13.9354821485306,12.792,0.446,12.234,0.031,,,,,,,,,,,11.513,0.025,11.246,0.022,11.195,0.023,AAA-222-111-000-0-0,,11.166,0.023,11.192,0.021,11.302,0.152,9.3,,12.4125,0.000204,12.0442,0.0074,rered,spect,6098.3,114.954,4.20926,0.078988,-0.434337,0.072792,1.39558,0.0683216,1.15,0.149923,0.423094,0.0921188,DWARF,2.42681837,0.1454077,527.673,12.8915,0.0364959,0.006260145,62,0.00345770875,,,0.000277273,0.00460597,0.00791432,panstarrs,0.131493,0.168353,0.0435161,0.0931271,0.0906893,0.0935483,0.0824141,0.0755619,0.0936194,0.197196,12.582,13.201,bj2018,141.339,88.5684,spect,12.685,0.001809,11.9856,0.000769,1,,tycho2v3,tycho2b3,,1.10982813016223,0.911317140775539,327.142256425185,-28.0410398272512,0.0393711923311988,0.0362973585168902,1,0,1716972500,6.810094445116617e+18,0.9631959
53814011,20190415,,,312-256698,21490204-2746052,,J214902.04-274605.3,6.810107703680044e+18,14724485,,STAR,tmgaia2,327.25850425615,-27.768114398573,tmgaia2,9.45,0.0568312,-14.8096,0.0570145,gaia2,1.20261,0.0367942,gaia2,21.1079944882439,-49.7660775693383,320.004870927673,-13.7146983963983,13.304,0.04,12.79,0.08,,,,,,,,,,,11.51,0.024,11.203,0.023,11.154,0.023,AAA-222-111-000-0-0,,11.046,0.023,11.128,0.02,11.034,0.146,8.169,,12.5478,0.00022,12.1179,0.0069,rered,spect,5806.67,128.844,3.76767,0.0857181,-0.221649,0.0819437,2.20656,0.132256,1.04,0.136706,0.0968024,0.023785,DWARF,4.98694658,0.351307,812.614,24.4985,0.0238843,0.00506574,86,0.00797901,,,0.000133281661,0.0048154,0.00531608,panstarrs,0.101977,0.171435,0.162149,0.102364,0.0191704,0.0283996,0.0830803,0.0883559,0.278986,0.423628,23.774,25.223,bj2018,134.916,122.772,spect,12.8788,0.001269,12.0599,0.000673,1,,ucac4,apassdr9,,0.907963394067912,0.884438791347413,327.25855023902,-27.7681781621367,0.0321273198960369,0.035532265302262,1,0,1717071963,6.810107703680044e+18,1.0234904
167798273,20190415,,8912-01895-1,141-008892,06585583-6152394,,J065855.82-615239.3,5.287036743454325e+18,29895163,,STAR,tmgaia2,104.732623406335,-61.8776236763111,tmgaia2,-6.51336,0.0438173,7.87924,0.0488651,gaia2,2.14607,0.0214531,gaia2,272.18474077056,-22.857437156724,150.642413833523,-82.0949161291029,12.53,0.377,11.925,0.08,,,,,,,,,,,10.687,0.024,10.444,0.025,10.357,0.025,AAA-222-111-000-0-0,,10.332,0.022,10.365,0.021,10.3,0.045,9.024,0.321,11.7029,0.000193,11.2993,0.006,rered,spect,6138.73,101.525,4.01286,0.0764386,0.015797,0.1,1.75725,0.0732965,1.16,0.156433,0.213775,0.0436395,DWARF,3.95071554,0.1887835,459.814,4.57,0.0803965,0.01008126,132,0.009744373,,,0.0015597787,0.00952452,0.010638,schlegel,0.137172,0.175694,0.0666126,0.0799804,0.0362053,0.0510736,0.0637229,0.0891543,0.204241,0.173326,4.525,4.615,bj2018,93.1286,109.921,spect,12.0117,0.001259,11.2428,0.000777,1,,ucac4,tycho2b3,,0.792059359428607,0.757732254576443,104.732563910725,-61.8775897518182,0.0189565966627144,0.0221291799124451,1,0,577772881,5.287036743454325e+18,0.95317805
53813263,20190415,,,323-222263,21490758-2527143,,J214907.58-252714.4,6.812895790290198e+18,13850889,,STAR,tmgaia2,327.281578006532,-25.4539861994319,tmgaia2,10.5855,0.0408248,-15.5632,0.0392407,gaia2,1.60915,0.0279434,gaia2,24.6104184389834,-49.327276351433,320.838087821006,-11.5479832737216,14.019,0.024,13.478,0.103,,,,,,,,,,,12.079,0.022,11.734,0.025,11.676,0.025,AAA-222-111-000-0-0,,11.649,0.024,11.708,0.022,11.871,,8.702,,13.188,0.000224,12.7293,0.0083,rered,gaia2,5751.0,125.794,4.2355,0.0749201,,,1.28145,0.0621909,1.03,0.124429,0.489479,0.102712,DWARF,1.618343,0.07750225,610.654,10.5015,0.0370222,0.009037295,70,0.018462481,,,0.000234445339,0.011332,0.00674259,panstarrs,0.119238,0.12962,0.0454663,0.0789156,0.119846,0.0855781,0.0869045,0.0629357,0.0752587,0.0797458,10.324,10.679,bj2018,156.151,95.4365,dered,13.5473,0.000859,12.6707,0.000658,1,,ucac4,apassdr9,,0.649120033761121,0.608797448872481,327.281628482673,-25.4540532076633,0.0226984705683198,0.0262596051363706,1,0,1717071471,6.812895790290198e+18,0.9966543
53812862,20190415,,,330-205756,21490124-2401077,,J214901.24-240107.6,6.813321129491449e+18,12427106,,STAR,tmgaia2,327.255147658495,-24.0188043298073,tmgaia2,7.79196,0.109319,7.54681,0.0861237,gaia2,1.22858,0.0898813,gaia2,26.734666531471,-48.967074835443,321.313072290587,-10.1905052625691,13.453,0.019,12.973,0.114,,,,,,,,,,,11.957,0.021,11.735,0.023,11.656,0.023,AAA-222-111-000-0-0,,11.653,0.025,11.653,0.022,11.441,0.207,8.405,,12.8408,0.000385,12.4878,0.0103,rered,gaia2,6453.0,135.975,4.1731,0.107448,,,1.55281,0.130251,1.31,0.204222,0.34988,0.109498,DWARF,3.766832,0.5781415,798.906,59.016,0.0405376,0.0122516248,58,0.003729038,,,0.000183636948,0.00883675,0.0156665,panstarrs,0.186912,0.221532,0.101277,0.159226,0.0977391,0.121256,0.112361,0.102535,0.423986,0.732297,54.764,63.268,bj2018,143.859,128.092,dered,13.0955,0.002153,12.425,0.000834,1,,ucac4,apassdr9,,1.73384157206688,1.33587608052963,327.255184387506,-24.018771836602,0.0716675958854455,0.0506020869152291,1,0,1717071219,6.813321129491449e+18,0.98612183
201291900,20190415,,,178-000198,00111173-5430082,,J001111.72-543008.3,4.923730686862207e+18,25162098,,STAR,tmgaia2,2.79891087315818,-54.502290058534,tmgaia2,-8.10794,0.02044,-1.60675,0.0206473,gaia2,2.03826,0.0165748,gaia2,315.266947412083,-61.6517110497253,332.818540969612,-49.3089858831034,13.92,0.066,13.27,0.057,,,,,,,,,,,12.091,0.021,11.781,0.024,11.758,0.024,AAA-222-111-000-0-0,,11.707,0.024,11.747,0.022,11.85,0.227,9.094,,13.1486,0.00026,12.7194,0.006,rered,gaia2,5838.0,134.421,4.48488,0.0778129,,,0.970929,0.0490704,1.05,0.128805,1.14717,0.248951,DWARF,0.986565232,0.04080985,483.765,3.908,0.0127729,0.0106174,37,7.03759943e-05,,,0.000523544557,0.0138334,0.0074014,schlegel,0.132963,0.124646,0.0420106,0.0561302,0.301797,0.196105,0.0859068,0.0697189,0.0438766,0.0377431,3.877,3.939,bj2018,163.419,105.423,dered,13.4788,0.001005,12.6611,0.000674,1,,ucac4,apassdr9,,0.356546620470344,0.320207147058649,2.79885075439653,-54.5022969765003,0.0110689451983235,0.0105546164552333,1,0,507941901,4.923730686862207e+18,1.004833
238178243,20190415,,,119-154086,23540767-6622440,,J235407.67-662243.9,6.389165930459316e+18,33074955,,STAR,tmgaia2,358.531929132411,-66.3789144025533,tmgaia2,5.87976,0.0406961,17.471,0.0401377,gaia2,2.70933,0.0223729,gaia2,311.760558020525,-49.7554359693439,316.973648908177,-56.7752647247537,13.14,0.017,12.498,0.046,,,,,,,,,,,11.282,0.022,10.937,0.021,10.895,0.02,AAA-222-111-000-0-0,,10.883,0.022,10.919,0.02,10.834,0.083,9.41,,12.3507,0.000181,11.9098,0.006,rered,gaia2,5789.0,134.355,4.38311,0.0769159,,,1.08641,0.0538492,1.04,0.130821,0.811061,0.169273,DWARF,1.19425082,0.04586895,365.22,3.007,0.0189949,0.01023115,68,0.03840733,,,0.000723685836,0.010247,0.0102153,schlegel,0.130848,0.130795,0.0415698,0.0661286,0.16924,0.169307,0.0768667,0.076965,0.0481096,0.0436283,2.982,3.032,bj2018,139.154,129.556,dered,12.6998,0.00065,11.8588,0.000878,1,,ucac4,apassdr9,,0.753987780342023,0.622447163265796,358.531992313102,-66.3788391802044,0.0188265173413447,0.0197312343180414,1,0,1725950301,6.389165930459316e+18,1.0070869
201294673,20190415,,,178-000232,00132411-5430284,,J001324.13-543028.5,4.923745049232803e+18,25162181,,STAR,tmgaia2,3.35045219998346,-54.5078834051791,tmgaia2,28.2384,0.0325704,-8.05591,0.0346075,gaia2,4.73691,0.0242266,gaia2,314.622988536006,-61.7485793295305,333.203123002568,-49.5089127576229,13.873,0.064,12.926,0.057,,,,,,,,,,,11.272,0.022,10.774,0.024,10.688,0.019,AAA-222-111-000-0-0,,10.63,0.023,10.656,0.02,10.583,0.08,8.624,,12.7155,0.00048,12.1276,0.006,rered,gaia2,4937.0,129.236,4.58414,0.0881366,,,0.760686,0.0501256,0.81,0.0967731,1.84022,0.47647,DWARF,0.309711725,0.01156789,209.832,1.0745,0.0112263,0.0101089552,39,0.0162071269,,,0.000971533,0.0105599,0.00965801,schlegel,0.0902891,0.103257,0.0492894,0.0509618,0.425463,0.527477,0.0822115,0.0940617,0.0141493,0.00898648,1.069,1.08,bj2018,158.263,100.21,dered,13.2213,0.002503,12.0702,0.001324,1,,ucac4,apassdr9,,0.56813476499289,0.536679570278509,3.35066161076423,-54.5079180905283,0.016856849198665,0.0168097558061678,1,0,508156839,4.923745049232803e+18,1.1498566
176935940,20190415,,,109-012766,06420091-6823594,,J064200.90-682359.3,5.279308555397637e+18,32019013,,STAR,tmgaia2,100.503790426197,-68.3998357415686,tmgaia2,-0.573336,0.0431565,11.7178,0.0422219,gaia2,1.34842,0.0210183,gaia2,278.788380154787,-25.9399590129627,209.360054768457,-85.5838469368029,13.273,0.03,12.751,0.046,,,,,,,,,,,11.674,0.024,11.434,0.022,11.366,0.019,AAA-222-111-000-0-0,,11.355,0.023,11.395,0.02,11.523,0.095,9.735,,12.634,0.000223,12.2517,0.006,rered,spect,5874.09,125.09,3.9016,0.0771255,-0.0978189,0.1,1.90935,0.0993392,1.06,0.13062,0.152282,0.0333996,DWARF,3.91045976,0.197868,726.123,11.167,0.049823,0.009828735,179,0.0282919053,,,0.0007333818,0.0124524,0.00720507,schlegel,0.139926,0.121315,0.0949744,0.103704,0.0198931,0.0469062,0.0870639,0.0671872,0.221307,0.174429,10.998,11.336,bj2018,117.554,132.626,spect,12.9202,0.001768,12.1934,0.000927,1,,ucac4,apassdr9,,0.809027628799803,0.654878768202519,100.503783720553,-68.3997852899299,0.0200791742682135,0.0239834802759334,1,0,570035243,5.279308555397637e+18,0.9647164
53814675,20190415,,,301-272589,21493308-2955310,,J214933.07-295531.2,6.617245770665961e+18,14724597,,STAR,tmgaia2,327.387835887184,-29.925311290831,tmgaia2,3.32045,0.0472292,-12.8443,0.0347496,gaia2,2.42093,0.0318107,gaia2,17.8192792400343,-50.2088784587821,319.342349418211,-15.7776782992957,14.02,0.025,13.355,0.069,,,,,,,,,,,11.98,0.021,11.609,0.022,11.549,0.023,AAA-222-111-000-0-0,,11.483,0.023,11.509,0.022,11.288,0.173,8.386,,13.12,0.000571,12.6376,0.0081,rered,gaia2,5575.0,126.25,4.48424,0.0776516,,,0.938704,0.0475478,0.98,0.122674,1.18479,0.266398,DWARF,0.766887844,0.0311123,408.276,5.344,0.0298016,0.008354515,64,0.008536452,,,0.0003950385,0.00607193,0.0106371,panstarrs,0.131472,0.113876,0.0500829,0.0450126,0.278726,0.254069,0.0813508,0.0739525,0.0325836,0.029641,5.275,5.413,bj2018,98.8523,153.648,dered,13.5055,0.002368,12.5807,0.001868,1,,ucac4,apassdr9,,0.75817756881754,0.53907538255699,327.387852382823,-29.9253665926797,0.0256209000307008,0.0221823435535011,1,0,1717072406,6.617245770665961e+18,0.9627767
53811299,20190415,,,307-271907,21482533-2839022,,J214825.33-283902.2,6.809641235872254e+18,14724322,,STAR,tmgaia2,327.105583407989,-28.6506356747253,tmgaia2,-0.668775,0.0393771,5.30156,0.0329603,gaia2,1.65296,0.028282,gaia2,19.7257921794677,-49.7806532848246,319.560785862782,-14.4966882751907,13.84,0.01,13.233,0.137,,,,,,,,,,,12.066,0.025,11.765,0.022,11.721,0.025,AAA-222-111-000-0-0,,11.696,0.023,11.743,0.022,11.906,0.294,8.761,0.419,13.0693,0.00037,12.6445,0.0072,rered,spect,5906.96,115.508,4.28851,0.0765622,0.218686,0.0750103,1.22877,0.0611533,1.07,0.133817,0.576732,0.127896,DWARF,1.65611494,0.08236575,594.749,10.0825,0.0269697,0.005536895,89,0.00618496956,,,0.000260323053,0.00692792,0.00414587,panstarrs,0.143396,0.124239,0.0708221,0.0514844,0.103135,0.152657,0.0663065,0.0868179,0.0988842,0.0658473,9.914,10.251,bj2018,105.632,125.385,spect,13.3983,0.001626,12.5893,0.001025,1,,ucac4,apassdr9,,0.630250309037248,0.511260283018209,327.10558012679,-28.650612848564,0.0200341485045188,0.0195946774976502,1,0,1716972304,6.809641235872254e+18,1.1431937
201290429,20190415,,8470-00344-1,159-000158,00102959-5816355,,J001029.66-581635.7,4.918427669265725e+18,27129210,,STAR,tmgaia2,2.62332122320119,-58.2765678869368,tmgaia2,46.4547,0.0468393,-16.3785,0.0392142,gaia2,6.49158,0.0264769,gaia2,313.098439082424,-58.0362057314984,328.947629669784,-52.1836359053378,12.735,0.27,11.544,0.029,,,,,,,,,,,10.308,0.022,9.88,0.022,9.792,0.021,AAA-222-111-000-0-0,,9.738,0.022,9.83,0.02,9.75,0.052,9.055,,11.6223,0.000318,11.068,0.006,rered,gaia2,5088.0,130.396,4.51187,0.0885042,,,0.846854,0.0524623,0.85,0.10651,1.39957,0.350803,DWARF,0.433012277,0.01464305,153.365,0.6275,0.00622031,0.01041804,54,0.00018220942,,,0.00174012256,0.0117698,0.00906628,schlegel,0.0871717,0.125849,0.0433844,0.0615402,0.28579,0.415815,0.0965357,0.0804727,0.0142067,0.0150794,0.625,0.63,bj2018,134.934,125.859,dered,12.0969,0.001628,11.0188,0.000907,1,,tycho2v3,tycho2b3,,0.831484370701214,0.608100762278954,2.62370160709721,-58.2766384060438,0.0217352312012346,0.0184733083186326,1,0,507940430,4.918427669265725e+18,0.84727347
260372940,20190415,,8546-01410-1,159-007530,06213978-5818314,,J062139.78-581831.0,5.494996006206579e+18,27293702,,STAR,tmgaia2,95.4158012042652,-58.3087231232546,tmgaia2,-0.491808,0.0459239,31.4319,0.0471621,gaia2,4.61684,0.026061,gaia2,267.281283083244,-26.6515983713103,109.326860648076,-81.3836006919474,11.967,0.201,11.471,0.014,,,,,,,,,,,10.447,0.024,10.117,0.021,10.091,0.023,AAA-222-111-000-0-0,,10.021,0.023,10.055,0.02,9.986,0.04,9.159,0.385,11.4305,0.000326,11.0014,0.006,rered,gaia2,5953.0,127.256,4.52484,0.0773704,,,0.944774,0.0435302,1.09,0.142427,1.29254,0.269222,DWARF,1.00993681,0.038164,215.257,1.217,0.0391357,0.0102012251,105,0.0227839034,,,0.00482330471,0.00984715,0.0105553,schlegel,0.135601,0.149253,0.0455683,0.041492,0.282906,0.255539,0.0924153,0.0623256,0.0291869,0.0471411,1.21,1.224,bj2018,112.592,141.92,dered,11.7696,0.001091,10.9523,0.001019,1,,tycho2v3,tycho2b3,,0.81539035035353,0.731520237203986,95.4157971735457,-58.3085877914619,0.0224050843121512,0.0272490216608576,1,0,562292131,5.494996006206579e+18,0.7370244
139198561,20190415,,,223-193163,23024706-4530501,,J230247.08-453050.2,6.539717522164818e+18,24601014,,STAR,tmgaia2,345.696122452386,-45.5139447968433,tmgaia2,20.9613,0.0561642,-7.91245,0.0727824,gaia2,1.41954,0.0637188,gaia2,345.306616665799,-61.6631106524667,326.901129732308,-35.8514094661603,13.175,0.016,12.707,0.092,,,,,,,,,,,11.713,0.023,11.491,0.024,11.456,0.025,AAA-222-111-000-0-0,,11.402,0.023,11.444,0.02,11.346,0.203,8.795,,12.5938,0.000248,12.2419,0.006,rered,gaia2,6325.0,132.787,4.17848,0.0939538,,,1.50746,0.0934774,1.25,0.185725,0.364896,0.0961016,DWARF,3.27665782,0.333466,691.482,30.744,0.00899755,0.00994142,42,0.00481165433,,,0.000275447,0.0116656,0.00821724,schlegel,0.15833,0.213121,0.0895101,0.0974447,0.0837332,0.10847,0.0797585,0.108149,0.358368,0.308564,29.405,32.083,bj2018,151.678,113.896,dered,12.8468,0.002246,12.1802,0.000889,1,,ucac4,apassdr9,,0.944346255259838,1.12909672931702,345.696251245665,-45.513978864409,0.0242575618054865,0.0467808163090528,1,0,1722802587,6.539717522164818e+18,1.0513928
340008069,20190415,,,153-011099,07314012-5926142,,J073140.12-592614.0,5.293541870857675e+18,27372690,,STAR,tmgaia2,112.917181611045,-59.4372923774255,tmgaia2,-3.46432,0.0603161,12.6921,0.0444398,gaia2,1.26187,0.0218625,gaia2,271.111054795506,-18.2765299948986,156.235289645465,-77.5054219921682,12.946,0.032,12.575,0.08,,,,,,,,,,,11.526,0.026,11.342,0.024,11.258,0.023,AAA-222-111-000-0-0,,11.196,0.023,11.211,0.021,11.304,0.08,9.257,,12.4242,0.000179,12.0911,0.0061,rered,spect,7191.81,118.575,4.13254,0.0877386,-0.522603,0.1,1.80374,0.0784724,1.61,0.27156,0.274349,0.062517,DWARF,7.8414464,0.4616745,774.889,13.2295,0.201468,0.01027843,170,0.0513649359,,,0.0007686586,0.00658906,0.0139678,schlegel,0.186483,0.356637,0.0833437,0.073601,0.0601826,0.0648514,0.0736321,0.101845,0.461708,0.461641,13.008,13.451,bj2018,72.7034,164.446,spect,12.6761,0.001269,12.0247,0.00084,1,,ucac4,apassdr9,,1.0767242229734,0.689130122629342,112.917152276969,-59.4372377308867,0.0224682115929988,0.0207750857885584,1,0,598945411,5.293541870857675e+18,1.2159891
139190506,20190415,,,211-191401,23004572-4750300,,J230045.73-475030.0,6.515460371510358e+18,24600198,,STAR,tmgaia2,345.190543213015,-47.8416637631905,tmgaia2,8.66515,0.0520216,-7.36668,0.104365,gaia2,1.84891,0.0550487,gaia2,341.656195801246,-60.117888512627,325.123689852488,-37.7256605046978,13.185,0.012,12.66,0.137,,,,,,,,,,,11.405,0.022,11.136,0.023,11.066,0.021,AAA-222-111-000-0-0,,11.041,0.023,11.08,0.022,11.106,0.146,9.022,,12.4332,0.000221,12.0035,0.006,rered,gaia2,5815.0,124.255,4.11242,0.0798784,,,1.4908,0.0820101,1.05,0.134295,0.316908,0.0704019,DWARF,2.28944778,0.15253,533.024,15.7725,0.00801214,0.0103674252,43,0.000348908448,,,0.000327776419,0.00733015,0.0134047,schlegel,0.122081,0.14651,0.0747367,0.0892834,0.0563157,0.0844881,0.073756,0.0860007,0.126194,0.178866,15.314,16.231,bj2018,81.1469,167.363,dered,12.7687,0.001223,11.9501,0.000865,1,,ucac4,apassdr9,,0.882453860759275,1.61832613673783,345.190598798982,-47.8416954808542,0.0249285630828391,0.0465155623694444,1,0,1722799506,6.515460371510358e+18,0.9929223
280914216,20190415,,9388-00124-1,049-004379,06503369-8018420,,J065033.71-801841.9,5.207775943801473e+18,35118402,,STAR,tmgaia2,102.640336951847,-80.3116473265503,tmgaia2,6.95671,0.0402134,-5.8566,0.0397001,gaia2,1.01704,0.0242494,gaia2,292.069479190058,-26.7471026585559,261.327663235829,-75.8632945083045,12.636,0.344,12.134,0.024,,,,,,,,,,,11.159,0.024,10.94,0.024,10.86,0.021,AAA-222-111-000-0-0,,10.784,0.023,10.793,0.02,10.714,0.058,9.528,0.5,12.06,0.000607,11.7506,0.006,rered,gaia2,7546.0,132.789,3.90842,0.0801075,,,2.43412,0.0993318,1.75,0.292893,0.121342,0.0249059,DWARF,17.3079987,1.09342849,956.245,22.3455,0.21021,0.009685765,136,0.0507592335,,,0.000485152326,0.00918203,0.0101895,schlegel,0.230733,0.355053,0.0782975,0.120366,0.0253757,0.0244361,0.0919222,0.0682928,1.38119,0.805667,21.833,22.858,bj2018,136.385,129.193,dered,12.2911,0.001755,11.6798,0.002248,1,,tycho2v3,tycho2b3,,0.815797004172377,0.615834461433928,102.640514934375,-80.3116725425128,0.0206857898927116,0.0243834739570395,1,0,573718969,5.207775943801473e+18,1.0104852
201290843,20190415,,8470-01031-1,152-000183,00104449-5946132,,J001044.52-594612.9,4.906046038761208e+18,27129317,,STAR,tmgaia2,2.68534823986381,-59.770342178649,tmgaia2,32.9409,0.0390432,18.5569,0.0367298,gaia2,3.47078,0.0249711,gaia2,312.23326694074,-56.616935603,327.366347161766,-53.3311545841337,12.494,0.334,12.083,0.024,,,,,,,,,,,10.726,0.024,10.379,0.024,10.337,0.023,AAA-222-111-000-0-0,,10.292,0.023,10.332,0.02,10.302,0.06,9.232,0.483,11.7416,0.000232,11.3114,0.006,rered,gaia2,5825.0,127.79,4.37676,0.0775197,,,1.09963,0.0531206,1.05,0.132316,0.789677,0.166414,DWARF,1.25421345,0.04751035,285.754,2.054,0.0112379,0.01007705,35,0.0117951762,,,0.00102938712,0.0102157,0.0099384,schlegel,0.111656,0.152975,0.0359809,0.0702603,0.188422,0.144406,0.0857755,0.0692639,0.0400976,0.0549231,2.04,2.068,bj2018,131.75,123.83,dered,12.0779,0.000854,11.2581,0.000815,1,,tycho2v3,tycho2b3,,0.698264031113023,0.569635380481476,2.68562994413735,-59.7702622811857,0.0198029514918661,0.0191944579153911,1,0,507940844,4.906046038761208e+18,1.0000976
53815155,20190415,,,310-264097,21493382-2806163,,J214933.84-280616.5,6.810079803572823e+18,14724602,,STAR,tmgaia2,327.390931858418,-28.1045754579426,tmgaia2,24.7963,0.0635464,-6.31872,0.0525102,gaia2,2.7434,0.0447068,gaia2,20.6250885202206,-49.9391433427311,319.998447640583,-14.0708655883364,13.834,0.013,13.135,0.092,,,,,,,,,,,11.773,0.025,11.396,0.023,11.341,0.023,AAA-222-111-000-0-0,,11.297,0.023,11.356,0.022,11.352,0.184,8.63,,12.9378,0.000353,12.4514,0.0071,rered,spect,5514.75,122.501,4.49154,0.0791979,-0.0135214,0.0780583,0.926087,0.0501709,0.97,0.12316,1.22128,0.269776,DWARF,0.714664,0.03083465,360.841,5.867,0.0310571,0.005561655,68,0.08023993,,,0.000415593327,0.0069921,0.00413121,panstarrs,0.132623,0.113698,0.0579688,0.0423729,0.306946,0.232607,0.0875208,0.070875,0.0332144,0.0284549,5.773,5.961,bj2018,128.305,116.697,spect,13.3285,0.001222,12.3955,0.001143,1,,ucac4,apassdr9,,1.01591851315609,0.814546565911877,327.39105289135,-28.1046026635959,0.0338566552406127,0.0322445777336616,1,0,1717072886,6.810079803572823e+18,1.0910033
238809487,20190415,,,129-172659,21472766-6422364,,J214727.66-642236.8,6.402142680224543e+18,31752603,,STAR,tmgaia2,326.865315247106,-64.3767674767664,tmgaia2,-8.04888,0.021514,-40.7183,0.0257252,gaia2,2.64285,0.0195118,gaia2,327.983909529314,-42.7286487189627,302.178328982987,-47.1576283347604,14.34,0.034,13.539,0.149,,,,,,,,,,,11.938,0.03,11.426,0.023,11.379,0.024,AAA-222-111-000-0-0,,11.302,0.022,11.361,0.021,11.28,0.196,8.725,,13.2899,0.000322,12.7277,0.006,rered,spect,5242.24,135.898,4.46567,0.0896529,-0.450228,0.0768696,0.919005,0.058701,0.9,0.111686,1.15955,0.296923,DWARF,0.5746434,0.02305345,374.304,2.7545,0.0306153,0.010110395,93,0.0164719354,,,0.0005508471,0.00808509,0.0121357,schlegel,0.111683,0.11169,0.0635181,0.0538839,0.274917,0.31893,0.0972392,0.0820666,0.0273615,0.0187454,2.735,2.774,bj2018,123.052,148.744,spect,13.7612,0.001765,12.6687,0.001108,1,,ucac4,apassdr9,,0.394173669912694,0.399016241489188,326.865235111163,-64.3769427916925,0.0106734404852962,0.0148288530843627,1,0,1716891480,6.402142680224543e+18,1.0843443
201294963,20190415,,,172-000209,00132822-5544079,,J001328.22-554408.0,4.922636294834735e+18,27130353,,STAR,tmgaia2,3.36757181938086,-55.7355512994549,tmgaia2,15.1582,0.0352522,-2.9105,0.0340607,gaia2,0.860879,0.0256096,gaia2,313.827990576134,-60.5822537332435,332.035280657552,-50.4803594356653,13.333,0.038,13.007,0.103,,,,,,,,,,,12.341,0.024,12.217,0.027,12.166,0.027,AAA-222-111-000-0-0,,12.146,0.024,12.143,0.022,11.938,0.235,8.512,,12.9494,0.001775,12.7162,0.0063,rered,gaia2,7143.0,136.773,4.20904,0.0873936,,,1.64139,0.079638,1.59,0.278538,0.35955,0.0845938,DWARF,6.318919,0.487579,1123.61,32.57,0.0124739,0.01041834,62,0.0597893856,,,0.000239527755,0.00946568,0.011371,schlegel,0.206653,0.350422,0.102356,0.0569201,0.0688015,0.100386,0.0873771,0.0874102,0.433398,0.54176,31.64,33.5,bj2018,125.355,148.19,dered,13.1086,0.007024,12.6607,0.003924,1,,ucac4,apassdr9,,0.618341287316428,0.528221623334578,3.36768773931764,-55.735563830829,0.0176321630378144,0.0172204024196427,1,0,508157129,4.922636294834735e+18,0.99364436
